date,World,Australia,Poland
2020-01-05,0.0,0.0,0.0
2020-01-06,0.0,0.0,0.0
2020-01-07,0.0,0.0,0.0
2020-01-08,0.0,0.0,0.0
2020-01-09,0.0,0.0,0.0
2020-01-10,0.0,0.0,0.0
2020-01-11,0.0,0.0,0.0
2020-01-12,0.006,0.0,0.0
2020-01-13,0.006,0.0,0.0
2020-01-14,0.006,0.0,0.0
2020-01-15,0.006,0.0,0.0
2020-01-16,0.006,0.0,0.0
2020-01-17,0.006,0.0,0.0
2020-01-18,0.006,0.0,0.0
2020-01-19,0.017,0.0,0.0
2020-01-20,0.017,0.0,0.0
2020-01-21,0.017,0.0,0.0
2020-01-22,0.017,0.0,0.0
2020-01-23,0.017,0.0,0.0
2020-01-24,0.017,0.0,0.0
2020-01-25,0.017,0.0,0.0
2020-01-26,0.254,0.153,0.0
2020-01-27,0.254,0.153,0.0
2020-01-28,0.254,0.153,0.0
2020-01-29,0.254,0.153,0.0
2020-01-30,0.254,0.153,0.0
2020-01-31,0.254,0.153,0.0
2020-02-01,0.254,0.153,0.0
2020-02-02,1.824,0.458,0.0
2020-02-03,1.824,0.458,0.0
2020-02-04,1.824,0.458,0.0
2020-02-05,1.824,0.458,0.0
2020-02-06,1.824,0.458,0.0
2020-02-07,1.824,0.458,0.0
2020-02-08,1.824,0.458,0.0
2020-02-09,4.701,0.572,0.0
2020-02-10,4.701,0.572,0.0
2020-02-11,4.701,0.572,0.0
2020-02-12,4.701,0.572,0.0
2020-02-13,4.701,0.572,0.0
2020-02-14,4.701,0.572,0.0
2020-02-15,4.701,0.572,0.0
2020-02-16,8.637,0.572,0.0
2020-02-17,8.637,0.572,0.0
2020-02-18,8.637,0.572,0.0
2020-02-19,8.637,0.572,0.0
2020-02-20,8.637,0.572,0.0
2020-02-21,8.637,0.572,0.0
2020-02-22,8.637,0.572,0.0
2020-02-23,9.794,0.84,0.0
2020-02-24,9.794,0.84,0.0
2020-02-25,9.794,0.84,0.0
2020-02-26,9.794,0.84,0.0
2020-02-27,9.794,0.84,0.0
2020-02-28,9.794,0.84,0.0
2020-02-29,9.794,0.84,0.0
2020-03-01,10.829,0.954,0.0
2020-03-02,10.829,0.954,0.0
2020-03-03,10.829,0.954,0.0
2020-03-04,10.829,0.954,0.0
2020-03-05,10.829,0.954,0.0
2020-03-06,10.829,0.954,0.0
2020-03-07,10.829,0.954,0.0
2020-03-08,13.358,2.672,0.156
2020-03-09,13.358,2.672,0.156
2020-03-10,13.358,2.672,0.156
2020-03-11,13.358,2.672,0.156
2020-03-12,13.358,2.672,0.156
2020-03-13,13.358,2.672,0.156
2020-03-14,13.358,2.672,0.156
2020-03-15,20.922,9.503,2.683
2020-03-16,20.922,9.503,2.683
2020-03-17,20.922,9.503,2.683
2020-03-18,20.922,9.503,2.683
2020-03-19,20.922,9.503,2.683
2020-03-20,20.922,9.503,2.683
2020-03-21,20.922,9.503,2.683
2020-03-22,42.366,41.258,13.911
2020-03-23,42.366,41.258,13.911
2020-03-24,42.366,41.258,13.911
2020-03-25,42.366,41.258,13.911
2020-03-26,42.366,41.258,13.911
2020-03-27,42.366,41.258,13.911
2020-03-28,42.366,41.258,13.911
2020-03-29,86.36,145.376,42.672
2020-03-30,86.36,145.376,42.672
2020-03-31,86.36,145.376,42.672
2020-04-01,86.36,145.376,42.672
2020-04-02,86.36,145.376,42.672
2020-04-03,86.36,145.376,42.672
2020-04-04,86.36,145.376,42.672
2020-04-05,144.721,215.068,94.488
2020-04-06,144.721,215.068,94.488
2020-04-07,144.721,215.068,94.488
2020-04-08,144.721,215.068,94.488
2020-04-09,144.721,215.068,94.488
2020-04-10,144.721,215.068,94.488
2020-04-11,144.721,215.068,94.488
2020-04-12,210.354,240.029,165.556
2020-04-13,210.354,240.029,165.556
2020-04-14,210.354,240.029,165.556
2020-04-15,210.354,240.029,165.556
2020-04-16,210.354,240.029,165.556
2020-04-17,210.354,240.029,165.556
2020-04-18,210.354,240.029,165.556
2020-04-19,273.815,251.365,227.741
2020-04-20,273.815,251.365,227.741
2020-04-21,273.815,251.365,227.741
2020-04-22,273.815,251.365,227.741
2020-04-23,273.815,251.365,227.741
2020-04-24,273.815,251.365,227.741
2020-04-25,273.815,251.365,227.741
2020-04-26,341.44,255.83,293.677
2020-04-27,341.44,255.83,293.677
2020-04-28,341.44,255.83,293.677
2020-04-29,341.44,255.83,293.677
2020-04-30,341.44,255.83,293.677
2020-05-01,341.44,255.83,293.677
2020-05-02,341.44,255.83,293.677
2020-05-03,409.736,258.883,348.437
2020-05-04,409.736,258.883,348.437
2020-05-05,409.736,258.883,348.437
2020-05-06,409.736,258.883,348.437
2020-05-07,409.736,258.883,348.437
2020-05-08,409.736,258.883,348.437
2020-05-09,409.736,258.883,348.437
2020-05-10,482.526,264.456,407.73
2020-05-11,482.526,264.456,407.73
2020-05-12,482.526,264.456,407.73
2020-05-13,482.526,264.456,407.73
2020-05-14,482.526,264.456,407.73
2020-05-15,482.526,264.456,407.73
2020-05-16,482.526,264.456,407.73
2020-05-17,558.952,268.54,475.619
2020-05-18,558.952,268.54,475.619
2020-05-19,558.952,268.54,475.619
2020-05-20,558.952,268.54,475.619
2020-05-21,558.952,268.54,475.619
2020-05-22,558.952,268.54,475.619
2020-05-23,558.952,268.54,475.619
2020-05-24,646.155,271.211,545.281
2020-05-25,646.155,271.211,545.281
2020-05-26,646.155,271.211,545.281
2020-05-27,646.155,271.211,545.281
2020-05-28,646.155,271.211,545.281
2020-05-29,646.155,271.211,545.281
2020-05-30,646.155,271.211,545.281
2020-05-31,737.403,274.226,614.056
2020-06-01,737.403,274.226,614.056
2020-06-02,737.403,274.226,614.056
2020-06-03,737.403,274.226,614.056
2020-06-04,737.403,274.226,614.056
2020-06-05,737.403,274.226,614.056
2020-06-06,737.403,274.226,614.056
2020-06-07,843.128,276.898,676.97
2020-06-08,843.128,276.898,676.97
2020-06-09,843.128,276.898,676.97
2020-06-10,843.128,276.898,676.97
2020-06-11,843.128,276.898,676.97
2020-06-12,843.128,276.898,676.97
2020-06-13,843.128,276.898,676.97
2020-06-14,956.111,278.692,755.932
2020-06-15,956.111,278.692,755.932
2020-06-16,956.111,278.692,755.932
2020-06-17,956.111,278.692,755.932
2020-06-18,956.111,278.692,755.932
2020-06-19,956.111,278.692,755.932
2020-06-20,956.111,278.692,755.932
2020-06-21,1085.211,283.806,823.744
2020-06-22,1085.211,283.806,823.744
2020-06-23,1085.211,283.806,823.744
2020-06-24,1085.211,283.806,823.744
2020-06-25,1085.211,283.806,823.744
2020-06-26,1085.211,283.806,823.744
2020-06-27,1085.211,283.806,823.744
2020-06-28,1230.17,291.63,878.295
2020-06-29,1230.17,291.63,878.295
2020-06-30,1230.17,291.63,878.295
2020-07-01,1230.17,291.63,878.295
2020-07-02,1230.17,291.63,878.295
2020-07-03,1230.17,291.63,878.295
2020-07-04,1230.17,291.63,878.295
2020-07-05,1396.475,319.148,930.528
2020-07-06,1396.475,319.148,930.528
2020-07-07,1396.475,319.148,930.528
2020-07-08,1396.475,319.148,930.528
2020-07-09,1396.475,319.148,930.528
2020-07-10,1396.475,319.148,930.528
2020-07-11,1396.475,319.148,930.528
2020-07-12,1575.346,364.605,977.473
2020-07-13,1575.346,364.605,977.473
2020-07-14,1575.346,364.605,977.473
2020-07-15,1575.346,364.605,977.473
2020-07-16,1575.346,364.605,977.473
2020-07-17,1575.346,364.605,977.473
2020-07-18,1575.346,364.605,977.473
2020-07-19,1772.381,436.663,1035.437
2020-07-20,1772.381,436.663,1035.437
2020-07-21,1772.381,436.663,1035.437
2020-07-22,1772.381,436.663,1035.437
2020-07-23,1772.381,436.663,1035.437
2020-07-24,1772.381,436.663,1035.437
2020-07-25,1772.381,436.663,1035.437
2020-07-26,1990.533,532.423,1110.36
2020-07-27,1990.533,532.423,1110.36
2020-07-28,1990.533,532.423,1110.36
2020-07-29,1990.533,532.423,1110.36
2020-07-30,1990.533,532.423,1110.36
2020-07-31,1990.533,532.423,1110.36
2020-08-01,1990.533,532.423,1110.36
2020-08-02,2220.746,659.593,1207.376
2020-08-03,2220.746,659.593,1207.376
2020-08-04,2220.746,659.593,1207.376
2020-08-05,2220.746,659.593,1207.376
2020-08-06,2220.746,659.593,1207.376
2020-08-07,2220.746,659.593,1207.376
2020-08-08,2220.746,659.593,1207.376
2020-08-09,2450.889,789.97,1332.969
2020-08-10,2450.889,789.97,1332.969
2020-08-11,2450.889,789.97,1332.969
2020-08-12,2450.889,789.97,1332.969
2020-08-13,2450.889,789.97,1332.969
2020-08-14,2450.889,789.97,1332.969
2020-08-15,2450.889,789.97,1332.969
2020-08-16,2686.866,879.165,1461.22
2020-08-17,2686.866,879.165,1461.22
2020-08-18,2686.866,879.165,1461.22
2020-08-19,2686.866,879.165,1461.22
2020-08-20,2686.866,879.165,1461.22
2020-08-21,2686.866,879.165,1461.22
2020-08-22,2686.866,879.165,1461.22
2020-08-23,2915.112,938.972,1593.847
2020-08-24,2915.112,938.972,1593.847
2020-08-25,2915.112,938.972,1593.847
2020-08-26,2915.112,938.972,1593.847
2020-08-27,2915.112,938.972,1593.847
2020-08-28,2915.112,938.972,1593.847
2020-08-29,2915.112,938.972,1593.847
2020-08-30,3149.831,975.04,1725.615
2020-08-31,3149.831,975.04,1725.615
2020-09-01,3149.831,975.04,1725.615
2020-09-02,3149.831,975.04,1725.615
2020-09-03,3149.831,975.04,1725.615
2020-09-04,3149.831,975.04,1725.615
2020-09-05,3149.831,975.04,1725.615
2020-09-06,3398.296,1000.23,1833.676
2020-09-07,3398.296,1000.23,1833.676
2020-09-08,3398.296,1000.23,1833.676
2020-09-09,3398.296,1000.23,1833.676
2020-09-10,3398.296,1000.23,1833.676
2020-09-11,3398.296,1000.23,1833.676
2020-09-12,3398.296,1000.23,1833.676
2020-09-13,3643.174,1015.496,1918.682
2020-09-14,3643.174,1015.496,1918.682
2020-09-15,3643.174,1015.496,1918.682
2020-09-16,3643.174,1015.496,1918.682
2020-09-17,3643.174,1015.496,1918.682
2020-09-18,3643.174,1015.496,1918.682
2020-09-19,3643.174,1015.496,1918.682
2020-09-20,3905.53,1026.106,2040.602
2020-09-21,3905.53,1026.106,2040.602
2020-09-22,3905.53,1026.106,2040.602
2020-09-23,3905.53,1026.106,2040.602
2020-09-24,3905.53,1026.106,2040.602
2020-09-25,3905.53,1026.106,2040.602
2020-09-26,3905.53,1026.106,2040.602
2020-09-27,4168.887,1031.106,2239.894
2020-09-28,4168.887,1031.106,2239.894
2020-09-29,4168.887,1031.106,2239.894
2020-09-30,4168.887,1031.106,2239.894
2020-10-01,4168.887,1031.106,2239.894
2020-10-02,4168.887,1031.106,2239.894
2020-10-03,4168.887,1031.106,2239.894
2020-10-04,4435.886,1035.114,2556.679
2020-10-05,4435.886,1035.114,2556.679
2020-10-06,4435.886,1035.114,2556.679
2020-10-07,4435.886,1035.114,2556.679
2020-10-08,4435.886,1035.114,2556.679
2020-10-09,4435.886,1035.114,2556.679
2020-10-10,4435.886,1035.114,2556.679
2020-10-11,4731.93,1039.808,3168.834
2020-10-12,4731.93,1039.808,3168.834
2020-10-13,4731.93,1039.808,3168.834
2020-10-14,4731.93,1039.808,3168.834
2020-10-15,4731.93,1039.808,3168.834
2020-10-16,4731.93,1039.808,3168.834
2020-10-17,4731.93,1039.808,3168.834
2020-10-18,5057.151,1045.113,4356.566
2020-10-19,5057.151,1045.113,4356.566
2020-10-20,5057.151,1045.113,4356.566
2020-10-21,5057.151,1045.113,4356.566
2020-10-22,5057.151,1045.113,4356.566
2020-10-23,5057.151,1045.113,4356.566
2020-10-24,5057.151,1045.113,4356.566
2020-10-25,5444.033,1049.541,6303.018
2020-10-26,5444.033,1049.541,6303.018
2020-10-27,5444.033,1049.541,6303.018
2020-10-28,5444.033,1049.541,6303.018
2020-10-29,5444.033,1049.541,6303.018
2020-10-30,5444.033,1049.541,6303.018
2020-10-31,5444.033,1049.541,6303.018
2020-11-01,5885.456,1053.014,9553.836
2020-11-02,5885.456,1053.014,9553.836
2020-11-03,5885.456,1053.014,9553.836
2020-11-04,5885.456,1053.014,9553.836
2020-11-05,5885.456,1053.014,9553.836
2020-11-06,5885.456,1053.014,9553.836
2020-11-07,5885.456,1053.014,9553.836
2020-11-08,6368.304,1055.38,14058.348
2020-11-09,6368.304,1055.38,14058.348
2020-11-10,6368.304,1055.38,14058.348
2020-11-11,6368.304,1055.38,14058.348
2020-11-12,6368.304,1055.38,14058.348
2020-11-13,6368.304,1055.38,14058.348
2020-11-14,6368.304,1055.38,14058.348
2020-11-15,6875.141,1057.632,18838.197
2020-11-16,6875.141,1057.632,18838.197
2020-11-17,6875.141,1057.632,18838.197
2020-11-18,6875.141,1057.632,18838.197
2020-11-19,6875.141,1057.632,18838.197
2020-11-20,6875.141,1057.632,18838.197
2020-11-21,6875.141,1057.632,18838.197
2020-11-22,7389.684,1061.296,23011.309
2020-11-23,7389.684,1061.296,23011.309
2020-11-24,7389.684,1061.296,23011.309
2020-11-25,7389.684,1061.296,23011.309
2020-11-26,7389.684,1061.296,23011.309
2020-11-27,7389.684,1061.296,23011.309
2020-11-28,7389.684,1061.296,23011.309
2020-11-29,7893.129,1064.273,25718.773
2020-11-30,7893.129,1064.273,25718.773
2020-12-01,7893.129,1064.273,25718.773
2020-12-02,7893.129,1064.273,25718.773
2020-12-03,7893.129,1064.273,25718.773
2020-12-04,7893.129,1064.273,25718.773
2020-12-05,7893.129,1064.273,25718.773
2020-12-06,8418.94,1066.983,27759.715
2020-12-07,8418.94,1066.983,27759.715
2020-12-08,8418.94,1066.983,27759.715
2020-12-09,8418.94,1066.983,27759.715
2020-12-10,8418.94,1066.983,27759.715
2020-12-11,8418.94,1066.983,27759.715
2020-12-12,8418.94,1066.983,27759.715
2020-12-13,8968.989,1069.616,29641.43
2020-12-14,8968.989,1069.616,29641.43
2020-12-15,8968.989,1069.616,29641.43
2020-12-16,8968.989,1069.616,29641.43
2020-12-17,8968.989,1069.616,29641.43
2020-12-18,8968.989,1069.616,29641.43
2020-12-19,8968.989,1069.616,29641.43
2020-12-20,9537.558,1073.547,31387.182
2020-12-21,9537.558,1073.547,31387.182
2020-12-22,9537.558,1073.547,31387.182
2020-12-23,9537.558,1073.547,31387.182
2020-12-24,9537.558,1073.547,31387.182
2020-12-25,9537.558,1073.547,31387.182
2020-12-26,9537.558,1073.547,31387.182
2020-12-27,10053.016,1079.959,32822.688
2020-12-28,10053.016,1079.959,32822.688
2020-12-29,10053.016,1079.959,32822.688
2020-12-30,10053.016,1079.959,32822.688
2020-12-31,10053.016,1079.959,32822.688
2021-01-01,10053.016,1079.959,32822.688
2021-01-02,10053.016,1079.959,32822.688
2021-01-03,10584.56,1087.096,34416.223
2021-01-04,10584.56,1087.096,34416.223
2021-01-05,10584.56,1087.096,34416.223
2021-01-06,10584.56,1087.096,34416.223
2021-01-07,10584.56,1087.096,34416.223
2021-01-08,10584.56,1087.096,34416.223
2021-01-09,10584.56,1087.096,34416.223
2021-01-10,11211.354,1091.371,36161.9
2021-01-11,11211.354,1091.371,36161.9
2021-01-12,11211.354,1091.371,36161.9
2021-01-13,11211.354,1091.371,36161.9
2021-01-14,11211.354,1091.371,36161.9
2021-01-15,11211.354,1091.371,36161.9
2021-01-16,11211.354,1091.371,36161.9
2021-01-17,11818.835,1095.684,37462.953
2021-01-18,11818.835,1095.684,37462.953
2021-01-19,11818.835,1095.684,37462.953
2021-01-20,11818.835,1095.684,37462.953
2021-01-21,11818.835,1095.684,37462.953
2021-01-22,11818.835,1095.684,37462.953
2021-01-23,11818.835,1095.684,37462.953
2021-01-24,12347.937,1097.898,38500.37
2021-01-25,12347.937,1097.898,38500.37
2021-01-26,12347.937,1097.898,38500.37
2021-01-27,12347.937,1097.898,38500.37
2021-01-28,12347.937,1097.898,38500.37
2021-01-29,12347.937,1097.898,38500.37
2021-01-30,12347.937,1097.898,38500.37
2021-01-31,12815.557,1099.615,39482.04
2021-02-01,12815.557,1099.615,39482.04
2021-02-02,12815.557,1099.615,39482.04
2021-02-03,12815.557,1099.615,39482.04
2021-02-04,12815.557,1099.615,39482.04
2021-02-05,12815.557,1099.615,39482.04
2021-02-06,12815.557,1099.615,39482.04
2021-02-07,13211.774,1101.104,40442.63
2021-02-08,13211.774,1101.104,40442.63
2021-02-09,13211.774,1101.104,40442.63
2021-02-10,13211.774,1101.104,40442.63
2021-02-11,13211.774,1101.104,40442.63
2021-02-12,13211.774,1101.104,40442.63
2021-02-13,13211.774,1101.104,40442.63
2021-02-14,13552.333,1102.936,41450.74
2021-02-15,13552.333,1102.936,41450.74
2021-02-16,13552.333,1102.936,41450.74
2021-02-17,13552.333,1102.936,41450.74
2021-02-18,13552.333,1102.936,41450.74
2021-02-19,13552.333,1102.936,41450.74
2021-02-20,13552.333,1102.936,41450.74
2021-02-21,13862.032,1104.004,42748.434
2021-02-22,13862.032,1104.004,42748.434
2021-02-23,13862.032,1104.004,42748.434
2021-02-24,13862.032,1104.004,42748.434
2021-02-25,13862.032,1104.004,42748.434
2021-02-26,13862.032,1104.004,42748.434
2021-02-27,13862.032,1104.004,42748.434
2021-02-28,14195.165,1105.684,44525.812
2021-03-01,14195.165,1105.684,44525.812
2021-03-02,14195.165,1105.684,44525.812
2021-03-03,14195.165,1105.684,44525.812
2021-03-04,14195.165,1105.684,44525.812
2021-03-05,14195.165,1105.684,44525.812
2021-03-06,14195.165,1105.684,44525.812
2021-03-07,14537.821,1108.241,46816.535
2021-03-08,14537.821,1108.241,46816.535
2021-03-09,14537.821,1108.241,46816.535
2021-03-10,14537.821,1108.241,46816.535
2021-03-11,14537.821,1108.241,46816.535
2021-03-12,14537.821,1108.241,46816.535
2021-03-13,14537.821,1108.241,46816.535
2021-03-14,14908.726,1111.294,49721.57
2021-03-15,14908.726,1111.294,49721.57
2021-03-16,14908.726,1111.294,49721.57
2021-03-17,14908.726,1111.294,49721.57
2021-03-18,14908.726,1111.294,49721.57
2021-03-19,14908.726,1111.294,49721.57
2021-03-20,14908.726,1111.294,49721.57
2021-03-21,15325.325,1114.309,53678.094
2021-03-22,15325.325,1114.309,53678.094
2021-03-23,15325.325,1114.309,53678.094
2021-03-24,15325.325,1114.309,53678.094
2021-03-25,15325.325,1114.309,53678.094
2021-03-26,15325.325,1114.309,53678.094
2021-03-27,15325.325,1114.309,53678.094
2021-03-28,15805.034,1116.752,58669.56
2021-03-29,15805.034,1116.752,58669.56
2021-03-30,15805.034,1116.752,58669.56
2021-03-31,15805.034,1116.752,58669.56
2021-04-01,15805.034,1116.752,58669.56
2021-04-02,15805.034,1116.752,58669.56
2021-04-03,15805.034,1116.752,58669.56
2021-04-04,16319.96,1120.11,63554.86
2021-04-05,16319.96,1120.11,63554.86
2021-04-06,16319.96,1120.11,63554.86
2021-04-07,16319.96,1120.11,63554.86
2021-04-08,16319.96,1120.11,63554.86
2021-04-09,16319.96,1120.11,63554.86
2021-04-10,16319.96,1120.11,63554.86
2021-04-11,16890.611,1122.286,67097.586
2021-04-12,16890.611,1122.286,67097.586
2021-04-13,16890.611,1122.286,67097.586
2021-04-14,16890.611,1122.286,67097.586
2021-04-15,16890.611,1122.286,67097.586
2021-04-16,16890.611,1122.286,67097.586
2021-04-17,16890.611,1122.286,67097.586
2021-04-18,17545.596,1126.637,70052.23
2021-04-19,17545.596,1126.637,70052.23
2021-04-20,17545.596,1126.637,70052.23
2021-04-21,17545.596,1126.637,70052.23
2021-04-22,17545.596,1126.637,70052.23
2021-04-23,17545.596,1126.637,70052.23
2021-04-24,17545.596,1126.637,70052.23
2021-04-25,18258.553,1132.247,71896.63
2021-04-26,18258.553,1132.247,71896.63
2021-04-27,18258.553,1132.247,71896.63
2021-04-28,18258.553,1132.247,71896.63
2021-04-29,18258.553,1132.247,71896.63
2021-04-30,18258.553,1132.247,71896.63
2021-05-01,18258.553,1132.247,71896.63
2021-05-02,18971.266,1138.354,73052.24
2021-05-03,18971.266,1138.354,73052.24
2021-05-04,18971.266,1138.354,73052.24
2021-05-05,18971.266,1138.354,73052.24
2021-05-06,18971.266,1138.354,73052.24
2021-05-07,18971.266,1138.354,73052.24
2021-05-08,18971.266,1138.354,73052.24
2021-05-09,19655.256,1142.056,73828.88
2021-05-10,19655.256,1142.056,73828.88
2021-05-11,19655.256,1142.056,73828.88
2021-05-12,19655.256,1142.056,73828.88
2021-05-13,19655.256,1142.056,73828.88
2021-05-14,19655.256,1142.056,73828.88
2021-05-15,19655.256,1142.056,73828.88
2021-05-16,20257.57,1144.041,74388.1
2021-05-17,20257.57,1144.041,74388.1
2021-05-18,20257.57,1144.041,74388.1
2021-05-19,20257.57,1144.041,74388.1
2021-05-20,20257.57,1144.041,74388.1
2021-05-21,20257.57,1144.041,74388.1
2021-05-22,20257.57,1144.041,74388.1
2021-05-23,20785.256,1145.415,74688.81
2021-05-24,20785.256,1145.415,74688.81
2021-05-25,20785.256,1145.415,74688.81
2021-05-26,20785.256,1145.415,74688.81
2021-05-27,20785.256,1145.415,74688.81
2021-05-28,20785.256,1145.415,74688.81
2021-05-29,20785.256,1145.415,74688.81
2021-05-30,21229.293,1148.735,74854.4
2021-05-31,21229.293,1148.735,74854.4
2021-06-01,21229.293,1148.735,74854.4
2021-06-02,21229.293,1148.735,74854.4
2021-06-03,21229.293,1148.735,74854.4
2021-06-04,21229.293,1148.735,74854.4
2021-06-05,21229.293,1148.735,74854.4
2021-06-06,21605.549,1162.361,74937.84
2021-06-07,21605.549,1162.361,74937.84
2021-06-08,21605.549,1162.361,74937.84
2021-06-09,21605.549,1162.361,74937.84
2021-06-10,21605.549,1162.361,74937.84
2021-06-11,21605.549,1162.361,74937.84
2021-06-12,21605.549,1162.361,74937.84
2021-06-13,21936.98,1164.574,74995.44
2021-06-14,21936.98,1164.574,74995.44
2021-06-15,21936.98,1164.574,74995.44
2021-06-16,21936.98,1164.574,74995.44
2021-06-17,21936.98,1164.574,74995.44
2021-06-18,21936.98,1164.574,74995.44
2021-06-19,21936.98,1164.574,74995.44
2021-06-20,22254.55,1167.895,75029.44
2021-06-21,22254.55,1167.895,75029.44
2021-06-22,22254.55,1167.895,75029.44
2021-06-23,22254.55,1167.895,75029.44
2021-06-24,22254.55,1167.895,75029.44
2021-06-25,22254.55,1167.895,75029.44
2021-06-26,22254.55,1167.895,75029.44
2021-06-27,22583.979,1176.864,75052.28
2021-06-28,22583.979,1176.864,75052.28
2021-06-29,22583.979,1176.864,75052.28
2021-06-30,22583.979,1176.864,75052.28
2021-07-01,22583.979,1176.864,75052.28
2021-07-02,22583.979,1176.864,75052.28
2021-07-03,22583.979,1176.864,75052.28
2021-07-04,22929.482,1187.398,75068.8
2021-07-05,22929.482,1187.398,75068.8
2021-07-06,22929.482,1187.398,75068.8
2021-07-07,22929.482,1187.398,75068.8
2021-07-08,22929.482,1187.398,75068.8
2021-07-09,22929.482,1187.398,75068.8
2021-07-10,22929.482,1187.398,75068.8
2021-07-11,23340.809,1208.352,75083.336
2021-07-12,23340.809,1208.352,75083.336
2021-07-13,23340.809,1208.352,75083.336
2021-07-14,23340.809,1208.352,75083.336
2021-07-15,23340.809,1208.352,75083.336
2021-07-16,23340.809,1208.352,75083.336
2021-07-17,23340.809,1208.352,75083.336
2021-07-18,23792.307,1241.747,75099.15
2021-07-19,23792.307,1241.747,75099.15
2021-07-20,23792.307,1241.747,75099.15
2021-07-21,23792.307,1241.747,75099.15
2021-07-22,23792.307,1241.747,75099.15
2021-07-23,23792.307,1241.747,75099.15
2021-07-24,23792.307,1241.747,75099.15
2021-07-25,24262.576,1289.837,75118.24
2021-07-26,24262.576,1289.837,75118.24
2021-07-27,24262.576,1289.837,75118.24
2021-07-28,24262.576,1289.837,75118.24
2021-07-29,24262.576,1289.837,75118.24
2021-07-30,24262.576,1289.837,75118.24
2021-07-31,24262.576,1289.837,75118.24
2021-08-01,24781.28,1353.46,75141.23
2021-08-02,24781.28,1353.46,75141.23
2021-08-03,24781.28,1353.46,75141.23
2021-08-04,24781.28,1353.46,75141.23
2021-08-05,24781.28,1353.46,75141.23
2021-08-06,24781.28,1353.46,75141.23
2021-08-07,24781.28,1353.46,75141.23
2021-08-08,25334.762,1441.74,75169.1
2021-08-09,25334.762,1441.74,75169.1
2021-08-10,25334.762,1441.74,75169.1
2021-08-11,25334.762,1441.74,75169.1
2021-08-12,25334.762,1441.74,75169.1
2021-08-13,25334.762,1441.74,75169.1
2021-08-14,25334.762,1441.74,75169.1
2021-08-15,25900.516,1579.635,75201.4
2021-08-16,25900.516,1579.635,75201.4
2021-08-17,25900.516,1579.635,75201.4
2021-08-18,25900.516,1579.635,75201.4
2021-08-19,25900.516,1579.635,75201.4
2021-08-20,25900.516,1579.635,75201.4
2021-08-21,25900.516,1579.635,75201.4
2021-08-22,26476.174,1813.71,75237.17
2021-08-23,26476.174,1813.71,75237.17
2021-08-24,26476.174,1813.71,75237.17
2021-08-25,26476.174,1813.71,75237.17
2021-08-26,26476.174,1813.71,75237.17
2021-08-27,26476.174,1813.71,75237.17
2021-08-28,26476.174,1813.71,75237.17
2021-08-29,27048.05,2124.386,75278.25
2021-08-30,27048.05,2124.386,75278.25
2021-08-31,27048.05,2124.386,75278.25
2021-09-01,27048.05,2124.386,75278.25
2021-09-02,27048.05,2124.386,75278.25
2021-09-03,27048.05,2124.386,75278.25
2021-09-04,27048.05,2124.386,75278.25
2021-09-05,27593.77,2547.805,75336.98
2021-09-06,27593.77,2547.805,75336.98
2021-09-07,27593.77,2547.805,75336.98
2021-09-08,27593.77,2547.805,75336.98
2021-09-09,27593.77,2547.805,75336.98
2021-09-10,27593.77,2547.805,75336.98
2021-09-11,27593.77,2547.805,75336.98
2021-09-12,28085.781,3028.55,75419.45
2021-09-13,28085.781,3028.55,75419.45
2021-09-14,28085.781,3028.55,75419.45
2021-09-15,28085.781,3028.55,75419.45
2021-09-16,28085.781,3028.55,75419.45
2021-09-17,28085.781,3028.55,75419.45
2021-09-18,28085.781,3028.55,75419.45
2021-09-19,28547.123,3498.036,75531.055
2021-09-20,28547.123,3498.036,75531.055
2021-09-21,28547.123,3498.036,75531.055
2021-09-22,28547.123,3498.036,75531.055
2021-09-23,28547.123,3498.036,75531.055
2021-09-24,28547.123,3498.036,75531.055
2021-09-25,28547.123,3498.036,75531.055
2021-09-26,28986.197,3975.041,75669.2
2021-09-27,28986.197,3975.041,75669.2
2021-09-28,28986.197,3975.041,75669.2
2021-09-29,28986.197,3975.041,75669.2
2021-09-30,28986.197,3975.041,75669.2
2021-10-01,28986.197,3975.041,75669.2
2021-10-02,28986.197,3975.041,75669.2
2021-10-03,29375.572,4562.844,75868.08
2021-10-04,29375.572,4562.844,75868.08
2021-10-05,29375.572,4562.844,75868.08
2021-10-06,29375.572,4562.844,75868.08
2021-10-07,29375.572,4562.844,75868.08
2021-10-08,29375.572,4562.844,75868.08
2021-10-09,29375.572,4562.844,75868.08
2021-10-10,29745.732,5146.066,76168.586
2021-10-11,29745.732,5146.066,76168.586
2021-10-12,29745.732,5146.066,76168.586
2021-10-13,29745.732,5146.066,76168.586
2021-10-14,29745.732,5146.066,76168.586
2021-10-15,29745.732,5146.066,76168.586
2021-10-16,29745.732,5146.066,76168.586
2021-10-17,30106.668,5731.807,76616.43
2021-10-18,30106.668,5731.807,76616.43
2021-10-19,30106.668,5731.807,76616.43
2021-10-20,30106.668,5731.807,76616.43
2021-10-21,30106.668,5731.807,76616.43
2021-10-22,30106.668,5731.807,76616.43
2021-10-23,30106.668,5731.807,76616.43
2021-10-24,30482.988,6256.94,77484.65
2021-10-25,30482.988,6256.94,77484.65
2021-10-26,30482.988,6256.94,77484.65
2021-10-27,30482.988,6256.94,77484.65
2021-10-28,30482.988,6256.94,77484.65
2021-10-29,30482.988,6256.94,77484.65
2021-10-30,30482.988,6256.94,77484.65
2021-10-31,30874.496,6640.36,78846.71
2021-11-01,30874.496,6640.36,78846.71
2021-11-02,30874.496,6640.36,78846.71
2021-11-03,30874.496,6640.36,78846.71
2021-11-04,30874.496,6640.36,78846.71
2021-11-05,30874.496,6640.36,78846.71
2021-11-06,30874.496,6640.36,78846.71
2021-11-07,31272.57,7009.278,80903.18
2021-11-08,31272.57,7009.278,80903.18
2021-11-09,31272.57,7009.278,80903.18
2021-11-10,31272.57,7009.278,80903.18
2021-11-11,31272.57,7009.278,80903.18
2021-11-12,31272.57,7009.278,80903.18
2021-11-13,31272.57,7009.278,80903.18
2021-11-14,31707.904,7341.364,83515.69
2021-11-15,31707.904,7341.364,83515.69
2021-11-16,31707.904,7341.364,83515.69
2021-11-17,31707.904,7341.364,83515.69
2021-11-18,31707.904,7341.364,83515.69
2021-11-19,31707.904,7341.364,83515.69
2021-11-20,31707.904,7341.364,83515.69
2021-11-21,32191.477,7697.458,87182.73
2021-11-22,32191.477,7697.458,87182.73
2021-11-23,32191.477,7697.458,87182.73
2021-11-24,32191.477,7697.458,87182.73
2021-11-25,32191.477,7697.458,87182.73
2021-11-26,32191.477,7697.458,87182.73
2021-11-27,32191.477,7697.458,87182.73
2021-11-28,32698.078,8069.352,91410.11
2021-11-29,32698.078,8069.352,91410.11
2021-11-30,32698.078,8069.352,91410.11
2021-12-01,32698.078,8069.352,91410.11
2021-12-02,32698.078,8069.352,91410.11
2021-12-03,32698.078,8069.352,91410.11
2021-12-04,32698.078,8069.352,91410.11
2021-12-05,33232.97,8471.093,95670.516
2021-12-06,33232.97,8471.093,95670.516
2021-12-07,33232.97,8471.093,95670.516
2021-12-08,33232.97,8471.093,95670.516
2021-12-09,33232.97,8471.093,95670.516
2021-12-10,33232.97,8471.093,95670.516
2021-12-11,33232.97,8471.093,95670.516
2021-12-12,33772.945,8982.639,99755.97
2021-12-13,33772.945,8982.639,99755.97
2021-12-14,33772.945,8982.639,99755.97
2021-12-15,33772.945,8982.639,99755.97
2021-12-16,33772.945,8982.639,99755.97
2021-12-17,33772.945,8982.639,99755.97
2021-12-18,33772.945,8982.639,99755.97
2021-12-19,34361.59,10184.464,103158.33
2021-12-20,34361.59,10184.464,103158.33
2021-12-21,34361.59,10184.464,103158.33
2021-12-22,34361.59,10184.464,103158.33
2021-12-23,34361.59,10184.464,103158.33
2021-12-24,34361.59,10184.464,103158.33
2021-12-25,34361.59,10184.464,103158.33
2021-12-26,35123.906,13992.106,105529.625
2021-12-27,35123.906,13992.106,105529.625
2021-12-28,35123.906,13992.106,105529.625
2021-12-29,35123.906,13992.106,105529.625
2021-12-30,35123.906,13992.106,105529.625
2021-12-31,35123.906,13992.106,105529.625
2022-01-01,35123.906,13992.106,105529.625
2022-01-02,36434.27,25045.66,107550.69
2022-01-03,36434.27,25045.66,107550.69
2022-01-04,36434.27,25045.66,107550.69
2022-01-05,36434.27,25045.66,107550.69
2022-01-06,36434.27,25045.66,107550.69
2022-01-07,36434.27,25045.66,107550.69
2022-01-08,36434.27,25045.66,107550.69
2022-01-09,38511.754,47518.59,109785.17
2022-01-10,38511.754,47518.59,109785.17
2022-01-11,38511.754,47518.59,109785.17
2022-01-12,38511.754,47518.59,109785.17
2022-01-13,38511.754,47518.59,109785.17
2022-01-14,38511.754,47518.59,109785.17
2022-01-15,38511.754,47518.59,109785.17
2022-01-16,41097.938,65163.914,112386.44
2022-01-17,41097.938,65163.914,112386.44
2022-01-18,41097.938,65163.914,112386.44
2022-01-19,41097.938,65163.914,112386.44
2022-01-20,41097.938,65163.914,112386.44
2022-01-21,41097.938,65163.914,112386.44
2022-01-22,41097.938,65163.914,112386.44
2022-01-23,44044.598,78444.336,117730.8
2022-01-24,44044.598,78444.336,117730.8
2022-01-25,44044.598,78444.336,117730.8
2022-01-26,44044.598,78444.336,117730.8
2022-01-27,44044.598,78444.336,117730.8
2022-01-28,44044.598,78444.336,117730.8
2022-01-29,44044.598,78444.336,117730.8
2022-01-30,46976.605,88665.98,126441.9
2022-01-31,46976.605,88665.98,126441.9
2022-02-01,46976.605,88665.98,126441.9
2022-02-02,46976.605,88665.98,126441.9
2022-02-03,46976.605,88665.98,126441.9
2022-02-04,46976.605,88665.98,126441.9
2022-02-05,46976.605,88665.98,126441.9
2022-02-06,49470.98,96341.71,134546.67
2022-02-07,49470.98,96341.71,134546.67
2022-02-08,49470.98,96341.71,134546.67
2022-02-09,49470.98,96341.71,134546.67
2022-02-10,49470.98,96341.71,134546.67
2022-02-11,49470.98,96341.71,134546.67
2022-02-12,49470.98,96341.71,134546.67
2022-02-13,51462.65,102896.96,140697.02
2022-02-14,51462.65,102896.96,140697.02
2022-02-15,51462.65,102896.96,140697.02
2022-02-16,51462.65,102896.96,140697.02
2022-02-17,51462.65,102896.96,140697.02
2022-02-18,51462.65,102896.96,140697.02
2022-02-19,51462.65,102896.96,140697.02
2022-02-20,53073.77,109019.98,144667.42
2022-02-21,53073.77,109019.98,144667.42
2022-02-22,53073.77,109019.98,144667.42
2022-02-23,53073.77,109019.98,144667.42
2022-02-24,53073.77,109019.98,144667.42
2022-02-25,53073.77,109019.98,144667.42
2022-02-26,53073.77,109019.98,144667.42
2022-02-27,54456.863,115141.96,147447.22
2022-02-28,54456.863,115141.96,147447.22
2022-03-01,54456.863,115141.96,147447.22
2022-03-02,54456.863,115141.96,147447.22
2022-03-03,54456.863,115141.96,147447.22
2022-03-04,54456.863,115141.96,147447.22
2022-03-05,54456.863,115141.96,147447.22
2022-03-06,55821.227,122611.8,149564.42
2022-03-07,55821.227,122611.8,149564.42
2022-03-08,55821.227,122611.8,149564.42
2022-03-09,55821.227,122611.8,149564.42
2022-03-10,55821.227,122611.8,149564.42
2022-03-11,55821.227,122611.8,149564.42
2022-03-12,55821.227,122611.8,149564.42
2022-03-13,57298.9,131842.28,151568.36
2022-03-14,57298.9,131842.28,151568.36
2022-03-15,57298.9,131842.28,151568.36
2022-03-16,57298.9,131842.28,151568.36
2022-03-17,57298.9,131842.28,151568.36
2022-03-18,57298.9,131842.28,151568.36
2022-03-19,57298.9,131842.28,151568.36
2022-03-20,58848.277,144331.89,153456.62
2022-03-21,58848.277,144331.89,153456.62
2022-03-22,58848.277,144331.89,153456.62
2022-03-23,58848.277,144331.89,153456.62
2022-03-24,58848.277,144331.89,153456.62
2022-03-25,58848.277,144331.89,153456.62
2022-03-26,58848.277,144331.89,153456.62
2022-03-27,60224.914,159055.08,154814.23
2022-03-28,60224.914,159055.08,154814.23
2022-03-29,60224.914,159055.08,154814.23
2022-03-30,60224.914,159055.08,154814.23
2022-03-31,60224.914,159055.08,154814.23
2022-04-01,60224.914,159055.08,154814.23
2022-04-02,60224.914,159055.08,154814.23
2022-04-03,61397.637,174168.34,155502.72
2022-04-04,61397.637,174168.34,155502.72
2022-04-05,61397.637,174168.34,155502.72
2022-04-06,61397.637,174168.34,155502.72
2022-04-07,61397.637,174168.34,155502.72
2022-04-08,61397.637,174168.34,155502.72
2022-04-09,61397.637,174168.34,155502.72
2022-04-10,62298.87,187899.3,155727.44
2022-04-11,62298.87,187899.3,155727.44
2022-04-12,62298.87,187899.3,155727.44
2022-04-13,62298.87,187899.3,155727.44
2022-04-14,62298.87,187899.3,155727.44
2022-04-15,62298.87,187899.3,155727.44
2022-04-16,62298.87,187899.3,155727.44
2022-04-17,63012.055,199585.27,155911.1
2022-04-18,63012.055,199585.27,155911.1
2022-04-19,63012.055,199585.27,155911.1
2022-04-20,63012.055,199585.27,155911.1
2022-04-21,63012.055,199585.27,155911.1
2022-04-22,63012.055,199585.27,155911.1
2022-04-23,63012.055,199585.27,155911.1
2022-04-24,63600.754,210626.16,156066.27
2022-04-25,63600.754,210626.16,156066.27
2022-04-26,63600.754,210626.16,156066.27
2022-04-27,63600.754,210626.16,156066.27
2022-04-28,63600.754,210626.16,156066.27
2022-04-29,63600.754,210626.16,156066.27
2022-04-30,63600.754,210626.16,156066.27
2022-05-01,64101.29,221009.5,156210.98
2022-05-02,64101.29,221009.5,156210.98
2022-05-03,64101.29,221009.5,156210.98
2022-05-04,64101.29,221009.5,156210.98
2022-05-05,64101.29,221009.5,156210.98
2022-05-06,64101.29,221009.5,156210.98
2022-05-07,64101.29,221009.5,156210.98
2022-05-08,64554.29,232614.44,156306.77
2022-05-09,64554.29,232614.44,156306.77
2022-05-10,64554.29,232614.44,156306.77
2022-05-11,64554.29,232614.44,156306.77
2022-05-12,64554.29,232614.44,156306.77
2022-05-13,64554.29,232614.44,156306.77
2022-05-14,64554.29,232614.44,156306.77
2022-05-15,65050.48,245987.03,156385.42
2022-05-16,65050.48,245987.03,156385.42
2022-05-17,65050.48,245987.03,156385.42
2022-05-18,65050.48,245987.03,156385.42
2022-05-19,65050.48,245987.03,156385.42
2022-05-20,65050.48,245987.03,156385.42
2022-05-21,65050.48,245987.03,156385.42
2022-05-22,65523.887,257884.14,156440.12
2022-05-23,65523.887,257884.14,156440.12
2022-05-24,65523.887,257884.14,156440.12
2022-05-25,65523.887,257884.14,156440.12
2022-05-26,65523.887,257884.14,156440.12
2022-05-27,65523.887,257884.14,156440.12
2022-05-28,65523.887,257884.14,156440.12
2022-05-29,65947.836,267060.47,156482.52
2022-05-30,65947.836,267060.47,156482.52
2022-05-31,65947.836,267060.47,156482.52
2022-06-01,65947.836,267060.47,156482.52
2022-06-02,65947.836,267060.47,156482.52
2022-06-03,65947.836,267060.47,156482.52
2022-06-04,65947.836,267060.47,156482.52
2022-06-05,66355.766,274692.4,156520.47
2022-06-06,66355.766,274692.4,156520.47
2022-06-07,66355.766,274692.4,156520.47
2022-06-08,66355.766,274692.4,156520.47
2022-06-09,66355.766,274692.4,156520.47
2022-06-10,66355.766,274692.4,156520.47
2022-06-11,66355.766,274692.4,156520.47
2022-06-12,66796.77,281733.06,156557.88
2022-06-13,66796.77,281733.06,156557.88
2022-06-14,66796.77,281733.06,156557.88
2022-06-15,66796.77,281733.06,156557.88
2022-06-16,66796.77,281733.06,156557.88
2022-06-17,66796.77,281733.06,156557.88
2022-06-18,66796.77,281733.06,156557.88
2022-06-19,67268.734,289024.5,156589.03
2022-06-20,67268.734,289024.5,156589.03
2022-06-21,67268.734,289024.5,156589.03
2022-06-22,67268.734,289024.5,156589.03
2022-06-23,67268.734,289024.5,156589.03
2022-06-24,67268.734,289024.5,156589.03
2022-06-25,67268.734,289024.5,156589.03
2022-06-26,67843.54,296822.22,156636.97
2022-06-27,67843.54,296822.22,156636.97
2022-06-28,67843.54,296822.22,156636.97
2022-06-29,67843.54,296822.22,156636.97
2022-06-30,67843.54,296822.22,156636.97
2022-07-01,67843.54,296822.22,156636.97
2022-07-02,67843.54,296822.22,156636.97
2022-07-03,68504.69,296822.22,156723.84
2022-07-04,68504.69,296822.22,156723.84
2022-07-05,68504.69,296822.22,156723.84
2022-07-06,68504.69,296822.22,156723.84
2022-07-07,68504.69,296822.22,156723.84
2022-07-08,68504.69,296822.22,156723.84
2022-07-09,68504.69,296822.22,156723.84
2022-07-10,69298.49,306123.28,156875.47
2022-07-11,69298.49,306123.28,156875.47
2022-07-12,69298.49,306123.28,156875.47
2022-07-13,69298.49,306123.28,156875.47
2022-07-14,69298.49,306123.28,156875.47
2022-07-15,69298.49,306123.28,156875.47
2022-07-16,69298.49,306123.28,156875.47
2022-07-17,70172.0,316489.5,157142.52
2022-07-18,70172.0,316489.5,157142.52
2022-07-19,70172.0,316489.5,157142.52
2022-07-20,70172.0,316489.5,157142.52
2022-07-21,70172.0,316489.5,157142.52
2022-07-22,70172.0,316489.5,157142.52
2022-07-23,70172.0,316489.5,157142.52
2022-07-24,71069.92,328055.03,157574.84
2022-07-25,71069.92,328055.03,157574.84
2022-07-26,71069.92,328055.03,157574.84
2022-07-27,71069.92,328055.03,157574.84
2022-07-28,71069.92,328055.03,157574.84
2022-07-29,71069.92,328055.03,157574.84
2022-07-30,71069.92,328055.03,157574.84
2022-07-31,71971.72,340259.9,158113.1
2022-08-01,71971.72,340259.9,158113.1
2022-08-02,71971.72,340259.9,158113.1
2022-08-03,71971.72,340259.9,158113.1
2022-08-04,71971.72,340259.9,158113.1
2022-08-05,71971.72,340259.9,158113.1
2022-08-06,71971.72,340259.9,158113.1
2022-08-07,72841.08,350157.75,158754.73
2022-08-08,72841.08,350157.75,158754.73
2022-08-09,72841.08,350157.75,158754.73
2022-08-10,72841.08,350157.75,158754.73
2022-08-11,72841.08,350157.75,158754.73
2022-08-12,72841.08,350157.75,158754.73
2022-08-13,72841.08,350157.75,158754.73
2022-08-14,73561.14,357806.22,159406.25
2022-08-15,73561.14,357806.22,159406.25
2022-08-16,73561.14,357806.22,159406.25
2022-08-17,73561.14,357806.22,159406.25
2022-08-18,73561.14,357806.22,159406.25
2022-08-19,73561.14,357806.22,159406.25
2022-08-20,73561.14,357806.22,159406.25
2022-08-21,74235.34,363118.16,160042.88
2022-08-22,74235.34,363118.16,160042.88
2022-08-23,74235.34,363118.16,160042.88
2022-08-24,74235.34,363118.16,160042.88
2022-08-25,74235.34,363118.16,160042.88
2022-08-26,74235.34,363118.16,160042.88
2022-08-27,74235.34,363118.16,160042.88
2022-08-28,74831.87,367056.3,160656.14
2022-08-29,74831.87,367056.3,160656.14
2022-08-30,74831.87,367056.3,160656.14
2022-08-31,74831.87,367056.3,160656.14
2022-09-01,74831.87,367056.3,160656.14
2022-09-02,74831.87,367056.3,160656.14
2022-09-03,74831.87,367056.3,160656.14
2022-09-04,75368.82,370109.06,161184.34
2022-09-05,75368.82,370109.06,161184.34
2022-09-06,75368.82,370109.06,161184.34
2022-09-07,75368.82,370109.06,161184.34
2022-09-08,75368.82,370109.06,161184.34
2022-09-09,75368.82,370109.06,161184.34
2022-09-10,75368.82,370109.06,161184.34
2022-09-11,75778.05,372528.53,161840.28
2022-09-12,75778.05,372528.53,161840.28
2022-09-13,75778.05,372528.53,161840.28
2022-09-14,75778.05,372528.53,161840.28
2022-09-15,75778.05,372528.53,161840.28
2022-09-16,75778.05,372528.53,161840.28
2022-09-17,75778.05,372528.53,161840.28
2022-09-18,76203.09,374485.44,162675.78
2022-09-19,76203.09,374485.44,162675.78
2022-09-20,76203.09,374485.44,162675.78
2022-09-21,76203.09,374485.44,162675.78
2022-09-22,76203.09,374485.44,162675.78
2022-09-23,76203.09,374485.44,162675.78
2022-09-24,76203.09,374485.44,162675.78
2022-09-25,76605.94,376141.9,163423.23
2022-09-26,76605.94,376141.9,163423.23
2022-09-27,76605.94,376141.9,163423.23
2022-09-28,76605.94,376141.9,163423.23
2022-09-29,76605.94,376141.9,163423.23
2022-09-30,76605.94,376141.9,163423.23
2022-10-01,76605.94,376141.9,163423.23
2022-10-02,77010.336,377576.12,164051.98
2022-10-03,77010.336,377576.12,164051.98
2022-10-04,77010.336,377576.12,164051.98
2022-10-05,77010.336,377576.12,164051.98
2022-10-06,77010.336,377576.12,164051.98
2022-10-07,77010.336,377576.12,164051.98
2022-10-08,77010.336,377576.12,164051.98
2022-10-09,77413.22,379052.16,164514.73
2022-10-10,77413.22,379052.16,164514.73
2022-10-11,77413.22,379052.16,164514.73
2022-10-12,77413.22,379052.16,164514.73
2022-10-13,77413.22,379052.16,164514.73
2022-10-14,77413.22,379052.16,164514.73
2022-10-15,77413.22,379052.16,164514.73
2022-10-16,77810.72,380247.8,164816.88
2022-10-17,77810.72,380247.8,164816.88
2022-10-18,77810.72,380247.8,164816.88
2022-10-19,77810.72,380247.8,164816.88
2022-10-20,77810.72,380247.8,164816.88
2022-10-21,77810.72,380247.8,164816.88
2022-10-22,77810.72,380247.8,164816.88
2022-10-23,78173.42,381378.3,165029.12
2022-10-24,78173.42,381378.3,165029.12
2022-10-25,78173.42,381378.3,165029.12
2022-10-26,78173.42,381378.3,165029.12
2022-10-27,78173.42,381378.3,165029.12
2022-10-28,78173.42,381378.3,165029.12
2022-10-29,78173.42,381378.3,165029.12
2022-10-30,78490.66,382537.16,165169.9
2022-10-31,78490.66,382537.16,165169.9
2022-11-01,78490.66,382537.16,165169.9
2022-11-02,78490.66,382537.16,165169.9
2022-11-03,78490.66,382537.16,165169.9
2022-11-04,78490.66,382537.16,165169.9
2022-11-05,78490.66,382537.16,165169.9
2022-11-06,78782.88,383902.1,165260.84
2022-11-07,78782.88,383902.1,165260.84
2022-11-08,78782.88,383902.1,165260.84
2022-11-09,78782.88,383902.1,165260.84
2022-11-10,78782.88,383902.1,165260.84
2022-11-11,78782.88,383902.1,165260.84
2022-11-12,78782.88,383902.1,165260.84
2022-11-13,79094.445,385898.6,165327.02
2022-11-14,79094.445,385898.6,165327.02
2022-11-15,79094.445,385898.6,165327.02
2022-11-16,79094.445,385898.6,165327.02
2022-11-17,79094.445,385898.6,165327.02
2022-11-18,79094.445,385898.6,165327.02
2022-11-19,79094.445,385898.6,165327.02
2022-11-20,79430.16,388706.62,165392.98
2022-11-21,79430.16,388706.62,165392.98
2022-11-22,79430.16,388706.62,165392.98
2022-11-23,79430.16,388706.62,165392.98
2022-11-24,79430.16,388706.62,165392.98
2022-11-25,79430.16,388706.62,165392.98
2022-11-26,79430.16,388706.62,165392.98
2022-11-27,79802.86,391889.97,165457.45
2022-11-28,79802.86,391889.97,165457.45
2022-11-29,79802.86,391889.97,165457.45
2022-11-30,79802.86,391889.97,165457.45
2022-12-01,79802.86,391889.97,165457.45
2022-12-02,79802.86,391889.97,165457.45
2022-12-03,79802.86,391889.97,165457.45
2022-12-04,80208.03,395626.34,165537.98
2022-12-05,80208.03,395626.34,165537.98
2022-12-06,80208.03,395626.34,165537.98
2022-12-07,80208.03,395626.34,165537.98
2022-12-08,80208.03,395626.34,165537.98
2022-12-09,80208.03,395626.34,165537.98
2022-12-10,80208.03,395626.34,165537.98
2022-12-11,80785.7,399744.6,165618.45
2022-12-12,80785.7,399744.6,165618.45
2022-12-13,80785.7,399744.6,165618.45
2022-12-14,80785.7,399744.6,165618.45
2022-12-15,80785.7,399744.6,165618.45
2022-12-16,80785.7,399744.6,165618.45
2022-12-17,80785.7,399744.6,165618.45
2022-12-18,82660.41,404019.84,165725.39
2022-12-19,82660.41,404019.84,165725.39
2022-12-20,82660.41,404019.84,165725.39
2022-12-21,82660.41,404019.84,165725.39
2022-12-22,82660.41,404019.84,165725.39
2022-12-23,82660.41,404019.84,165725.39
2022-12-24,82660.41,404019.84,165725.39
2022-12-25,88197.375,408154.12,165826.77
2022-12-26,88197.375,408154.12,165826.77
2022-12-27,88197.375,408154.12,165826.77
2022-12-28,88197.375,408154.12,165826.77
2022-12-29,88197.375,408154.12,165826.77
2022-12-30,88197.375,408154.12,165826.77
2022-12-31,88197.375,408154.12,165826.77
2023-01-01,91668.63,411647.06,165909.08
2023-01-02,91668.63,411647.06,165909.08
2023-01-03,91668.63,411647.06,165909.08
2023-01-04,91668.63,411647.06,165909.08
2023-01-05,91668.63,411647.06,165909.08
2023-01-06,91668.63,411647.06,165909.08
2023-01-07,91668.63,411647.06,165909.08
2023-01-08,93042.98,414967.12,165977.66
2023-01-09,93042.98,414967.12,165977.66
2023-01-10,93042.98,414967.12,165977.66
2023-01-11,93042.98,414967.12,165977.66
2023-01-12,93042.98,414967.12,165977.66
2023-01-13,93042.98,414967.12,165977.66
2023-01-14,93042.98,414967.12,165977.66
2023-01-15,93654.67,416722.88,166031.34
2023-01-16,93654.67,416722.88,166031.34
2023-01-17,93654.67,416722.88,166031.34
2023-01-18,93654.67,416722.88,166031.34
2023-01-19,93654.67,416722.88,166031.34
2023-01-20,93654.67,416722.88,166031.34
2023-01-21,93654.67,416722.88,166031.34
2023-01-22,93969.45,417902.56,166085.61
2023-01-23,93969.45,417902.56,166085.61
2023-01-24,93969.45,417902.56,166085.61
2023-01-25,93969.45,417902.56,166085.61
2023-01-26,93969.45,417902.56,166085.61
2023-01-27,93969.45,417902.56,166085.61
2023-01-28,93969.45,417902.56,166085.61
2023-01-29,94164.66,418743.8,166160.84
2023-01-30,94164.66,418743.8,166160.84
2023-01-31,94164.66,418743.8,166160.84
2023-02-01,94164.66,418743.8,166160.84
2023-02-02,94164.66,418743.8,166160.84
2023-02-03,94164.66,418743.8,166160.84
2023-02-04,94164.66,418743.8,166160.84
2023-02-05,94338.09,419465.97,166284.69
2023-02-06,94338.09,419465.97,166284.69
2023-02-07,94338.09,419465.97,166284.69
2023-02-08,94338.09,419465.97,166284.69
2023-02-09,94338.09,419465.97,166284.69
2023-02-10,94338.09,419465.97,166284.69
2023-02-11,94338.09,419465.97,166284.69
2023-02-12,94494.22,420117.38,166458.06
2023-02-13,94494.22,420117.38,166458.06
2023-02-14,94494.22,420117.38,166458.06
2023-02-15,94494.22,420117.38,166458.06
2023-02-16,94494.22,420117.38,166458.06
2023-02-17,94494.22,420117.38,166458.06
2023-02-18,94494.22,420117.38,166458.06
2023-02-19,94637.64,420801.6,166734.28
2023-02-20,94637.64,420801.6,166734.28
2023-02-21,94637.64,420801.6,166734.28
2023-02-22,94637.64,420801.6,166734.28
2023-02-23,94637.64,420801.6,166734.28
2023-02-24,94637.64,420801.6,166734.28
2023-02-25,94637.64,420801.6,166734.28
2023-02-26,94771.93,421481.5,167124.3
2023-02-27,94771.93,421481.5,167124.3
2023-02-28,94771.93,421481.5,167124.3
2023-03-01,94771.93,421481.5,167124.3
2023-03-02,94771.93,421481.5,167124.3
2023-03-03,94771.93,421481.5,167124.3
2023-03-04,94771.93,421481.5,167124.3
2023-03-05,94900.664,422178.5,167568.8
2023-03-06,94900.664,422178.5,167568.8
2023-03-07,94900.664,422178.5,167568.8
2023-03-08,94900.664,422178.5,167568.8
2023-03-09,94900.664,422178.5,167568.8
2023-03-10,94900.664,422178.5,167568.8
2023-03-11,94900.664,422178.5,167568.8
2023-03-12,95012.67,422933.4,168099.84
2023-03-13,95012.67,422933.4,168099.84
2023-03-14,95012.67,422933.4,168099.84
2023-03-15,95012.67,422933.4,168099.84
2023-03-16,95012.67,422933.4,168099.84
2023-03-17,95012.67,422933.4,168099.84
2023-03-18,95012.67,422933.4,168099.84
2023-03-19,95122.73,423760.9,168629.9
2023-03-20,95122.73,423760.9,168629.9
2023-03-21,95122.73,423760.9,168629.9
2023-03-22,95122.73,423760.9,168629.9
2023-03-23,95122.73,423760.9,168629.9
2023-03-24,95122.73,423760.9,168629.9
2023-03-25,95122.73,423760.9,168629.9
2023-03-26,95227.01,424639.28,169030.66
2023-03-27,95227.01,424639.28,169030.66
2023-03-28,95227.01,424639.28,169030.66
2023-03-29,95227.01,424639.28,169030.66
2023-03-30,95227.01,424639.28,169030.66
2023-03-31,95227.01,424639.28,169030.66
2023-04-01,95227.01,424639.28,169030.66
2023-04-02,95327.086,425613.3,169274.45
2023-04-03,95327.086,425613.3,169274.45
2023-04-04,95327.086,425613.3,169274.45
2023-04-05,95327.086,425613.3,169274.45
2023-04-06,95327.086,425613.3,169274.45
2023-04-07,95327.086,425613.3,169274.45
2023-04-08,95327.086,425613.3,169274.45
2023-04-09,95414.83,426668.62,169440.39
2023-04-10,95414.83,426668.62,169440.39
2023-04-11,95414.83,426668.62,169440.39
2023-04-12,95414.83,426668.62,169440.39
2023-04-13,95414.83,426668.62,169440.39
2023-04-14,95414.83,426668.62,169440.39
2023-04-15,95414.83,426668.62,169440.39
2023-04-16,95501.805,427701.22,169562.08
2023-04-17,95501.805,427701.22,169562.08
2023-04-18,95501.805,427701.22,169562.08
2023-04-19,95501.805,427701.22,169562.08
2023-04-20,95501.805,427701.22,169562.08
2023-04-21,95501.805,427701.22,169562.08
2023-04-22,95501.805,427701.22,169562.08
2023-04-23,95594.13,428844.9,169645.84
2023-04-24,95594.13,428844.9,169645.84
2023-04-25,95594.13,428844.9,169645.84
2023-04-26,95594.13,428844.9,169645.84
2023-04-27,95594.13,428844.9,169645.84
2023-04-28,95594.13,428844.9,169645.84
2023-04-29,95594.13,428844.9,169645.84
2023-04-30,95679.82,429968.2,169695.36
2023-05-01,95679.82,429968.2,169695.36
2023-05-02,95679.82,429968.2,169695.36
2023-05-03,95679.82,429968.2,169695.36
2023-05-04,95679.82,429968.2,169695.36
2023-05-05,95679.82,429968.2,169695.36
2023-05-06,95679.82,429968.2,169695.36
2023-05-07,95756.11,431100.3,169719.66
2023-05-08,95756.11,431100.3,169719.66
2023-05-09,95756.11,431100.3,169719.66
2023-05-10,95756.11,431100.3,169719.66
2023-05-11,95756.11,431100.3,169719.66
2023-05-12,95756.11,431100.3,169719.66
2023-05-13,95756.11,431100.3,169719.66
2023-05-14,95827.06,432316.28,169740.64
2023-05-15,95827.06,432316.28,169740.64
2023-05-16,95827.06,432316.28,169740.64
2023-05-17,95827.06,432316.28,169740.64
2023-05-18,95827.06,432316.28,169740.64
2023-05-19,95827.06,432316.28,169740.64
2023-05-20,95827.06,432316.28,169740.64
2023-05-21,95873.61,433755.9,169757.62
2023-05-22,95873.61,433755.9,169757.62
2023-05-23,95873.61,433755.9,169757.62
2023-05-24,95873.61,433755.9,169757.62
2023-05-25,95873.61,433755.9,169757.62
2023-05-26,95873.61,433755.9,169757.62
2023-05-27,95873.61,433755.9,169757.62
2023-05-28,95917.055,435321.2,169770.9
2023-05-29,95917.055,435321.2,169770.9
2023-05-30,95917.055,435321.2,169770.9
2023-05-31,95917.055,435321.2,169770.9
2023-06-01,95917.055,435321.2,169770.9
2023-06-02,95917.055,435321.2,169770.9
2023-06-03,95917.055,435321.2,169770.9
2023-06-04,95953.34,436811.62,169780.97
2023-06-05,95953.34,436811.62,169780.97
2023-06-06,95953.34,436811.62,169780.97
2023-06-07,95953.34,436811.62,169780.97
2023-06-08,95953.34,436811.62,169780.97
2023-06-09,95953.34,436811.62,169780.97
2023-06-10,95953.34,436811.62,169780.97
2023-06-11,95988.47,438075.9,169787.73
2023-06-12,95988.47,438075.9,169787.73
2023-06-13,95988.47,438075.9,169787.73
2023-06-14,95988.47,438075.9,169787.73
2023-06-15,95988.47,438075.9,169787.73
2023-06-16,95988.47,438075.9,169787.73
2023-06-17,95988.47,438075.9,169787.73
2023-06-18,96006.35,438944.9,169792.97
2023-06-19,96006.35,438944.9,169792.97
2023-06-20,96006.35,438944.9,169792.97
2023-06-21,96006.35,438944.9,169792.97
2023-06-22,96006.35,438944.9,169792.97
2023-06-23,96006.35,438944.9,169792.97
2023-06-24,96006.35,438944.9,169792.97
2023-06-25,96032.02,439586.94,169797.64
2023-06-26,96032.02,439586.94,169797.64
2023-06-27,96032.02,439586.94,169797.64
2023-06-28,96032.02,439586.94,169797.64
2023-06-29,96032.02,439586.94,169797.64
2023-06-30,96032.02,439586.94,169797.64
2023-07-01,96032.02,439586.94,169797.64
2023-07-02,96054.11,440104.16,169800.34
2023-07-03,96054.11,440104.16,169800.34
2023-07-04,96054.11,440104.16,169800.34
2023-07-05,96054.11,440104.16,169800.34
2023-07-06,96054.11,440104.16,169800.34
2023-07-07,96054.11,440104.16,169800.34
2023-07-08,96054.11,440104.16,169800.34
2023-07-09,96076.94,440505.3,169802.06
2023-07-10,96076.94,440505.3,169802.06
2023-07-11,96076.94,440505.3,169802.06
2023-07-12,96076.94,440505.3,169802.06
2023-07-13,96076.94,440505.3,169802.06
2023-07-14,96076.94,440505.3,169802.06
2023-07-15,96076.94,440505.3,169802.06
2023-07-16,96102.16,440804.0,169804.17
2023-07-17,96102.16,440804.0,169804.17
2023-07-18,96102.16,440804.0,169804.17
2023-07-19,96102.16,440804.0,169804.17
2023-07-20,96102.16,440804.0,169804.17
2023-07-21,96102.16,440804.0,169804.17
2023-07-22,96102.16,440804.0,169804.17
2023-07-23,96133.47,441051.9,169806.03
2023-07-24,96133.47,441051.9,169806.03
2023-07-25,96133.47,441051.9,169806.03
2023-07-26,96133.47,441051.9,169806.03
2023-07-27,96133.47,441051.9,169806.03
2023-07-28,96133.47,441051.9,169806.03
2023-07-29,96133.47,441051.9,169806.03
2023-07-30,96173.14,441262.78,169807.25
2023-07-31,96173.14,441262.78,169807.25
2023-08-01,96173.14,441262.78,169807.25
2023-08-02,96173.14,441262.78,169807.25
2023-08-03,96173.14,441262.78,169807.25
2023-08-04,96173.14,441262.78,169807.25
2023-08-05,96173.14,441262.78,169807.25
2023-08-06,96260.97,441469.25,169809.7
2023-08-07,96260.97,441469.25,169809.7
2023-08-08,96260.97,441469.25,169809.7
2023-08-09,96260.97,441469.25,169809.7
2023-08-10,96260.97,441469.25,169809.7
2023-08-11,96260.97,441469.25,169809.7
2023-08-12,96260.97,441469.25,169809.7
2023-08-13,96277.734,441664.5,169812.95
2023-08-14,96277.734,441664.5,169812.95
2023-08-15,96277.734,441664.5,169812.95
2023-08-16,96277.734,441664.5,169812.95
2023-08-17,96277.734,441664.5,169812.95
2023-08-18,96277.734,441664.5,169812.95
2023-08-19,96277.734,441664.5,169812.95
2023-08-20,96312.61,441862.75,169817.86
2023-08-21,96312.61,441862.75,169817.86
2023-08-22,96312.61,441862.75,169817.86
2023-08-23,96312.61,441862.75,169817.86
2023-08-24,96312.61,441862.75,169817.86
2023-08-25,96312.61,441862.75,169817.86
2023-08-26,96312.61,441862.75,169817.86
2023-08-27,96357.27,442060.28,169824.42
2023-08-28,96357.27,442060.28,169824.42
2023-08-29,96357.27,442060.28,169824.42
2023-08-30,96357.27,442060.28,169824.42
2023-08-31,96357.27,442060.28,169824.42
2023-09-01,96357.27,442060.28,169824.42
2023-09-02,96357.27,442060.28,169824.42
2023-09-03,96399.84,442269.88,169834.03
2023-09-04,96399.84,442269.88,169834.03
2023-09-05,96399.84,442269.88,169834.03
2023-09-06,96399.84,442269.88,169834.03
2023-09-07,96399.84,442269.88,169834.03
2023-09-08,96399.84,442269.88,169834.03
2023-09-09,96399.84,442269.88,169834.03
2023-09-10,96429.04,442461.97,169848.08
2023-09-11,96429.04,442461.97,169848.08
2023-09-12,96429.04,442461.97,169848.08
2023-09-13,96429.04,442461.97,169848.08
2023-09-14,96429.04,442461.97,169848.08
2023-09-15,96429.04,442461.97,169848.08
2023-09-16,96429.04,442461.97,169848.08
2023-09-17,96444.125,442653.44,169872.38
2023-09-18,96444.125,442653.44,169872.38
2023-09-19,96444.125,442653.44,169872.38
2023-09-20,96444.125,442653.44,169872.38
2023-09-21,96444.125,442653.44,169872.38
2023-09-22,96444.125,442653.44,169872.38
2023-09-23,96444.125,442653.44,169872.38
2023-09-24,96461.26,442851.5,169904.22
2023-09-25,96461.26,442851.5,169904.22
2023-09-26,96461.26,442851.5,169904.22
2023-09-27,96461.26,442851.5,169904.22
2023-09-28,96461.26,442851.5,169904.22
2023-09-29,96461.26,442851.5,169904.22
2023-09-30,96461.26,442851.5,169904.22
2023-10-01,96480.97,443057.3,169941.66
2023-10-02,96480.97,443057.3,169941.66
2023-10-03,96480.97,443057.3,169941.66
2023-10-04,96480.97,443057.3,169941.66
2023-10-05,96480.97,443057.3,169941.66
2023-10-06,96480.97,443057.3,169941.66
2023-10-07,96480.97,443057.3,169941.66
2023-10-08,96501.89,443269.56,169978.94
2023-10-09,96501.89,443269.56,169978.94
2023-10-10,96501.89,443269.56,169978.94
2023-10-11,96501.89,443269.56,169978.94
2023-10-12,96501.89,443269.56,169978.94
2023-10-13,96501.89,443269.56,169978.94
2023-10-14,96501.89,443269.56,169978.94
2023-10-15,96520.805,443448.6,170024.27
2023-10-16,96520.805,443448.6,170024.27
2023-10-17,96520.805,443448.6,170024.27
2023-10-18,96520.805,443448.6,170024.27
2023-10-19,96520.805,443448.6,170024.27
2023-10-20,96520.805,443448.6,170024.27
2023-10-21,96520.805,443448.6,170024.27
2023-10-22,96538.414,443653.1,170089.25
2023-10-23,96538.414,443653.1,170089.25
2023-10-24,96538.414,443653.1,170089.25
2023-10-25,96538.414,443653.1,170089.25
2023-10-26,96538.414,443653.1,170089.25
2023-10-27,96538.414,443653.1,170089.25
2023-10-28,96538.414,443653.1,170089.25
2023-10-29,96556.23,443895.3,170191.84
2023-10-30,96556.23,443895.3,170191.84
2023-10-31,96556.23,443895.3,170191.84
2023-11-01,96556.23,443895.3,170191.84
2023-11-02,96556.23,443895.3,170191.84
2023-11-03,96556.23,443895.3,170191.84
2023-11-04,96556.23,443895.3,170191.84
2023-11-05,96575.95,444188.72,170302.86
2023-11-06,96575.95,444188.72,170302.86
2023-11-07,96575.95,444188.72,170302.86
2023-11-08,96575.95,444188.72,170302.86
2023-11-09,96575.95,444188.72,170302.86
2023-11-10,96575.95,444188.72,170302.86
2023-11-11,96575.95,444188.72,170302.86
2023-11-12,96597.84,444581.56,170465.08
2023-11-13,96597.84,444581.56,170465.08
2023-11-14,96597.84,444581.56,170465.08
2023-11-15,96597.84,444581.56,170465.08
2023-11-16,96597.84,444581.56,170465.08
2023-11-17,96597.84,444581.56,170465.08
2023-11-18,96597.84,444581.56,170465.08
2023-11-19,96623.74,444993.72,170659.5
2023-11-20,96623.74,444993.72,170659.5
2023-11-21,96623.74,444993.72,170659.5
2023-11-22,96623.74,444993.72,170659.5
2023-11-23,96623.74,444993.72,170659.5
2023-11-24,96623.74,444993.72,170659.5
2023-11-25,96623.74,444993.72,170659.5
2023-11-26,96653.48,445386.16,170912.45
2023-11-27,96653.48,445386.16,170912.45
2023-11-28,96653.48,445386.16,170912.45
2023-11-29,96653.48,445386.16,170912.45
2023-11-30,96653.48,445386.16,170912.45
2023-12-01,96653.48,445386.16,170912.45
2023-12-02,96653.48,445386.16,170912.45
2023-12-03,96688.72,445753.3,171254.02
2023-12-04,96688.72,445753.3,171254.02
2023-12-05,96688.72,445753.3,171254.02
2023-12-06,96688.72,445753.3,171254.02
2023-12-07,96688.72,445753.3,171254.02
2023-12-08,96688.72,445753.3,171254.02
2023-12-09,96688.72,445753.3,171254.02
2023-12-10,96730.336,446134.25,171697.06
2023-12-11,96730.336,446134.25,171697.06
2023-12-12,96730.336,446134.25,171697.06
2023-12-13,96730.336,446134.25,171697.06
2023-12-14,96730.336,446134.25,171697.06
2023-12-15,96730.336,446134.25,171697.06
2023-12-16,96730.336,446134.25,171697.06
2023-12-17,96778.1,446534.9,172175.73
2023-12-18,96778.1,446534.9,172175.73
2023-12-19,96778.1,446534.9,172175.73
2023-12-20,96778.1,446534.9,172175.73
2023-12-21,96778.1,446534.9,172175.73
2023-12-22,96778.1,446534.9,172175.73
2023-12-23,96778.1,446534.9,172175.73
2023-12-24,96822.734,446960.3,172580.94
2023-12-25,96822.734,446960.3,172580.94
2023-12-26,96822.734,446960.3,172580.94
2023-12-27,96822.734,446960.3,172580.94
2023-12-28,96822.734,446960.3,172580.94
2023-12-29,96822.734,446960.3,172580.94
2023-12-30,96822.734,446960.3,172580.94
2023-12-31,96855.59,447369.97,172774.22
2024-01-01,96855.59,447369.97,172774.22
2024-01-02,96855.59,447369.97,172774.22
2024-01-03,96855.59,447369.97,172774.22
2024-01-04,96855.59,447369.97,172774.22
2024-01-05,96855.59,447369.97,172774.22
2024-01-06,96855.59,447369.97,172774.22
2024-01-07,96880.49,447744.7,172998.6
2024-01-08,96880.49,447744.7,172998.6
2024-01-09,96880.49,447744.7,172998.6
2024-01-10,96880.49,447744.7,172998.6
2024-01-11,96880.49,447744.7,172998.6
2024-01-12,96880.49,447744.7,172998.6
2024-01-13,96880.49,447744.7,172998.6
2024-01-14,96903.97,448166.6,173128.17
2024-01-15,96903.97,448166.6,173128.17
2024-01-16,96903.97,448166.6,173128.17
2024-01-17,96903.97,448166.6,173128.17
2024-01-18,96903.97,448166.6,173128.17
2024-01-19,96903.97,448166.6,173128.17
2024-01-20,96903.97,448166.6,173128.17
2024-01-21,96921.2,448578.47,173239.28
2024-01-22,96921.2,448578.47,173239.28
2024-01-23,96921.2,448578.47,173239.28
2024-01-24,96921.2,448578.47,173239.28
2024-01-25,96921.2,448578.47,173239.28
2024-01-26,96921.2,448578.47,173239.28
2024-01-27,96921.2,448578.47,173239.28
2024-01-28,96935.734,448923.62,173329.11
2024-01-29,96935.734,448923.62,173329.11
2024-01-30,96935.734,448923.62,173329.11
2024-01-31,96935.734,448923.62,173329.11
2024-02-01,96935.734,448923.62,173329.11
2024-02-02,96935.734,448923.62,173329.11
2024-02-03,96935.734,448923.62,173329.11
2024-02-04,96948.28,449225.8,173391.47
2024-02-05,96948.28,449225.8,173391.47
2024-02-06,96948.28,449225.8,173391.47
2024-02-07,96948.28,449225.8,173391.47
2024-02-08,96948.28,449225.8,173391.47
2024-02-09,96948.28,449225.8,173391.47
2024-02-10,96948.28,449225.8,173391.47
2024-02-11,96959.4,449534.97,173438.19
2024-02-12,96959.4,449534.97,173438.19
2024-02-13,96959.4,449534.97,173438.19
2024-02-14,96959.4,449534.97,173438.19
2024-02-15,96959.4,449534.97,173438.19
2024-02-16,96959.4,449534.97,173438.19
2024-02-17,96959.4,449534.97,173438.19
2024-02-18,96969.266,449819.72,173472.05
2024-02-19,96969.266,449819.72,173472.05
2024-02-20,96969.266,449819.72,173472.05
2024-02-21,96969.266,449819.72,173472.05
2024-02-22,96969.266,449819.72,173472.05
2024-02-23,96969.266,449819.72,173472.05
2024-02-24,96969.266,449819.72,173472.05
2024-02-25,96978.84,450102.1,173500.89
2024-02-26,96978.84,450102.1,173500.89
2024-02-27,96978.84,450102.1,173500.89
2024-02-28,96978.84,450102.1,173500.89
2024-02-29,96978.84,450102.1,173500.89
2024-03-01,96978.84,450102.1,173500.89
2024-03-02,96978.84,450102.1,173500.89
2024-03-03,96987.84,450384.06,173518.69
2024-03-04,96987.84,450384.06,173518.69
2024-03-05,96987.84,450384.06,173518.69
2024-03-06,96987.84,450384.06,173518.69
2024-03-07,96987.84,450384.06,173518.69
2024-03-08,96987.84,450384.06,173518.69
2024-03-09,96987.84,450384.06,173518.69
2024-03-10,96995.47,450640.5,173530.84
2024-03-11,96995.47,450640.5,173530.84
2024-03-12,96995.47,450640.5,173530.84
2024-03-13,96995.47,450640.5,173530.84
2024-03-14,96995.47,450640.5,173530.84
2024-03-15,96995.47,450640.5,173530.84
2024-03-16,96995.47,450640.5,173530.84
2024-03-17,97002.73,450889.12,173540.75
2024-03-18,97002.73,450889.12,173540.75
2024-03-19,97002.73,450889.12,173540.75
2024-03-20,97002.73,450889.12,173540.75
2024-03-21,97002.73,450889.12,173540.75
2024-03-22,97002.73,450889.12,173540.75
2024-03-23,97002.73,450889.12,173540.75
2024-03-24,97009.086,451087.62,173547.97
2024-03-25,97009.086,451087.62,173547.97
2024-03-26,97009.086,451087.62,173547.97
2024-03-27,97009.086,451087.62,173547.97
2024-03-28,97009.086,451087.62,173547.97
2024-03-29,97009.086,451087.62,173547.97
2024-03-30,97009.086,451087.62,173547.97
2024-03-31,97023.36,451266.94,173554.56
2024-04-01,97023.36,451266.94,173554.56
2024-04-02,97023.36,451266.94,173554.56
2024-04-03,97023.36,451266.94,173554.56
2024-04-04,97023.36,451266.94,173554.56
2024-04-05,97023.36,451266.94,173554.56
2024-04-06,97023.36,451266.94,173554.56
2024-04-07,97028.414,451430.3,173559.02
2024-04-08,97028.414,451430.3,173559.02
2024-04-09,97028.414,451430.3,173559.02
2024-04-10,97028.414,451430.3,173559.02
2024-04-11,97028.414,451430.3,173559.02
2024-04-12,97028.414,451430.3,173559.02
2024-04-13,97028.414,451430.3,173559.02
2024-04-14,97033.414,451602.9,173562.55
2024-04-15,97033.414,451602.9,173562.55
2024-04-16,97033.414,451602.9,173562.55
2024-04-17,97033.414,451602.9,173562.55
2024-04-18,97033.414,451602.9,173562.55
2024-04-19,97033.414,451602.9,173562.55
2024-04-20,97033.414,451602.9,173562.55
2024-04-21,97037.46,451771.75,173564.77
2024-04-22,97037.46,451771.75,173564.77
2024-04-23,97037.46,451771.75,173564.77
2024-04-24,97037.46,451771.75,173564.77
2024-04-25,97037.46,451771.75,173564.77
2024-04-26,97037.46,451771.75,173564.77
2024-04-27,97037.46,451771.75,173564.77
2024-04-28,97041.81,451949.5,173567.64
2024-04-29,97041.81,451949.5,173567.64
2024-04-30,97041.81,451949.5,173567.64
2024-05-01,97041.81,451949.5,173567.64
2024-05-02,97041.81,451949.5,173567.64
2024-05-03,97041.81,451949.5,173567.64
2024-05-04,97041.81,451949.5,173567.64
2024-05-05,97045.75,452135.22,173570.5
2024-05-06,97045.75,452135.22,173570.5
2024-05-07,97045.75,452135.22,173570.5
2024-05-08,97045.75,452135.22,173570.5
2024-05-09,97045.75,452135.22,173570.5
2024-05-10,97045.75,452135.22,173570.5
2024-05-11,97045.75,452135.22,173570.5
2024-05-12,97050.055,452393.56,173573.12
2024-05-13,97050.055,452393.56,173573.12
2024-05-14,97050.055,452393.56,173573.12
2024-05-15,97050.055,452393.56,173573.12
2024-05-16,97050.055,452393.56,173573.12
2024-05-17,97050.055,452393.56,173573.12
2024-05-18,97050.055,452393.56,173573.12
2024-05-19,97054.83,452699.0,173577.19
2024-05-20,97054.83,452699.0,173577.19
2024-05-21,97054.83,452699.0,173577.19
2024-05-22,97054.83,452699.0,173577.19
2024-05-23,97054.83,452699.0,173577.19
2024-05-24,97054.83,452699.0,173577.19
2024-05-25,97054.83,452699.0,173577.19
2024-05-26,97058.86,452699.0,173580.88
2024-05-27,97058.86,452699.0,173580.88
2024-05-28,97058.86,452699.0,173580.88
2024-05-29,97058.86,452699.0,173580.88
2024-05-30,97058.86,452699.0,173580.88
2024-05-31,97058.86,452699.0,173580.88
2024-06-01,97058.86,452699.0,173580.88
2024-06-02,97063.22,452699.0,173584.12
2024-06-03,97063.22,452699.0,173584.12
2024-06-04,97063.22,452699.0,173584.12
2024-06-05,97063.22,452699.0,173584.12
2024-06-06,97063.22,452699.0,173584.12
2024-06-07,97063.22,452699.0,173584.12
2024-06-08,97063.22,452699.0,173584.12
2024-06-09,97067.695,452699.0,173588.58
2024-06-10,97067.695,452699.0,173588.58
2024-06-11,97067.695,452699.0,173588.58
2024-06-12,97067.695,452699.0,173588.58
2024-06-13,97067.695,452699.0,173588.58
2024-06-14,97067.695,452699.0,173588.58
2024-06-15,97067.695,452699.0,173588.58
2024-06-16,97072.234,452699.0,173595.22
2024-06-17,97072.234,452699.0,173595.22
2024-06-18,97072.234,452699.0,173595.22
2024-06-19,97072.234,452699.0,173595.22
2024-06-20,97072.234,452699.0,173595.22
2024-06-21,97072.234,452699.0,173595.22
2024-06-22,97072.234,452699.0,173595.22
2024-06-23,97076.88,452699.0,173605.25
2024-06-24,97076.88,452699.0,173605.25
2024-06-25,97076.88,452699.0,173605.25
2024-06-26,97076.88,452699.0,173605.25
2024-06-27,97076.88,452699.0,173605.25
2024-06-28,97076.88,452699.0,173605.25
2024-06-29,97076.88,452699.0,173605.25
2024-06-30,97082.7,452699.0,173616.98
2024-07-01,97082.7,452699.0,173616.98
2024-07-02,97082.7,452699.0,173616.98
2024-07-03,97082.7,452699.0,173616.98
2024-07-04,97082.7,452699.0,173616.98
2024-07-05,97082.7,452699.0,173616.98
2024-07-06,97082.7,452699.0,173616.98
2024-07-07,97088.59,452699.0,173630.52
2024-07-08,97088.59,452699.0,173630.52
2024-07-09,97088.59,452699.0,173630.52
2024-07-10,97088.59,452699.0,173630.52
2024-07-11,97088.59,452699.0,173630.52
2024-07-12,97088.59,452699.0,173630.52
2024-07-13,97088.59,452699.0,173630.52
2024-07-14,97094.42,452699.0,173651.05
2024-07-15,97094.42,452699.0,173651.05
2024-07-16,97094.42,452699.0,173651.05
2024-07-17,97094.42,452699.0,173651.05
2024-07-18,97094.42,452699.0,173651.05
2024-07-19,97094.42,452699.0,173651.05
2024-07-20,97094.42,452699.0,173651.05
2024-07-21,97100.94,452699.0,173674.86
2024-07-22,97100.94,452699.0,173674.86
2024-07-23,97100.94,452699.0,173674.86
2024-07-24,97100.94,452699.0,173674.86
2024-07-25,97100.94,452699.0,173674.86
2024-07-26,97100.94,452699.0,173674.86
2024-07-27,97100.94,452699.0,173674.86
2024-07-28,97107.945,452699.0,173719.12
2024-07-29,97107.945,452699.0,173719.12
2024-07-30,97107.945,452699.0,173719.12
2024-07-31,97107.945,452699.0,173719.12
2024-08-01,97107.945,452699.0,173719.12
2024-08-02,97107.945,452699.0,173719.12
2024-08-03,97107.945,452699.0,173719.12
2024-08-04,97113.85,452699.0,173783.28
