date,country,code,Daily ICU occupancy,Daily ICU occupancy per million,Daily hospital occupancy,Daily hospital occupancy per million
2020-03-31,Australia,AUS,82.0,3.132,426.0,16.274
2020-04-01,Australia,AUS,86.0,3.285,441.0,16.847
2020-04-02,Australia,AUS,92.0,3.514,415.0,15.853
2020-04-03,Australia,AUS,93.0,3.553,457.0,17.458
2020-04-04,Australia,AUS,95.0,3.629,490.0,18.718
2020-04-05,Australia,AUS,96.0,3.667,457.0,17.458
2020-04-06,Australia,AUS,93.0,3.553,305.0,11.651
2020-04-07,Australia,AUS,87.0,3.323,263.0,10.047
2020-04-08,Australia,AUS,81.0,3.094,262.0,10.009
2020-04-09,Australia,AUS,81.0,3.094,247.0,9.436
2020-04-10,Australia,AUS,80.0,3.056,240.0,9.168
2020-04-11,Australia,AUS,83.0,3.171,239.0,9.13
2020-04-12,Australia,AUS,79.0,3.018,227.0,8.672
2020-04-13,Australia,AUS,80.0,3.056,230.0,8.786
2020-04-14,Australia,AUS,73.0,2.789,214.0,8.175
2020-04-15,Australia,AUS,67.0,2.559,201.0,7.678
2020-04-16,Australia,AUS,60.0,2.292,192.0,7.335
2020-04-17,Australia,AUS,55.0,2.101,184.0,7.029
2020-04-18,Australia,AUS,48.0,1.834,177.0,6.762
2020-04-19,Australia,AUS,49.0,1.872,170.0,6.494
2020-04-20,Australia,AUS,47.0,1.795,167.0,6.38
2020-04-21,Australia,AUS,46.0,1.757,161.0,6.15
2020-04-22,Australia,AUS,45.0,1.719,152.0,5.807
2020-04-23,Australia,AUS,42.0,1.604,138.0,5.272
2020-04-24,Australia,AUS,43.0,1.643,129.0,4.928
2020-04-25,Australia,AUS,43.0,1.643,115.0,4.393
2020-04-26,Australia,AUS,43.0,1.643,113.0,4.317
2020-04-27,Australia,AUS,42.0,1.604,109.0,4.164
2020-04-28,Australia,AUS,38.0,1.452,93.0,3.553
2020-04-29,Australia,AUS,34.0,1.299,89.0,3.4
2020-04-30,Australia,AUS,28.0,1.07,83.0,3.171
2020-05-01,Australia,AUS,28.0,1.07,79.0,3.018
2020-05-02,Australia,AUS,28.0,1.07,75.0,2.865
2020-05-03,Australia,AUS,28.0,1.07,70.0,2.674
2020-05-04,Australia,AUS,27.0,1.031,66.0,2.521
2020-05-05,Australia,AUS,27.0,1.031,62.0,2.368
2020-05-06,Australia,AUS,23.0,0.879,58.0,2.216
2020-05-07,Australia,AUS,21.0,0.802,56.0,2.139
2020-05-08,Australia,AUS,19.0,0.726,51.0,1.948
2020-05-09,Australia,AUS,17.0,0.649,43.0,1.643
2020-05-10,Australia,AUS,16.0,0.611,49.0,1.872
2020-05-11,Australia,AUS,16.0,0.611,47.0,1.795
2020-05-12,Australia,AUS,17.0,0.649,50.0,1.91
2020-05-13,Australia,AUS,18.0,0.688,51.0,1.948
2020-05-14,Australia,AUS,17.0,0.649,46.0,1.757
2020-05-15,Australia,AUS,16.0,0.611,49.0,1.872
2020-05-16,Australia,AUS,16.0,0.611,50.0,1.91
2020-05-17,Australia,AUS,12.0,0.458,45.0,1.719
2020-05-18,Australia,AUS,11.0,0.42,47.0,1.795
2020-05-19,Australia,AUS,9.0,0.344,43.0,1.643
2020-05-20,Australia,AUS,9.0,0.344,41.0,1.566
2020-05-21,Australia,AUS,7.0,0.267,39.0,1.49
2020-05-22,Australia,AUS,5.0,0.191,35.0,1.337
2020-05-23,Australia,AUS,5.0,0.191,33.0,1.261
2020-05-24,Australia,AUS,5.0,0.191,31.0,1.184
2020-05-25,Australia,AUS,5.0,0.191,30.0,1.146
2020-05-26,Australia,AUS,6.0,0.229,30.0,1.146
2020-05-27,Australia,AUS,5.0,0.191,29.0,1.108
2020-05-28,Australia,AUS,4.0,0.153,23.0,0.879
2020-05-29,Australia,AUS,4.0,0.153,22.0,0.84
2020-05-30,Australia,AUS,4.0,0.153,20.0,0.764
2020-05-31,Australia,AUS,3.0,0.115,20.0,0.764
2020-06-01,Australia,AUS,4.0,0.153,26.0,0.993
2020-06-02,Australia,AUS,5.0,0.191,25.0,0.955
2020-06-03,Australia,AUS,4.0,0.153,22.0,0.84
2020-06-04,Australia,AUS,2.0,0.076,21.0,0.802
2020-06-05,Australia,AUS,4.0,0.153,21.0,0.802
2020-06-06,Australia,AUS,3.0,0.115,18.0,0.688
2020-06-07,Australia,AUS,3.0,0.115,19.0,0.726
2020-06-08,Australia,AUS,2.0,0.076,18.0,0.688
2020-06-09,Australia,AUS,3.0,0.115,20.0,0.764
2020-06-10,Australia,AUS,2.0,0.076,18.0,0.688
2020-06-11,Australia,AUS,2.0,0.076,17.0,0.649
2020-06-12,Australia,AUS,2.0,0.076,16.0,0.611
2020-06-13,Australia,AUS,3.0,0.115,16.0,0.611
2020-06-14,Australia,AUS,4.0,0.153,17.0,0.649
2020-06-15,Australia,AUS,3.0,0.115,17.0,0.649
2020-06-16,Australia,AUS,3.0,0.115,16.0,0.611
2020-06-17,Australia,AUS,2.0,0.076,14.0,0.535
2020-06-18,Australia,AUS,2.0,0.076,15.0,0.573
2020-06-19,Australia,AUS,3.0,0.115,17.0,0.649
2020-06-20,Australia,AUS,2.0,0.076,16.0,0.611
2020-06-21,Australia,AUS,2.0,0.076,18.0,0.688
2020-06-22,Australia,AUS,3.0,0.115,19.0,0.726
2020-06-23,Australia,AUS,2.0,0.076,16.0,0.611
2020-06-24,Australia,AUS,2.0,0.076,16.0,0.611
2020-06-25,Australia,AUS,1.0,0.038,12.0,0.458
2020-06-26,Australia,AUS,1.0,0.038,12.0,0.458
2020-06-27,Australia,AUS,1.0,0.038,11.0,0.42
2020-06-28,Australia,AUS,1.0,0.038,15.0,0.573
2020-06-29,Australia,AUS,1.0,0.038,14.0,0.535
2020-06-30,Australia,AUS,3.0,0.115,18.0,0.688
2020-07-01,Australia,AUS,5.0,0.191,24.0,0.917
2020-07-02,Australia,AUS,7.0,0.267,27.0,1.031
2020-07-03,Australia,AUS,4.0,0.153,29.0,1.108
2020-07-04,Australia,AUS,4.0,0.153,30.0,1.146
2020-07-05,Australia,AUS,6.0,0.229,34.0,1.299
2020-07-06,Australia,AUS,10.0,0.382,39.0,1.49
2020-07-07,Australia,AUS,8.0,0.306,46.0,1.757
2020-07-08,Australia,AUS,10.0,0.382,45.0,1.719
2020-07-09,Australia,AUS,13.0,0.497,54.0,2.063
2020-07-10,Australia,AUS,16.0,0.611,55.0,2.101
2020-07-11,Australia,AUS,17.0,0.649,67.0,2.559
2020-07-12,Australia,AUS,18.0,0.688,92.0,3.514
2020-07-13,Australia,AUS,27.0,1.031,90.0,3.438
2020-07-14,Australia,AUS,28.0,1.07,111.0,4.24
2020-07-15,Australia,AUS,30.0,1.146,114.0,4.355
2020-07-16,Australia,AUS,32.0,1.222,126.0,4.813
2020-07-17,Australia,AUS,26.0,0.993,115.0,4.393
2020-07-18,Australia,AUS,29.0,1.108,135.0,5.157
2020-07-19,Australia,AUS,33.0,1.261,156.0,5.959
2020-07-20,Australia,AUS,38.0,1.452,182.0,6.953
2020-07-21,Australia,AUS,42.0,1.604,214.0,8.175
2020-07-22,Australia,AUS,41.0,1.566,211.0,8.06
2020-07-23,Australia,AUS,44.0,1.681,217.0,8.29
2020-07-24,Australia,AUS,46.0,1.757,239.0,9.13
2020-07-25,Australia,AUS,46.0,1.757,241.0,9.206
2020-07-26,Australia,AUS,49.0,1.872,259.0,9.894
2020-07-27,Australia,AUS,47.0,1.795,275.0,10.505
2020-07-28,Australia,AUS,46.0,1.757,323.0,12.339
2020-07-29,Australia,AUS,40.0,1.528,330.0,12.606
2020-07-30,Australia,AUS,44.0,1.681,366.0,13.982
2020-07-31,Australia,AUS,50.0,1.91,401.0,15.319
2020-08-01,Australia,AUS,46.0,1.757,408.0,15.586
2020-08-02,Australia,AUS,43.0,1.643,439.0,16.77
2020-08-03,Australia,AUS,44.0,1.681,483.0,18.451
2020-08-04,Australia,AUS,51.0,1.948,566.0,21.622
2020-08-05,Australia,AUS,52.0,1.986,600.0,22.921
2020-08-06,Australia,AUS,51.0,1.948,632.0,24.143
2020-08-07,Australia,AUS,53.0,2.025,659.0,25.174
2020-08-08,Australia,AUS,51.0,1.948,658.0,25.136
2020-08-09,Australia,AUS,56.0,2.139,664.0,25.365
2020-08-10,Australia,AUS,51.0,1.948,673.0,25.709
2020-08-11,Australia,AUS,51.0,1.948,686.0,26.206
2020-08-12,Australia,AUS,44.0,1.681,686.0,26.206
2020-08-13,Australia,AUS,47.0,1.795,679.0,25.938
2020-08-14,Australia,AUS,48.0,1.834,681.0,26.015
2020-08-15,Australia,AUS,47.0,1.795,680.0,25.977
2020-08-16,Australia,AUS,51.0,1.948,674.0,25.747
2020-08-17,Australia,AUS,52.0,1.986,682.0,26.053
2020-08-18,Australia,AUS,52.0,1.986,694.0,26.511
2020-08-19,Australia,AUS,51.0,1.948,644.0,24.601
2020-08-20,Australia,AUS,47.0,1.795,647.0,24.716
2020-08-21,Australia,AUS,43.0,1.643,631.0,24.105
2020-08-22,Australia,AUS,39.0,1.49,604.0,23.073
2020-08-23,Australia,AUS,38.0,1.452,659.0,25.174
2020-08-24,Australia,AUS,42.0,1.604,644.0,24.601
2020-08-25,Australia,AUS,46.0,1.757,603.0,23.035
2020-08-26,Australia,AUS,35.0,1.337,558.0,21.316
2020-08-27,Australia,AUS,35.0,1.337,543.0,20.743
2020-08-28,Australia,AUS,32.0,1.222,510.0,19.482
2020-08-29,Australia,AUS,31.0,1.184,501.0,19.139
2020-08-30,Australia,AUS,27.0,1.031,481.0,18.375
2020-08-31,Australia,AUS,26.0,0.993,450.0,17.19
2020-09-01,Australia,AUS,23.0,0.879,432.0,16.503
2020-09-02,Australia,AUS,26.0,0.993,391.0,14.937
2020-09-03,Australia,AUS,27.0,1.031,357.0,13.638
2020-09-04,Australia,AUS,27.0,1.031,326.0,12.453
2020-09-05,Australia,AUS,26.0,0.993,310.0,11.842
2020-09-06,Australia,AUS,32.0,1.222,294.0,11.231
2020-09-07,Australia,AUS,29.0,1.108,263.0,10.047
2020-09-08,Australia,AUS,26.0,0.993,221.0,8.442
2020-09-09,Australia,AUS,23.0,0.879,195.0,7.449
2020-09-10,Australia,AUS,18.0,0.688,162.0,6.189
2020-09-11,Australia,AUS,15.0,0.573,151.0,5.768
2020-09-12,Australia,AUS,17.0,0.649,137.0,5.234
2020-09-13,Australia,AUS,18.0,0.688,141.0,5.386
2020-09-14,Australia,AUS,17.0,0.649,139.0,5.31
2020-09-15,Australia,AUS,16.0,0.611,126.0,4.813
2020-09-16,Australia,AUS,16.0,0.611,117.0,4.47
2020-09-17,Australia,AUS,15.0,0.573,108.0,4.126
2020-09-18,Australia,AUS,12.0,0.458,106.0,4.049
2020-09-19,Australia,AUS,10.0,0.382,109.0,4.164
2020-09-20,Australia,AUS,8.0,0.306,107.0,4.087
2020-09-21,Australia,AUS,11.0,0.42,100.0,3.82
2020-09-22,Australia,AUS,11.0,0.42,89.0,3.4
2020-09-23,Australia,AUS,11.0,0.42,81.0,3.094
2020-09-24,Australia,AUS,11.0,0.42,71.0,2.712
2020-09-25,Australia,AUS,12.0,0.458,68.0,2.598
2020-09-26,Australia,AUS,12.0,0.458,65.0,2.483
2020-09-27,Australia,AUS,11.0,0.42,62.0,2.368
2020-09-28,Australia,AUS,8.0,0.306,60.0,2.292
2020-09-29,Australia,AUS,9.0,0.344,55.0,2.101
2020-09-30,Australia,AUS,9.0,0.344,50.0,1.91
2020-10-01,Australia,AUS,6.0,0.229,51.0,1.948
2020-10-02,Australia,AUS,6.0,0.229,49.0,1.872
2020-10-03,Australia,AUS,6.0,0.229,46.0,1.757
2020-10-04,Australia,AUS,6.0,0.229,46.0,1.757
2020-10-05,Australia,AUS,5.0,0.191,37.0,1.413
2020-10-06,Australia,AUS,6.0,0.229,32.0,1.222
2020-10-07,Australia,AUS,3.0,0.115,31.0,1.184
2020-10-08,Australia,AUS,4.0,0.153,28.0,1.07
2020-10-09,Australia,AUS,3.0,0.115,31.0,1.184
2020-10-10,Australia,AUS,1.0,0.038,31.0,1.184
2020-10-11,Australia,AUS,1.0,0.038,32.0,1.222
2020-10-12,Australia,AUS,1.0,0.038,31.0,1.184
2020-10-13,Australia,AUS,1.0,0.038,28.0,1.07
2020-10-14,Australia,AUS,1.0,0.038,26.0,0.993
2020-10-15,Australia,AUS,1.0,0.038,20.0,0.764
2020-10-16,Australia,AUS,0.0,0.0,18.0,0.688
2020-10-17,Australia,AUS,1.0,0.038,16.0,0.611
2020-10-18,Australia,AUS,1.0,0.038,17.0,0.649
2020-10-19,Australia,AUS,1.0,0.038,17.0,0.649
2020-10-20,Australia,AUS,1.0,0.038,16.0,0.611
2020-10-21,Australia,AUS,0.0,0.0,16.0,0.611
2020-10-22,Australia,AUS,0.0,0.0,20.0,0.764
2020-10-23,Australia,AUS,0.0,0.0,18.0,0.688
2020-10-24,Australia,AUS,0.0,0.0,17.0,0.649
2020-10-25,Australia,AUS,0.0,0.0,17.0,0.649
2020-10-26,Australia,AUS,1.0,0.038,15.0,0.573
2020-10-27,Australia,AUS,1.0,0.038,13.0,0.497
2020-10-28,Australia,AUS,1.0,0.038,19.0,0.726
2020-10-29,Australia,AUS,1.0,0.038,20.0,0.764
2020-10-30,Australia,AUS,1.0,0.038,17.0,0.649
2020-10-31,Australia,AUS,1.0,0.038,17.0,0.649
2020-11-01,Australia,AUS,1.0,0.038,16.0,0.611
2020-11-02,Australia,AUS,1.0,0.038,15.0,0.573
2020-11-03,Australia,AUS,1.0,0.038,20.0,0.764
2020-11-04,Australia,AUS,1.0,0.038,21.0,0.802
2020-11-05,Australia,AUS,1.0,0.038,20.0,0.764
2020-11-06,Australia,AUS,1.0,0.038,19.0,0.726
2020-11-07,Australia,AUS,1.0,0.038,19.0,0.726
2020-11-08,Australia,AUS,1.0,0.038,20.0,0.764
2020-11-09,Australia,AUS,0.0,0.0,20.0,0.764
2020-11-10,Australia,AUS,0.0,0.0,22.0,0.84
2020-11-11,Australia,AUS,0.0,0.0,22.0,0.84
2020-11-12,Australia,AUS,0.0,0.0,22.0,0.84
2020-11-13,Australia,AUS,0.0,0.0,21.0,0.802
2020-11-14,Australia,AUS,0.0,0.0,22.0,0.84
2020-11-15,Australia,AUS,0.0,0.0,24.0,0.917
2020-11-16,Australia,AUS,0.0,0.0,23.0,0.879
2020-11-17,Australia,AUS,0.0,0.0,22.0,0.84
2020-11-18,Australia,AUS,0.0,0.0,26.0,0.993
2020-11-19,Australia,AUS,0.0,0.0,23.0,0.879
2020-11-20,Australia,AUS,0.0,0.0,25.0,0.955
2020-11-21,Australia,AUS,0.0,0.0,22.0,0.84
2020-11-22,Australia,AUS,0.0,0.0,21.0,0.802
2020-11-23,Australia,AUS,0.0,0.0,25.0,0.955
2020-11-24,Australia,AUS,0.0,0.0,24.0,0.917
2020-11-25,Australia,AUS,0.0,0.0,24.0,0.917
2020-11-26,Australia,AUS,0.0,0.0,22.0,0.84
2020-11-27,Australia,AUS,0.0,0.0,21.0,0.802
2020-11-28,Australia,AUS,0.0,0.0,21.0,0.802
2020-11-29,Australia,AUS,0.0,0.0,22.0,0.84
2020-11-30,Australia,AUS,0.0,0.0,21.0,0.802
2020-12-01,Australia,AUS,0.0,0.0,21.0,0.802
2020-12-02,Australia,AUS,0.0,0.0,26.0,0.993
2020-12-03,Australia,AUS,0.0,0.0,27.0,1.031
2020-12-04,Australia,AUS,0.0,0.0,28.0,1.07
2020-12-05,Australia,AUS,0.0,0.0,29.0,1.108
2020-12-06,Australia,AUS,0.0,0.0,33.0,1.261
2020-12-07,Australia,AUS,0.0,0.0,37.0,1.413
2020-12-08,Australia,AUS,0.0,0.0,32.0,1.222
2020-12-09,Australia,AUS,0.0,0.0,38.0,1.452
2020-12-10,Australia,AUS,0.0,0.0,38.0,1.452
2020-12-11,Australia,AUS,0.0,0.0,37.0,1.413
2020-12-12,Australia,AUS,0.0,0.0,34.0,1.299
2020-12-13,Australia,AUS,1.0,0.038,28.0,1.07
2020-12-14,Australia,AUS,1.0,0.038,31.0,1.184
2020-12-15,Australia,AUS,1.0,0.038,28.0,1.07
2020-12-16,Australia,AUS,0.0,0.0,29.0,1.108
2020-12-17,Australia,AUS,0.0,0.0,24.0,0.917
2020-12-18,Australia,AUS,0.0,0.0,25.0,0.955
2020-12-19,Australia,AUS,0.0,0.0,26.0,0.993
2020-12-20,Australia,AUS,0.0,0.0,23.0,0.879
2020-12-21,Australia,AUS,0.0,0.0,22.0,0.84
2020-12-22,Australia,AUS,0.0,0.0,20.0,0.764
2020-12-23,Australia,AUS,0.0,0.0,21.0,0.802
2020-12-24,Australia,AUS,0.0,0.0,24.0,0.917
2020-12-25,Australia,AUS,0.0,0.0,23.0,0.879
2020-12-26,Australia,AUS,0.0,0.0,25.0,0.955
2020-12-27,Australia,AUS,0.0,0.0,19.0,0.726
2020-12-28,Australia,AUS,0.0,0.0,24.0,0.917
2020-12-29,Australia,AUS,0.0,0.0,19.0,0.726
2020-12-30,Australia,AUS,0.0,0.0,22.0,0.84
2020-12-31,Australia,AUS,0.0,0.0,19.0,0.726
2021-01-01,Australia,AUS,0.0,0.0,25.0,0.955
2021-01-02,Australia,AUS,0.0,0.0,26.0,0.993
2021-01-03,Australia,AUS,0.0,0.0,26.0,0.993
2021-01-04,Australia,AUS,0.0,0.0,32.0,1.222
2021-01-05,Australia,AUS,0.0,0.0,36.0,1.375
2021-01-06,Australia,AUS,0.0,0.0,38.0,1.452
2021-01-07,Australia,AUS,0.0,0.0,41.0,1.566
2021-01-08,Australia,AUS,0.0,0.0,40.0,1.528
2021-01-09,Australia,AUS,0.0,0.0,41.0,1.566
2021-01-10,Australia,AUS,0.0,0.0,45.0,1.719
2021-01-11,Australia,AUS,0.0,0.0,47.0,1.795
2021-01-12,Australia,AUS,1.0,0.038,44.0,1.681
2021-01-13,Australia,AUS,1.0,0.038,46.0,1.757
2021-01-14,Australia,AUS,1.0,0.038,51.0,1.948
2021-01-15,Australia,AUS,2.0,0.076,47.0,1.795
2021-01-16,Australia,AUS,2.0,0.076,38.0,1.452
2021-01-17,Australia,AUS,2.0,0.076,34.0,1.299
2021-01-18,Australia,AUS,1.0,0.038,32.0,1.222
2021-01-19,Australia,AUS,1.0,0.038,36.0,1.375
2021-01-20,Australia,AUS,1.0,0.038,32.0,1.222
2021-01-21,Australia,AUS,0.0,0.0,34.0,1.299
2021-01-22,Australia,AUS,0.0,0.0,32.0,1.222
2021-01-23,Australia,AUS,0.0,0.0,26.0,0.993
2021-01-24,Australia,AUS,0.0,0.0,25.0,0.955
2021-01-25,Australia,AUS,0.0,0.0,28.0,1.07
2021-01-26,Australia,AUS,0.0,0.0,21.0,0.802
2021-01-27,Australia,AUS,0.0,0.0,21.0,0.802
2021-01-28,Australia,AUS,0.0,0.0,20.0,0.764
2021-01-29,Australia,AUS,0.0,0.0,14.0,0.535
2021-01-30,Australia,AUS,0.0,0.0,14.0,0.535
2021-01-31,Australia,AUS,0.0,0.0,10.0,0.382
2021-02-01,Australia,AUS,0.0,0.0,9.0,0.344
2021-02-02,Australia,AUS,0.0,0.0,9.0,0.344
2021-02-03,Australia,AUS,0.0,0.0,10.0,0.382
2021-02-04,Australia,AUS,0.0,0.0,9.0,0.344
2021-02-05,Australia,AUS,0.0,0.0,9.0,0.344
2021-02-06,Australia,AUS,0.0,0.0,11.0,0.42
2021-02-07,Australia,AUS,0.0,0.0,10.0,0.382
2021-02-08,Australia,AUS,1.0,0.038,11.0,0.42
2021-02-09,Australia,AUS,1.0,0.038,12.0,0.458
2021-02-10,Australia,AUS,1.0,0.038,11.0,0.42
2021-02-11,Australia,AUS,1.0,0.038,12.0,0.458
2021-02-12,Australia,AUS,0.0,0.0,11.0,0.42
2021-02-13,Australia,AUS,0.0,0.0,14.0,0.535
2021-02-14,Australia,AUS,0.0,0.0,14.0,0.535
2021-02-15,Australia,AUS,0.0,0.0,12.0,0.458
2021-02-16,Australia,AUS,0.0,0.0,11.0,0.42
2021-02-17,Australia,AUS,0.0,0.0,12.0,0.458
2021-02-18,Australia,AUS,1.0,0.038,10.0,0.382
2021-02-19,Australia,AUS,1.0,0.038,10.0,0.382
2021-02-20,Australia,AUS,1.0,0.038,10.0,0.382
2021-02-21,Australia,AUS,1.0,0.038,11.0,0.42
2021-02-22,Australia,AUS,0.0,0.0,11.0,0.42
2021-02-23,Australia,AUS,0.0,0.0,12.0,0.458
2021-02-24,Australia,AUS,0.0,0.0,13.0,0.497
2021-02-25,Australia,AUS,0.0,0.0,17.0,0.649
2021-02-26,Australia,AUS,1.0,0.038,21.0,0.802
2021-02-27,Australia,AUS,0.0,0.0,19.0,0.726
2021-02-28,Australia,AUS,1.0,0.038,17.0,0.649
2021-03-01,Australia,AUS,1.0,0.038,24.0,0.917
2021-03-02,Australia,AUS,1.0,0.038,20.0,0.764
2021-03-03,Australia,AUS,1.0,0.038,27.0,1.031
2021-03-04,Australia,AUS,1.0,0.038,24.0,0.917
2021-03-05,Australia,AUS,1.0,0.038,27.0,1.031
2021-03-06,Australia,AUS,1.0,0.038,29.0,1.108
2021-03-07,Australia,AUS,1.0,0.038,29.0,1.108
2021-03-08,Australia,AUS,1.0,0.038,29.0,1.108
2021-03-09,Australia,AUS,1.0,0.038,42.0,1.604
2021-03-10,Australia,AUS,0.0,0.0,46.0,1.757
2021-03-11,Australia,AUS,0.0,0.0,44.0,1.681
2021-03-12,Australia,AUS,0.0,0.0,48.0,1.834
2021-03-13,Australia,AUS,0.0,0.0,41.0,1.566
2021-03-14,Australia,AUS,0.0,0.0,37.0,1.413
2021-03-15,Australia,AUS,0.0,0.0,43.0,1.643
2021-03-16,Australia,AUS,1.0,0.038,47.0,1.795
2021-03-17,Australia,AUS,0.0,0.0,46.0,1.757
2021-03-18,Australia,AUS,1.0,0.038,63.0,2.407
2021-03-19,Australia,AUS,3.0,0.115,64.0,2.445
2021-03-20,Australia,AUS,2.0,0.076,60.0,2.292
2021-03-21,Australia,AUS,1.0,0.038,64.0,2.445
2021-03-22,Australia,AUS,1.0,0.038,66.0,2.521
2021-03-23,Australia,AUS,1.0,0.038,72.0,2.75
2021-03-24,Australia,AUS,1.0,0.038,71.0,2.712
2021-03-25,Australia,AUS,1.0,0.038,73.0,2.789
2021-03-26,Australia,AUS,2.0,0.076,75.0,2.865
2021-03-27,Australia,AUS,2.0,0.076,77.0,2.941
2021-03-28,Australia,AUS,2.0,0.076,78.0,2.98
2021-03-29,Australia,AUS,2.0,0.076,83.0,3.171
2021-03-30,Australia,AUS,1.0,0.038,76.0,2.903
2021-03-31,Australia,AUS,1.0,0.038,87.0,3.323
2021-04-01,Australia,AUS,1.0,0.038,86.0,3.285
2021-04-02,Australia,AUS,2.0,0.076,78.0,2.98
2021-04-03,Australia,AUS,3.0,0.115,81.0,3.094
2021-04-04,Australia,AUS,3.0,0.115,84.0,3.209
2021-04-05,Australia,AUS,2.0,0.076,79.0,3.018
2021-04-06,Australia,AUS,2.0,0.076,82.0,3.132
2021-04-07,Australia,AUS,2.0,0.076,76.0,2.903
2021-04-08,Australia,AUS,2.0,0.076,76.0,2.903
2021-04-09,Australia,AUS,1.0,0.038,69.0,2.636
2021-04-10,Australia,AUS,1.0,0.038,65.0,2.483
2021-04-11,Australia,AUS,1.0,0.038,62.0,2.368
2021-04-12,Australia,AUS,2.0,0.076,63.0,2.407
2021-04-13,Australia,AUS,2.0,0.076,59.0,2.254
2021-04-14,Australia,AUS,2.0,0.076,50.0,1.91
2021-04-15,Australia,AUS,2.0,0.076,46.0,1.757
2021-04-16,Australia,AUS,2.0,0.076,44.0,1.681
2021-04-17,Australia,AUS,3.0,0.115,44.0,1.681
2021-04-18,Australia,AUS,3.0,0.115,47.0,1.795
2021-04-19,Australia,AUS,3.0,0.115,48.0,1.834
2021-04-20,Australia,AUS,1.0,0.038,47.0,1.795
2021-04-21,Australia,AUS,1.0,0.038,47.0,1.795
2021-04-22,Australia,AUS,1.0,0.038,61.0,2.33
2021-04-23,Australia,AUS,1.0,0.038,67.0,2.559
2021-04-24,Australia,AUS,1.0,0.038,68.0,2.598
2021-04-25,Australia,AUS,1.0,0.038,73.0,2.789
2021-04-26,Australia,AUS,1.0,0.038,71.0,2.712
2021-04-27,Australia,AUS,2.0,0.076,75.0,2.865
2021-04-28,Australia,AUS,2.0,0.076,69.0,2.636
2021-04-29,Australia,AUS,2.0,0.076,72.0,2.75
2021-04-30,Australia,AUS,2.0,0.076,74.0,2.827
2021-05-01,Australia,AUS,2.0,0.076,63.0,2.407
2021-05-02,Australia,AUS,1.0,0.038,57.0,2.177
2021-05-03,Australia,AUS,1.0,0.038,60.0,2.292
2021-05-04,Australia,AUS,1.0,0.038,54.0,2.063
2021-05-05,Australia,AUS,1.0,0.038,46.0,1.757
2021-05-06,Australia,AUS,1.0,0.038,38.0,1.452
2021-05-07,Australia,AUS,1.0,0.038,38.0,1.452
2021-05-08,Australia,AUS,2.0,0.076,36.0,1.375
2021-05-09,Australia,AUS,2.0,0.076,31.0,1.184
2021-05-10,Australia,AUS,2.0,0.076,29.0,1.108
2021-05-11,Australia,AUS,3.0,0.115,31.0,1.184
2021-05-12,Australia,AUS,3.0,0.115,27.0,1.031
2021-05-13,Australia,AUS,3.0,0.115,24.0,0.917
2021-05-14,Australia,AUS,3.0,0.115,23.0,0.879
2021-05-15,Australia,AUS,3.0,0.115,19.0,0.726
2021-05-16,Australia,AUS,3.0,0.115,21.0,0.802
2021-05-17,Australia,AUS,3.0,0.115,23.0,0.879
2021-05-18,Australia,AUS,1.0,0.038,23.0,0.879
2021-05-19,Australia,AUS,1.0,0.038,21.0,0.802
2021-05-20,Australia,AUS,1.0,0.038,17.0,0.649
2021-05-21,Australia,AUS,1.0,0.038,20.0,0.764
2021-05-22,Australia,AUS,1.0,0.038,17.0,0.649
2021-05-23,Australia,AUS,1.0,0.038,17.0,0.649
2021-05-24,Australia,AUS,1.0,0.038,18.0,0.688
2021-05-25,Australia,AUS,1.0,0.038,19.0,0.726
2021-05-26,Australia,AUS,2.0,0.076,17.0,0.649
2021-05-27,Australia,AUS,2.0,0.076,18.0,0.688
2021-05-28,Australia,AUS,1.0,0.038,17.0,0.649
2021-05-29,Australia,AUS,1.0,0.038,19.0,0.726
2021-05-30,Australia,AUS,1.0,0.038,21.0,0.802
2021-05-31,Australia,AUS,1.0,0.038,17.0,0.649
2021-06-01,Australia,AUS,1.0,0.038,21.0,0.802
2021-06-02,Australia,AUS,0.0,0.0,22.0,0.84
2021-06-03,Australia,AUS,0.0,0.0,19.0,0.726
2021-06-04,Australia,AUS,0.0,0.0,17.0,0.649
2021-06-05,Australia,AUS,0.0,0.0,16.0,0.611
2021-06-06,Australia,AUS,0.0,0.0,17.0,0.649
2021-06-07,Australia,AUS,0.0,0.0,19.0,0.726
2021-06-08,Australia,AUS,0.0,0.0,13.0,0.497
2021-06-09,Australia,AUS,0.0,0.0,16.0,0.611
2021-06-10,Australia,AUS,0.0,0.0,16.0,0.611
2021-06-11,Australia,AUS,0.0,0.0,15.0,0.573
2021-06-12,Australia,AUS,0.0,0.0,16.0,0.611
2021-06-13,Australia,AUS,1.0,0.038,25.0,0.955
2021-06-14,Australia,AUS,1.0,0.038,25.0,0.955
2021-06-15,Australia,AUS,1.0,0.038,27.0,1.031
2021-06-16,Australia,AUS,1.0,0.038,29.0,1.108
2021-06-17,Australia,AUS,1.0,0.038,32.0,1.222
2021-06-18,Australia,AUS,1.0,0.038,36.0,1.375
2021-06-19,Australia,AUS,1.0,0.038,35.0,1.337
2021-06-20,Australia,AUS,1.0,0.038,36.0,1.375
2021-06-21,Australia,AUS,1.0,0.038,37.0,1.413
2021-06-22,Australia,AUS,0.0,0.0,43.0,1.643
2021-06-23,Australia,AUS,0.0,0.0,45.0,1.719
2021-06-24,Australia,AUS,1.0,0.038,48.0,1.834
2021-06-25,Australia,AUS,1.0,0.038,50.0,1.91
2021-06-26,Australia,AUS,1.0,0.038,50.0,1.91
2021-06-27,Australia,AUS,2.0,0.076,59.0,2.254
2021-06-28,Australia,AUS,1.0,0.038,60.0,2.292
2021-06-29,Australia,AUS,1.0,0.038,62.0,2.368
2021-06-30,Australia,AUS,3.0,0.115,67.0,2.559
2021-07-01,Australia,AUS,4.0,0.153,73.0,2.789
2021-07-02,Australia,AUS,6.0,0.229,66.0,2.521
2021-07-03,Australia,AUS,7.0,0.267,75.0,2.865
2021-07-04,Australia,AUS,7.0,0.267,83.0,3.171
2021-07-05,Australia,AUS,9.0,0.344,78.0,2.98
2021-07-06,Australia,AUS,8.0,0.306,91.0,3.476
2021-07-07,Australia,AUS,13.0,0.497,98.0,3.744
2021-07-08,Australia,AUS,12.0,0.458,100.0,3.82
2021-07-09,Australia,AUS,18.0,0.688,106.0,4.049
2021-07-10,Australia,AUS,17.0,0.649,107.0,4.087
2021-07-11,Australia,AUS,20.0,0.764,124.0,4.737
2021-07-12,Australia,AUS,23.0,0.879,119.0,4.546
2021-07-13,Australia,AUS,22.0,0.84,122.0,4.661
2021-07-14,Australia,AUS,22.0,0.84,126.0,4.813
2021-07-15,Australia,AUS,21.0,0.802,128.0,4.89
2021-07-16,Australia,AUS,20.0,0.764,113.0,4.317
2021-07-17,Australia,AUS,20.0,0.764,114.0,4.355
2021-07-18,Australia,AUS,26.0,0.993,123.0,4.699
2021-07-19,Australia,AUS,29.0,1.108,137.0,5.234
2021-07-20,Australia,AUS,26.0,0.993,146.0,5.577
2021-07-21,Australia,AUS,31.0,1.184,158.0,6.036
2021-07-22,Australia,AUS,35.0,1.337,170.0,6.494
2021-07-23,Australia,AUS,41.0,1.566,173.0,6.609
2021-07-24,Australia,AUS,46.0,1.757,173.0,6.609
2021-07-25,Australia,AUS,47.0,1.795,191.0,7.296
2021-07-26,Australia,AUS,50.0,1.91,207.0,7.908
2021-07-27,Australia,AUS,59.0,2.254,221.0,8.442
2021-07-28,Australia,AUS,58.0,2.216,224.0,8.557
2021-07-29,Australia,AUS,62.0,2.368,234.0,8.939
2021-07-30,Australia,AUS,57.0,2.177,250.0,9.55
2021-07-31,Australia,AUS,59.0,2.254,276.0,10.543
2021-08-01,Australia,AUS,59.0,2.254,290.0,11.078
2021-08-02,Australia,AUS,58.0,2.216,318.0,12.148
2021-08-03,Australia,AUS,57.0,2.177,366.0,13.982
2021-08-04,Australia,AUS,56.0,2.139,374.0,14.287
2021-08-05,Australia,AUS,55.0,2.101,392.0,14.975
2021-08-06,Australia,AUS,61.0,2.33,433.0,16.541
2021-08-07,Australia,AUS,62.0,2.368,433.0,16.541
2021-08-08,Australia,AUS,70.0,2.674,428.0,16.35
2021-08-09,Australia,AUS,62.0,2.368,433.0,16.541
2021-08-10,Australia,AUS,64.0,2.445,441.0,16.847
2021-08-11,Australia,AUS,65.0,2.483,428.0,16.35
2021-08-12,Australia,AUS,67.0,2.559,442.0,16.885
2021-08-13,Australia,AUS,68.0,2.598,427.0,16.312
2021-08-14,Australia,AUS,66.0,2.521,424.0,16.197
2021-08-15,Australia,AUS,69.0,2.636,436.0,16.656
2021-08-16,Australia,AUS,73.0,2.789,492.0,18.795
2021-08-17,Australia,AUS,80.0,3.056,503.0,19.215
2021-08-18,Australia,AUS,86.0,3.285,513.0,19.597
2021-08-19,Australia,AUS,87.0,3.323,506.0,19.33
2021-08-20,Australia,AUS,93.0,3.553,554.0,21.163
2021-08-21,Australia,AUS,106.0,4.049,605.0,23.112
2021-08-22,Australia,AUS,111.0,4.24,641.0,24.487
2021-08-23,Australia,AUS,119.0,4.546,668.0,25.518
2021-08-24,Australia,AUS,125.0,4.775,709.0,27.084
2021-08-25,Australia,AUS,132.0,5.043,767.0,29.3
2021-08-26,Australia,AUS,134.0,5.119,842.0,32.165
2021-08-27,Australia,AUS,141.0,5.386,854.0,32.624
2021-08-28,Australia,AUS,140.0,5.348,893.0,34.113
2021-08-29,Australia,AUS,155.0,5.921,926.0,35.374
2021-08-30,Australia,AUS,162.0,6.189,953.0,36.405
2021-08-31,Australia,AUS,175.0,6.685,1008.0,38.506
2021-09-01,Australia,AUS,184.0,7.029,1048.0,40.035
2021-09-02,Australia,AUS,179.0,6.838,1071.0,40.913
2021-09-03,Australia,AUS,198.0,7.564,1145.0,43.74
2021-09-04,Australia,AUS,200.0,7.64,1137.0,43.434
2021-09-05,Australia,AUS,204.0,7.793,1191.0,45.497
2021-09-06,Australia,AUS,223.0,8.519,1287.0,49.165
2021-09-07,Australia,AUS,229.0,8.748,1280.0,48.897
2021-09-08,Australia,AUS,236.0,9.015,1348.0,51.495
2021-09-09,Australia,AUS,244.0,9.321,1318.0,50.349
2021-09-10,Australia,AUS,258.0,9.856,1337.0,51.075
2021-09-11,Australia,AUS,257.0,9.818,1377.0,52.603
2021-09-12,Australia,AUS,263.0,10.047,1373.0,52.45
2021-09-13,Australia,AUS,279.0,10.658,1440.0,55.009
2021-09-14,Australia,AUS,279.0,10.658,1441.0,55.047
2021-09-15,Australia,AUS,283.0,10.811,1443.0,55.124
2021-09-16,Australia,AUS,279.0,10.658,1483.0,56.652
2021-09-17,Australia,AUS,291.0,11.116,1455.0,55.582
2021-09-18,Australia,AUS,291.0,11.116,1470.0,56.155
2021-09-19,Australia,AUS,297.0,11.346,1442.0,55.086
2021-09-20,Australia,AUS,306.0,11.689,1539.0,58.791
2021-09-21,Australia,AUS,302.0,11.537,1518.0,57.989
2021-09-22,Australia,AUS,295.0,11.269,1530.0,58.447
2021-09-23,Australia,AUS,301.0,11.498,1508.0,57.607
2021-09-24,Australia,AUS,298.0,11.384,1529.0,58.409
2021-09-25,Australia,AUS,299.0,11.422,1493.0,57.034
2021-09-26,Australia,AUS,292.0,11.155,1538.0,58.753
2021-09-27,Australia,AUS,297.0,11.346,1551.0,59.25
2021-09-28,Australia,AUS,296.0,11.307,1479.0,56.499
2021-09-29,Australia,AUS,303.0,11.575,1514.0,57.836
2021-09-30,Australia,AUS,300.0,11.46,1483.0,56.652
2021-10-01,Australia,AUS,302.0,11.537,1468.0,56.079
2021-10-02,Australia,AUS,299.0,11.422,1496.0,57.149
2021-10-03,Australia,AUS,296.0,11.307,1496.0,57.149
2021-10-04,Australia,AUS,298.0,11.384,1535.0,58.638
2021-10-05,Australia,AUS,291.0,11.116,1526.0,58.295
2021-10-06,Australia,AUS,306.0,11.689,1520.0,58.065
2021-10-07,Australia,AUS,293.0,11.193,1522.0,58.142
2021-10-08,Australia,AUS,287.0,10.964,1437.0,54.895
2021-10-09,Australia,AUS,293.0,11.193,1446.0,55.238
2021-10-10,Australia,AUS,296.0,11.307,1492.0,56.996
2021-10-11,Australia,AUS,309.0,11.804,1486.0,56.767
2021-10-12,Australia,AUS,306.0,11.689,1462.0,55.85
2021-10-13,Australia,AUS,296.0,11.307,1458.0,55.697
2021-10-14,Australia,AUS,311.0,11.88,1414.0,54.016
2021-10-15,Australia,AUS,312.0,11.919,1493.0,57.034
2021-10-16,Australia,AUS,298.0,11.384,1441.0,55.047
2021-10-17,Australia,AUS,297.0,11.346,1502.0,57.378
2021-10-18,Australia,AUS,288.0,11.002,1416.0,54.092
2021-10-19,Australia,AUS,280.0,10.696,1378.0,52.641
2021-10-20,Australia,AUS,276.0,10.543,1343.0,51.304
2021-10-21,Australia,AUS,282.0,10.773,1309.0,50.005
2021-10-22,Australia,AUS,279.0,10.658,1284.0,49.05
2021-10-23,Australia,AUS,276.0,10.543,1312.0,50.12
2021-10-24,Australia,AUS,278.0,10.62,1317.0,50.311
2021-10-25,Australia,AUS,265.0,10.123,1309.0,50.005
2021-10-26,Australia,AUS,241.0,9.206,1192.0,45.535
2021-10-27,Australia,AUS,226.0,8.633,1151.0,43.969
2021-10-28,Australia,AUS,216.0,8.251,1126.0,43.014
2021-10-29,Australia,AUS,221.0,8.442,1113.0,42.518
2021-10-30,Australia,AUS,211.0,8.06,1064.0,40.646
2021-10-31,Australia,AUS,216.0,8.251,1068.0,40.799
2021-11-01,Australia,AUS,203.0,7.755,1018.0,38.888
2021-11-02,Australia,AUS,187.0,7.144,983.0,37.551
2021-11-03,Australia,AUS,180.0,6.876,978.0,37.36
2021-11-04,Australia,AUS,171.0,6.532,931.0,35.565
2021-11-05,Australia,AUS,162.0,6.189,934.0,35.68
2021-11-06,Australia,AUS,149.0,5.692,851.0,32.509
2021-11-07,Australia,AUS,140.0,5.348,835.0,31.898
2021-11-08,Australia,AUS,133.0,5.081,851.0,32.509
2021-11-09,Australia,AUS,125.0,4.775,724.0,27.657
2021-11-10,Australia,AUS,119.0,4.546,702.0,26.817
2021-11-11,Australia,AUS,116.0,4.431,681.0,26.015
2021-11-12,Australia,AUS,172.0,6.571,654.0,24.983
2021-11-13,Australia,AUS,179.0,6.838,638.0,24.372
2021-11-14,Australia,AUS,181.0,6.914,615.0,23.494
2021-11-15,Australia,AUS,166.0,6.341,632.0,24.143
2021-11-16,Australia,AUS,157.0,5.998,598.0,22.844
2021-11-17,Australia,AUS,158.0,6.036,574.0,21.927
2021-11-18,Australia,AUS,144.0,5.501,559.0,21.354
2021-11-19,Australia,AUS,143.0,5.463,538.0,20.552
2021-11-20,Australia,AUS,146.0,5.577,547.0,20.896
2021-11-21,Australia,AUS,130.0,4.966,564.0,21.545
2021-11-22,Australia,AUS,134.0,5.119,550.0,21.01
2021-11-23,Australia,AUS,143.0,5.463,531.0,20.285
2021-11-24,Australia,AUS,130.0,4.966,563.0,21.507
2021-11-25,Australia,AUS,130.0,4.966,557.0,21.278
2021-11-26,Australia,AUS,121.0,4.622,536.0,20.476
2021-11-27,Australia,AUS,126.0,4.813,512.0,19.559
2021-11-28,Australia,AUS,126.0,4.813,542.0,20.705
2021-11-29,Australia,AUS,124.0,4.737,543.0,20.743
2021-11-30,Australia,AUS,119.0,4.546,532.0,20.323
2021-12-01,Australia,AUS,118.0,4.508,513.0,19.597
2021-12-02,Australia,AUS,115.0,4.393,511.0,19.521
2021-12-03,Australia,AUS,116.0,4.431,517.0,19.75
2021-12-04,Australia,AUS,112.0,4.278,541.0,20.667
2021-12-05,Australia,AUS,118.0,4.508,562.0,21.469
2021-12-06,Australia,AUS,133.0,5.081,543.0,20.743
2021-12-07,Australia,AUS,125.0,4.775,529.0,20.208
2021-12-08,Australia,AUS,123.0,4.699,539.0,20.59
2021-12-09,Australia,AUS,130.0,4.966,544.0,20.781
2021-12-10,Australia,AUS,139.0,5.31,541.0,20.667
2021-12-11,Australia,AUS,140.0,5.348,535.0,20.437
2021-12-12,Australia,AUS,142.0,5.425,569.0,21.736
2021-12-13,Australia,AUS,141.0,5.386,610.0,23.303
2021-12-14,Australia,AUS,153.0,5.845,625.0,23.876
2021-12-15,Australia,AUS,149.0,5.692,672.0,25.671
2021-12-16,Australia,AUS,142.0,5.425,716.0,27.352
2021-12-17,Australia,AUS,148.0,5.654,717.0,27.39
2021-12-18,Australia,AUS,146.0,5.577,759.0,28.994
2021-12-19,Australia,AUS,151.0,5.768,754.0,28.803
2021-12-20,Australia,AUS,156.0,5.959,774.0,29.567
2021-12-21,Australia,AUS,156.0,5.959,794.0,30.331
2021-12-22,Australia,AUS,161.0,6.15,860.0,32.853
2021-12-23,Australia,AUS,172.0,6.571,911.0,34.801
2021-12-24,Australia,AUS,167.0,6.38,906.0,34.61
2021-12-25,Australia,AUS,171.0,6.532,969.0,37.017
2021-12-26,Australia,AUS,179.0,6.838,1000.0,38.201
2021-12-27,Australia,AUS,190.0,7.258,1067.0,40.76
2021-12-28,Australia,AUS,171.0,6.532,1177.0,44.962
2021-12-29,Australia,AUS,167.0,6.38,1310.0,50.043
2021-12-30,Australia,AUS,171.0,6.532,1465.0,55.964
2021-12-31,Australia,AUS,182.0,6.953,1605.0,61.312
2022-01-01,Australia,AUS,194.0,7.411,1828.0,69.831
2022-01-02,Australia,AUS,217.0,8.29,2003.0,76.516
2022-01-03,Australia,AUS,237.0,9.054,2207.0,84.309
2022-01-04,Australia,AUS,248.0,9.474,2524.0,96.419
2022-01-05,Australia,AUS,258.0,9.856,2707.0,103.41
2022-01-06,Australia,AUS,275.0,10.505,2904.0,110.935
2022-01-07,Australia,AUS,293.0,11.193,3107.0,118.69
2022-01-08,Australia,AUS,300.0,11.46,3323.0,126.942
2022-01-09,Australia,AUS,325.0,12.415,3523.0,134.582
2022-01-10,Australia,AUS,342.0,13.065,3865.0,147.646
2022-01-11,Australia,AUS,349.0,13.332,4006.0,153.033
2022-01-12,Australia,AUS,349.0,13.332,4197.0,160.329
2022-01-13,Australia,AUS,361.0,13.791,4424.0,169.001
2022-01-14,Australia,AUS,384.0,14.669,4603.0,175.839
2022-01-15,Australia,AUS,392.0,14.975,4759.0,181.798
2022-01-16,Australia,AUS,411.0,15.701,5047.0,192.8
2022-01-17,Australia,AUS,419.0,16.006,5238.0,200.096
2022-01-18,Australia,AUS,424.0,16.197,5307.0,202.732
2022-01-19,Australia,AUS,417.0,15.93,5277.0,201.586
2022-01-20,Australia,AUS,424.0,16.197,5147.0,196.62
2022-01-21,Australia,AUS,417.0,15.93,5108.0,195.13
2022-01-22,Australia,AUS,384.0,14.669,5036.0,192.38
2022-01-23,Australia,AUS,394.0,15.051,5173.0,197.613
2022-01-24,Australia,AUS,395.0,15.089,5390.0,205.903
2022-01-25,Australia,AUS,372.0,14.211,5227.0,199.676
2022-01-26,Australia,AUS,382.0,14.593,5090.0,194.442
2022-01-27,Australia,AUS,391.0,14.937,5021.0,191.807
2022-01-28,Australia,AUS,394.0,15.051,4953.0,189.209
2022-01-29,Australia,AUS,367.0,14.02,4790.0,182.982
2022-01-30,Australia,AUS,371.0,14.173,4947.0,188.98
2022-01-31,Australia,AUS,371.0,14.173,4954.0,189.247
2022-02-01,Australia,AUS,348.0,13.294,4664.0,178.169
2022-02-02,Australia,AUS,341.0,13.026,4594.0,175.495
2022-02-03,Australia,AUS,313.0,11.957,4448.0,169.917
2022-02-04,Australia,AUS,302.0,11.537,4256.0,162.583
2022-02-05,Australia,AUS,284.0,10.849,4147.0,158.419
2022-02-06,Australia,AUS,292.0,11.155,3914.0,149.518
2022-02-07,Australia,AUS,271.0,10.352,3801.0,145.202
2022-02-08,Australia,AUS,274.0,10.467,3588.0,137.065
2022-02-09,Australia,AUS,267.0,10.2,3414.0,130.418
2022-02-10,Australia,AUS,258.0,9.856,3293.0,125.795
2022-02-11,Australia,AUS,257.0,9.818,3126.0,119.416
2022-02-12,Australia,AUS,223.0,8.519,3010.0,114.985
2022-02-13,Australia,AUS,231.0,8.824,3069.0,117.238
2022-02-14,Australia,AUS,222.0,8.481,2949.0,112.654
2022-02-15,Australia,AUS,223.0,8.519,2738.0,104.594
2022-02-16,Australia,AUS,224.0,8.557,2677.0,102.264
2022-02-17,Australia,AUS,208.0,7.946,2528.0,96.572
2022-02-18,Australia,AUS,190.0,7.258,2467.0,94.242
2022-02-19,Australia,AUS,184.0,7.029,2392.0,91.376
2022-02-20,Australia,AUS,179.0,6.838,2416.0,92.293
2022-02-21,Australia,AUS,171.0,6.532,2407.0,91.95
2022-02-22,Australia,AUS,172.0,6.571,2322.0,88.702
2022-02-23,Australia,AUS,157.0,5.998,2186.0,83.507
2022-02-24,Australia,AUS,157.0,5.998,2072.0,79.152
2022-02-25,Australia,AUS,150.0,5.73,2025.0,77.357
2022-02-26,Australia,AUS,137.0,5.234,1995.0,76.211
2022-02-27,Australia,AUS,136.0,5.195,2003.0,76.516
2022-02-28,Australia,AUS,131.0,5.004,1940.0,74.11
2022-03-01,Australia,AUS,121.0,4.622,1904.0,72.734
2022-03-02,Australia,AUS,118.0,4.508,1837.0,70.175
2022-03-03,Australia,AUS,110.0,4.202,1752.0,66.928
2022-03-04,Australia,AUS,112.0,4.278,1752.0,66.928
2022-03-05,Australia,AUS,113.0,4.317,1737.0,66.355
2022-03-06,Australia,AUS,117.0,4.47,1809.0,69.105
2022-03-07,Australia,AUS,112.0,4.278,1788.0,68.303
2022-03-08,Australia,AUS,112.0,4.278,1737.0,66.355
2022-03-09,Australia,AUS,108.0,4.126,1688.0,64.483
2022-03-10,Australia,AUS,101.0,3.858,1689.0,64.521
2022-03-11,Australia,AUS,97.0,3.705,1655.0,63.222
2022-03-12,Australia,AUS,108.0,4.126,1702.0,65.018
2022-03-13,Australia,AUS,112.0,4.278,1727.0,65.973
2022-03-14,Australia,AUS,105.0,4.011,1801.0,68.8
2022-03-15,Australia,AUS,105.0,4.011,1782.0,68.074
2022-03-16,Australia,AUS,96.0,3.667,1855.0,70.863
2022-03-17,Australia,AUS,92.0,3.514,1812.0,69.22
2022-03-18,Australia,AUS,85.0,3.247,1903.0,72.696
2022-03-19,Australia,AUS,87.0,3.323,1943.0,74.224
2022-03-20,Australia,AUS,87.0,3.323,2046.0,78.159
2022-03-21,Australia,AUS,95.0,3.629,2107.0,80.489
2022-03-22,Australia,AUS,95.0,3.629,2104.0,80.375
2022-03-23,Australia,AUS,102.0,3.896,2149.0,82.094
2022-03-24,Australia,AUS,96.0,3.667,2152.0,82.208
2022-03-25,Australia,AUS,100.0,3.82,2159.0,82.476
2022-03-26,Australia,AUS,102.0,3.896,2176.0,83.125
2022-03-27,Australia,AUS,113.0,4.317,2301.0,87.9
2022-03-28,Australia,AUS,119.0,4.546,2364.0,90.307
2022-03-29,Australia,AUS,102.0,3.896,2446.0,93.439
2022-03-30,Australia,AUS,89.0,3.4,2492.0,95.197
2022-03-31,Australia,AUS,88.0,3.362,2533.0,96.763
2022-04-01,Australia,AUS,95.0,3.629,2522.0,96.343
2022-04-02,Australia,AUS,103.0,3.935,2581.0,98.596
2022-04-03,Australia,AUS,107.0,4.087,2699.0,103.104
2022-04-04,Australia,AUS,114.0,4.355,2836.0,108.338
2022-04-05,Australia,AUS,107.0,4.087,2811.0,107.383
2022-04-06,Australia,AUS,102.0,3.896,2778.0,106.122
2022-04-07,Australia,AUS,95.0,3.629,2818.0,107.65
2022-04-08,Australia,AUS,103.0,3.935,2844.0,108.643
2022-04-09,Australia,AUS,113.0,4.317,2941.0,112.349
2022-04-10,Australia,AUS,121.0,4.622,3092.0,118.117
2022-04-11,Australia,AUS,130.0,4.966,3145.0,120.142
2022-04-12,Australia,AUS,126.0,4.813,3147.0,120.218
2022-04-13,Australia,AUS,126.0,4.813,3138.0,119.874
2022-04-14,Australia,AUS,128.0,4.89,2979.0,113.8
2022-04-15,Australia,AUS,134.0,5.119,2996.0,114.45
2022-04-16,Australia,AUS,130.0,4.966,3070.0,117.277
2022-04-17,Australia,AUS,140.0,5.348,3178.0,121.402
2022-04-18,Australia,AUS,144.0,5.501,3276.0,125.146
2022-04-19,Australia,AUS,161.0,6.15,3329.0,127.171
2022-04-20,Australia,AUS,147.0,5.616,3312.0,126.521
2022-04-21,Australia,AUS,134.0,5.119,3236.0,123.618
2022-04-22,Australia,AUS,133.0,5.081,3210.0,122.625
2022-04-23,Australia,AUS,135.0,5.157,3152.0,120.409
2022-04-24,Australia,AUS,132.0,5.043,3144.0,120.104
2022-04-25,Australia,AUS,141.0,5.386,3291.0,125.719
2022-04-26,Australia,AUS,142.0,5.425,3391.0,129.539
2022-04-27,Australia,AUS,149.0,5.692,3284.0,125.452
2022-04-28,Australia,AUS,137.0,5.234,3169.0,121.059
2022-04-29,Australia,AUS,139.0,5.31,3177.0,121.364
2022-04-30,Australia,AUS,149.0,5.692,3099.0,118.385
2022-05-01,Australia,AUS,135.0,5.157,3218.0,122.93
2022-05-02,Australia,AUS,143.0,5.463,3088.0,117.964
2022-05-03,Australia,AUS,142.0,5.425,3104.0,118.576
2022-05-04,Australia,AUS,133.0,5.081,3131.0,119.607
2022-05-05,Australia,AUS,126.0,4.813,3125.0,119.378
2022-05-06,Australia,AUS,130.0,4.966,3071.0,117.315
2022-05-07,Australia,AUS,131.0,5.004,3073.0,117.391
2022-05-08,Australia,AUS,129.0,4.928,3139.0,119.913
2022-05-09,Australia,AUS,123.0,4.699,3168.0,121.02
2022-05-10,Australia,AUS,114.0,4.355,3102.0,118.499
2022-05-11,Australia,AUS,122.0,4.661,3004.0,114.755
2022-05-12,Australia,AUS,123.0,4.699,2988.0,114.144
2022-05-13,Australia,AUS,122.0,4.661,2956.0,112.922
2022-05-14,Australia,AUS,129.0,4.928,2988.0,114.144
2022-05-15,Australia,AUS,138.0,5.272,3101.0,118.461
2022-05-16,Australia,AUS,130.0,4.966,3162.0,120.791
2022-05-17,Australia,AUS,133.0,5.081,3134.0,119.722
2022-05-18,Australia,AUS,119.0,4.546,2986.0,114.068
2022-05-19,Australia,AUS,118.0,4.508,2891.0,110.439
2022-05-20,Australia,AUS,107.0,4.087,2829.0,108.07
2022-05-21,Australia,AUS,108.0,4.126,2844.0,108.643
2022-05-22,Australia,AUS,106.0,4.049,2912.0,111.241
2022-05-23,Australia,AUS,117.0,4.47,2927.0,111.814
2022-05-24,Australia,AUS,108.0,4.126,2889.0,110.362
2022-05-25,Australia,AUS,101.0,3.858,2905.0,110.974
2022-05-26,Australia,AUS,99.0,3.782,2863.0,109.369
2022-05-27,Australia,AUS,92.0,3.514,2715.0,103.715
2022-05-28,Australia,AUS,90.0,3.438,2712.0,103.601
2022-05-29,Australia,AUS,97.0,3.705,2774.0,105.969
2022-05-30,Australia,AUS,93.0,3.553,2777.0,106.084
2022-05-31,Australia,AUS,87.0,3.323,2686.0,102.608
2022-06-01,Australia,AUS,85.0,3.247,2570.0,98.176
2022-06-02,Australia,AUS,87.0,3.323,2723.0,104.021
2022-06-03,Australia,AUS,83.0,3.171,2660.0,101.614
2022-06-04,Australia,AUS,91.0,3.476,2689.0,102.722
2022-06-05,Australia,AUS,94.0,3.591,2756.0,105.282
2022-06-06,Australia,AUS,87.0,3.323,2804.0,107.115
2022-06-07,Australia,AUS,99.0,3.782,2778.0,106.122
2022-06-08,Australia,AUS,102.0,3.896,2744.0,104.823
2022-06-09,Australia,AUS,101.0,3.858,2705.0,103.333
2022-06-10,Australia,AUS,97.0,3.705,2651.0,101.271
2022-06-11,Australia,AUS,96.0,3.667,2682.0,102.455
2022-06-12,Australia,AUS,86.0,3.285,2739.0,104.632
2022-06-13,Australia,AUS,102.0,3.896,2851.0,108.911
2022-06-14,Australia,AUS,104.0,3.973,2887.0,110.286
2022-06-15,Australia,AUS,97.0,3.705,2813.0,107.459
2022-06-16,Australia,AUS,93.0,3.553,2817.0,107.612
2022-06-17,Australia,AUS,103.0,3.935,2815.0,107.535
2022-06-18,Australia,AUS,111.0,4.24,2905.0,110.974
2022-06-19,Australia,AUS,113.0,4.317,3006.0,114.832
2022-06-20,Australia,AUS,105.0,4.011,3055.0,116.704
2022-06-21,Australia,AUS,108.0,4.126,3022.0,115.443
2022-06-22,Australia,AUS,108.0,4.126,3043.0,116.245
2022-06-23,Australia,AUS,114.0,4.355,2987.0,114.106
2022-06-24,Australia,AUS,102.0,3.896,3046.0,116.36
2022-06-25,Australia,AUS,106.0,4.049,3118.0,119.11
2022-06-26,Australia,AUS,111.0,4.24,3133.0,119.683
2022-06-27,Australia,AUS,122.0,4.661,3276.0,125.146
2022-06-28,Australia,AUS,108.0,4.126,3224.0,123.16
2022-06-29,Australia,AUS,98.0,3.744,3267.0,124.802
2022-06-30,Australia,AUS,106.0,4.049,3273.0,125.031
2022-07-01,Australia,AUS,109.0,4.164,3329.0,127.171
2022-07-02,Australia,AUS,106.0,4.049,3415.0,130.456
2022-07-03,Australia,AUS,118.0,4.508,3511.0,134.123
2022-07-04,Australia,AUS,123.0,4.699,3740.0,142.871
2022-07-05,Australia,AUS,138.0,5.272,3781.0,144.438
2022-07-06,Australia,AUS,140.0,5.348,3899.0,148.945
2022-07-07,Australia,AUS,141.0,5.386,3977.0,151.925
2022-07-08,Australia,AUS,134.0,5.119,4024.0,153.72
2022-07-09,Australia,AUS,133.0,5.081,4112.0,157.082
2022-07-10,Australia,AUS,131.0,5.004,4327.0,165.295
2022-07-11,Australia,AUS,126.0,4.813,4468.0,170.682
2022-07-12,Australia,AUS,137.0,5.234,4477.0,171.025
2022-07-13,Australia,AUS,139.0,5.31,4512.0,172.362
2022-07-14,Australia,AUS,144.0,5.501,4602.0,175.8
2022-07-15,Australia,AUS,151.0,5.768,4740.0,181.072
2022-07-16,Australia,AUS,155.0,5.921,4719.0,180.27
2022-07-17,Australia,AUS,155.0,5.921,5001.0,191.043
2022-07-18,Australia,AUS,158.0,6.036,5239.0,200.134
2022-07-19,Australia,AUS,169.0,6.456,5357.0,204.642
2022-07-20,Australia,AUS,162.0,6.189,5360.0,204.757
2022-07-21,Australia,AUS,159.0,6.074,5307.0,202.732
2022-07-22,Australia,AUS,158.0,6.036,5251.0,200.593
2022-07-23,Australia,AUS,145.0,5.539,5362.0,204.833
2022-07-24,Australia,AUS,160.0,6.112,5439.0,207.775
2022-07-25,Australia,AUS,165.0,6.303,5571.0,212.817
2022-07-26,Australia,AUS,145.0,5.539,5364.0,204.91
2022-07-27,Australia,AUS,163.0,6.227,5232.0,199.867
2022-07-28,Australia,AUS,161.0,6.15,5104.0,194.977
2022-07-29,Australia,AUS,166.0,6.341,5032.0,192.227
2022-07-30,Australia,AUS,169.0,6.456,4925.0,188.139
2022-07-31,Australia,AUS,179.0,6.838,4992.0,190.699
2022-08-01,Australia,AUS,184.0,7.029,5002.0,191.081
2022-08-02,Australia,AUS,162.0,6.189,4851.0,185.312
2022-08-03,Australia,AUS,161.0,6.15,4702.0,179.621
2022-08-04,Australia,AUS,154.0,5.883,4613.0,176.221
2022-08-05,Australia,AUS,151.0,5.768,4478.0,171.064
2022-08-06,Australia,AUS,161.0,6.15,4431.0,169.268
2022-08-07,Australia,AUS,154.0,5.883,4484.0,171.293
2022-08-08,Australia,AUS,141.0,5.386,4611.0,176.144
2022-08-09,Australia,AUS,125.0,4.775,4415.0,168.657
2022-08-10,Australia,AUS,135.0,5.157,4274.0,163.271
2022-08-11,Australia,AUS,140.0,5.348,4098.0,156.547
2022-08-12,Australia,AUS,138.0,5.272,3974.0,151.81
2022-08-13,Australia,AUS,139.0,5.31,3991.0,152.46
2022-08-14,Australia,AUS,131.0,5.004,4013.0,153.3
2022-08-15,Australia,AUS,133.0,5.081,3982.0,152.116
2022-08-16,Australia,AUS,116.0,4.431,3807.0,145.431
2022-08-17,Australia,AUS,122.0,4.661,3726.0,142.336
2022-08-18,Australia,AUS,119.0,4.546,3619.0,138.249
2022-08-19,Australia,AUS,126.0,4.813,3477.0,132.824
2022-08-20,Australia,AUS,112.0,4.278,3433.0,131.144
2022-08-21,Australia,AUS,104.0,3.973,3429.0,130.991
2022-08-22,Australia,AUS,102.0,3.896,3457.0,132.06
2022-08-23,Australia,AUS,96.0,3.667,3324.0,126.98
2022-08-24,Australia,AUS,95.0,3.629,3237.0,123.656
2022-08-25,Australia,AUS,91.0,3.476,3054.0,116.665
2022-08-26,Australia,AUS,89.0,3.4,3015.0,115.176
2022-08-27,Australia,AUS,95.0,3.629,3010.0,114.985
2022-08-28,Australia,AUS,95.0,3.629,3036.0,115.978
2022-08-29,Australia,AUS,86.0,3.285,3004.0,114.755
2022-08-30,Australia,AUS,84.0,3.209,2933.0,112.043
2022-08-31,Australia,AUS,74.0,2.827,2860.0,109.255
2022-09-01,Australia,AUS,74.0,2.827,2762.0,105.511
2022-09-02,Australia,AUS,79.0,3.018,2718.0,103.83
2022-09-03,Australia,AUS,83.0,3.171,2701.0,103.181
2022-09-04,Australia,AUS,84.0,3.209,2694.0,102.913
2022-09-05,Australia,AUS,77.0,2.941,2599.0,99.284
2022-09-06,Australia,AUS,80.0,3.056,2460.0,93.974
2022-09-07,Australia,AUS,64.0,2.445,2388.0,91.224
2022-09-08,Australia,AUS,60.0,2.292,2330.0,89.008
2022-09-09,Australia,AUS,60.0,2.292,2330.0,89.008
2022-09-10,Australia,AUS,60.0,2.292,2330.0,89.008
2022-09-11,Australia,AUS,60.0,2.292,2330.0,89.008
2022-09-12,Australia,AUS,60.0,2.292,2330.0,89.008
2022-09-13,Australia,AUS,60.0,2.292,2330.0,89.008
2022-09-14,Australia,AUS,60.0,2.292,2330.0,89.008
2022-09-15,Australia,AUS,56.0,2.139,2001.0,76.44
2022-09-16,Australia,AUS,56.0,2.139,1946.0,74.339
2022-09-17,Australia,AUS,56.0,2.139,1947.0,74.377
2022-09-18,Australia,AUS,56.0,2.139,1947.0,74.377
2022-09-19,Australia,AUS,56.0,2.139,1947.0,74.377
2022-09-20,Australia,AUS,56.0,2.139,1947.0,74.377
2022-09-21,Australia,AUS,56.0,2.139,1947.0,74.377
2022-09-22,Australia,AUS,48.0,1.834,1781.0,68.036
2022-09-23,Australia,AUS,48.0,1.834,1781.0,68.036
2022-09-24,Australia,AUS,48.0,1.834,1781.0,68.036
2022-09-25,Australia,AUS,48.0,1.834,1781.0,68.036
2022-09-26,Australia,AUS,48.0,1.834,1781.0,68.036
2022-09-27,Australia,AUS,48.0,1.834,1781.0,68.036
2022-09-28,Australia,AUS,48.0,1.834,1781.0,68.036
2022-09-29,Australia,AUS,43.0,1.643,1563.0,59.708
2022-09-30,Australia,AUS,43.0,1.643,1563.0,59.708
2022-10-01,Australia,AUS,43.0,1.643,1563.0,59.708
2022-10-02,Australia,AUS,43.0,1.643,1563.0,59.708
2022-10-03,Australia,AUS,43.0,1.643,1563.0,59.708
2022-10-04,Australia,AUS,43.0,1.643,1563.0,59.708
2022-10-05,Australia,AUS,43.0,1.643,1563.0,59.708
2022-10-06,Australia,AUS,44.0,1.681,1465.0,55.964
2022-10-07,Australia,AUS,44.0,1.681,1465.0,55.964
2022-10-08,Australia,AUS,44.0,1.681,1465.0,55.964
2022-10-09,Australia,AUS,44.0,1.681,1465.0,55.964
2022-10-10,Australia,AUS,44.0,1.681,1465.0,55.964
2022-10-11,Australia,AUS,44.0,1.681,1465.0,55.964
2022-10-12,Australia,AUS,44.0,1.681,1465.0,55.964
2022-10-13,Australia,AUS,34.0,1.299,1425.0,54.436
2022-10-14,Australia,AUS,34.0,1.299,1425.0,54.436
2022-10-15,Australia,AUS,34.0,1.299,1425.0,54.436
2022-10-16,Australia,AUS,34.0,1.299,1425.0,54.436
2022-10-17,Australia,AUS,34.0,1.299,1425.0,54.436
2022-10-18,Australia,AUS,34.0,1.299,1425.0,54.436
2022-10-19,Australia,AUS,34.0,1.299,1425.0,54.436
2022-10-20,Australia,AUS,42.0,1.604,1433.0,54.742
2022-10-21,Australia,AUS,42.0,1.604,1433.0,54.742
2022-10-22,Australia,AUS,42.0,1.604,1433.0,54.742
2022-10-23,Australia,AUS,42.0,1.604,1433.0,54.742
2022-10-24,Australia,AUS,42.0,1.604,1433.0,54.742
2022-10-25,Australia,AUS,42.0,1.604,1433.0,54.742
2022-10-26,Australia,AUS,42.0,1.604,1433.0,54.742
2022-10-27,Australia,AUS,48.0,1.834,1348.0,51.495
2022-10-28,Australia,AUS,48.0,1.834,1348.0,51.495
2022-10-29,Australia,AUS,48.0,1.834,1348.0,51.495
2022-10-30,Australia,AUS,48.0,1.834,1348.0,51.495
2022-10-31,Australia,AUS,48.0,1.834,1348.0,51.495
2022-11-01,Australia,AUS,48.0,1.834,1348.0,51.495
2022-11-02,Australia,AUS,48.0,1.834,1348.0,51.495
2022-11-03,Australia,AUS,37.0,1.413,1395.0,53.29
2022-11-04,Australia,AUS,37.0,1.413,1395.0,53.29
2022-11-05,Australia,AUS,37.0,1.413,1395.0,53.29
2022-11-06,Australia,AUS,37.0,1.413,1395.0,53.29
2022-11-07,Australia,AUS,37.0,1.413,1395.0,53.29
2022-11-08,Australia,AUS,37.0,1.413,1395.0,53.29
2022-11-09,Australia,AUS,37.0,1.413,1395.0,53.29
2022-11-10,Australia,AUS,66.0,2.521,1796.0,68.609
2022-11-11,Australia,AUS,66.0,2.521,1796.0,68.609
2022-11-12,Australia,AUS,66.0,2.521,1796.0,68.609
2022-11-13,Australia,AUS,66.0,2.521,1796.0,68.609
2022-11-14,Australia,AUS,66.0,2.521,1796.0,68.609
2022-11-15,Australia,AUS,66.0,2.521,1796.0,68.609
2022-11-16,Australia,AUS,66.0,2.521,1796.0,68.609
2022-11-17,Australia,AUS,61.0,2.33,2129.0,81.33
2022-11-18,Australia,AUS,61.0,2.33,2129.0,81.33
2022-11-19,Australia,AUS,61.0,2.33,2129.0,81.33
2022-11-20,Australia,AUS,61.0,2.33,2129.0,81.33
2022-11-21,Australia,AUS,61.0,2.33,2129.0,81.33
2022-11-22,Australia,AUS,61.0,2.33,2129.0,81.33
2022-11-23,Australia,AUS,61.0,2.33,2129.0,81.33
2022-11-24,Australia,AUS,81.0,3.094,2513.0,95.999
2022-11-25,Australia,AUS,81.0,3.094,2513.0,95.999
2022-11-26,Australia,AUS,81.0,3.094,2513.0,95.999
2022-11-27,Australia,AUS,81.0,3.094,2513.0,95.999
2022-11-28,Australia,AUS,81.0,3.094,2513.0,95.999
2022-11-29,Australia,AUS,81.0,3.094,2513.0,95.999
2022-11-30,Australia,AUS,81.0,3.094,2513.0,95.999
2022-12-01,Australia,AUS,81.0,3.094,2794.0,106.733
2022-12-02,Australia,AUS,81.0,3.094,2794.0,106.733
2022-12-03,Australia,AUS,81.0,3.094,2794.0,106.733
2022-12-04,Australia,AUS,81.0,3.094,2794.0,106.733
2022-12-05,Australia,AUS,81.0,3.094,2794.0,106.733
2022-12-06,Australia,AUS,81.0,3.094,2794.0,106.733
2022-12-07,Australia,AUS,81.0,3.094,2794.0,106.733
2022-12-08,Australia,AUS,94.0,3.591,3076.0,117.506
2022-12-09,Australia,AUS,94.0,3.591,3076.0,117.506
2022-12-10,Australia,AUS,94.0,3.591,3076.0,117.506
2022-12-11,Australia,AUS,94.0,3.591,3076.0,117.506
2022-12-12,Australia,AUS,94.0,3.591,3076.0,117.506
2022-12-13,Australia,AUS,94.0,3.591,3076.0,117.506
2022-12-14,Australia,AUS,94.0,3.591,3076.0,117.506
2022-12-15,Australia,AUS,95.0,3.629,3425.0,130.838
2022-12-16,Australia,AUS,95.0,3.629,3425.0,130.838
2022-12-17,Australia,AUS,95.0,3.629,3425.0,130.838
2022-12-18,Australia,AUS,95.0,3.629,3425.0,130.838
2022-12-19,Australia,AUS,95.0,3.629,3425.0,130.838
2022-12-20,Australia,AUS,95.0,3.629,3425.0,130.838
2022-12-21,Australia,AUS,95.0,3.629,3425.0,130.838
2022-12-22,Australia,AUS,100.0,3.82,3459.0,132.137
2022-12-23,Australia,AUS,100.0,3.82,3459.0,132.137
2022-12-24,Australia,AUS,100.0,3.82,3459.0,132.137
2022-12-25,Australia,AUS,100.0,3.82,3459.0,132.137
2022-12-26,Australia,AUS,100.0,3.82,3459.0,132.137
2022-12-27,Australia,AUS,100.0,3.82,3459.0,132.137
2022-12-28,Australia,AUS,100.0,3.82,3459.0,132.137
2022-12-29,Australia,AUS,121.0,4.622,3665.0,140.006
2022-12-30,Australia,AUS,121.0,4.622,3665.0,140.006
2022-12-31,Australia,AUS,121.0,4.622,3665.0,140.006
2023-01-01,Australia,AUS,121.0,4.622,3665.0,140.006
2023-01-02,Australia,AUS,121.0,4.622,3665.0,140.006
2023-01-03,Australia,AUS,121.0,4.622,3665.0,140.006
2023-01-04,Australia,AUS,121.0,4.622,3665.0,140.006
2023-01-05,Australia,AUS,121.0,4.622,3493.0,133.436
2023-01-06,Australia,AUS,121.0,4.622,3493.0,133.436
2023-01-07,Australia,AUS,121.0,4.622,3493.0,133.436
2023-01-08,Australia,AUS,121.0,4.622,3493.0,133.436
2023-01-09,Australia,AUS,121.0,4.622,3493.0,133.436
2023-01-10,Australia,AUS,121.0,4.622,3493.0,133.436
2023-01-11,Australia,AUS,121.0,4.622,3493.0,133.436
2023-01-12,Australia,AUS,92.0,3.514,2843.0,108.605
2023-01-13,Australia,AUS,92.0,3.514,2843.0,108.605
2023-01-14,Australia,AUS,92.0,3.514,2843.0,108.605
2023-01-15,Australia,AUS,92.0,3.514,2843.0,108.605
2023-01-16,Australia,AUS,92.0,3.514,2843.0,108.605
2023-01-17,Australia,AUS,92.0,3.514,2843.0,108.605
2023-01-18,Australia,AUS,92.0,3.514,2843.0,108.605
2023-01-19,Australia,AUS,61.0,2.33,2300.0,87.862
2023-01-20,Australia,AUS,61.0,2.33,2300.0,87.862
2023-01-21,Australia,AUS,61.0,2.33,2300.0,87.862
2023-01-22,Australia,AUS,61.0,2.33,2300.0,87.862
2023-01-23,Australia,AUS,61.0,2.33,2300.0,87.862
2023-01-24,Australia,AUS,61.0,2.33,2300.0,87.862
2023-01-25,Australia,AUS,61.0,2.33,2300.0,87.862
2023-01-26,Australia,AUS,48.0,1.834,1954.0,74.645
2023-01-27,Australia,AUS,48.0,1.834,1954.0,74.645
2023-01-28,Australia,AUS,48.0,1.834,1954.0,74.645
2023-01-29,Australia,AUS,48.0,1.834,1954.0,74.645
2023-01-30,Australia,AUS,48.0,1.834,1954.0,74.645
2023-01-31,Australia,AUS,48.0,1.834,1954.0,74.645
2023-02-01,Australia,AUS,48.0,1.834,1954.0,74.645
2023-02-02,Australia,AUS,52.0,1.986,1663.0,63.528
2023-02-03,Australia,AUS,52.0,1.986,1663.0,63.528
2023-02-04,Australia,AUS,52.0,1.986,1663.0,63.528
2023-02-05,Australia,AUS,52.0,1.986,1663.0,63.528
2023-02-06,Australia,AUS,52.0,1.986,1663.0,63.528
2023-02-07,Australia,AUS,52.0,1.986,1663.0,63.528
2023-02-08,Australia,AUS,52.0,1.986,1663.0,63.528
2023-02-09,Australia,AUS,44.0,1.681,1434.0,54.78
2023-02-10,Australia,AUS,44.0,1.681,1434.0,54.78
2023-02-11,Australia,AUS,44.0,1.681,1434.0,54.78
2023-02-12,Australia,AUS,44.0,1.681,1434.0,54.78
2023-02-13,Australia,AUS,44.0,1.681,1434.0,54.78
2023-02-14,Australia,AUS,44.0,1.681,1434.0,54.78
2023-02-15,Australia,AUS,44.0,1.681,1434.0,54.78
2023-02-16,Australia,AUS,45.0,1.719,1329.0,50.769
2023-02-17,Australia,AUS,45.0,1.719,1329.0,50.769
2023-02-18,Australia,AUS,45.0,1.719,1329.0,50.769
2023-02-19,Australia,AUS,45.0,1.719,1329.0,50.769
2023-02-20,Australia,AUS,45.0,1.719,1329.0,50.769
2023-02-21,Australia,AUS,45.0,1.719,1329.0,50.769
2023-02-22,Australia,AUS,45.0,1.719,1329.0,50.769
2023-02-23,Australia,AUS,35.0,1.337,1315.0,50.234
2023-02-24,Australia,AUS,35.0,1.337,1315.0,50.234
2023-02-25,Australia,AUS,35.0,1.337,1315.0,50.234
2023-02-26,Australia,AUS,35.0,1.337,1315.0,50.234
2023-02-27,Australia,AUS,35.0,1.337,1315.0,50.234
2023-02-28,Australia,AUS,35.0,1.337,1315.0,50.234
2023-03-01,Australia,AUS,35.0,1.337,1315.0,50.234
2023-03-02,Australia,AUS,32.0,1.222,1338.0,51.113
2023-03-03,Australia,AUS,32.0,1.222,1338.0,51.113
2023-03-04,Australia,AUS,32.0,1.222,1338.0,51.113
2023-03-05,Australia,AUS,32.0,1.222,1338.0,51.113
2023-03-06,Australia,AUS,32.0,1.222,1338.0,51.113
2023-03-07,Australia,AUS,32.0,1.222,1338.0,51.113
2023-03-08,Australia,AUS,32.0,1.222,1338.0,51.113
2023-03-09,Australia,AUS,33.0,1.261,1311.0,50.081
2023-03-10,Australia,AUS,33.0,1.261,1311.0,50.081
2023-03-11,Australia,AUS,33.0,1.261,1311.0,50.081
2023-03-12,Australia,AUS,33.0,1.261,1311.0,50.081
2023-03-13,Australia,AUS,33.0,1.261,1311.0,50.081
2023-03-14,Australia,AUS,33.0,1.261,1311.0,50.081
2023-03-15,Australia,AUS,33.0,1.261,1311.0,50.081
2023-03-16,Australia,AUS,25.0,0.955,1359.0,51.915
2023-03-17,Australia,AUS,25.0,0.955,1359.0,51.915
2023-03-18,Australia,AUS,25.0,0.955,1359.0,51.915
2023-03-19,Australia,AUS,25.0,0.955,1359.0,51.915
2023-03-20,Australia,AUS,25.0,0.955,1359.0,51.915
2023-03-21,Australia,AUS,25.0,0.955,1359.0,51.915
2023-03-22,Australia,AUS,25.0,0.955,1359.0,51.915
2023-03-23,Australia,AUS,35.0,1.337,1440.0,55.009
2023-03-24,Australia,AUS,35.0,1.337,1440.0,55.009
2023-03-25,Australia,AUS,35.0,1.337,1440.0,55.009
2023-03-26,Australia,AUS,35.0,1.337,1440.0,55.009
2023-03-27,Australia,AUS,35.0,1.337,1440.0,55.009
2023-03-28,Australia,AUS,35.0,1.337,1440.0,55.009
2023-03-29,Australia,AUS,35.0,1.337,1440.0,55.009
2023-03-30,Australia,AUS,34.0,1.299,1567.0,59.861
2023-03-31,Australia,AUS,34.0,1.299,1567.0,59.861
2023-04-01,Australia,AUS,34.0,1.299,1567.0,59.861
2023-04-02,Australia,AUS,34.0,1.299,1567.0,59.861
2023-04-03,Australia,AUS,34.0,1.299,1567.0,59.861
2023-04-04,Australia,AUS,34.0,1.299,1567.0,59.861
2023-04-05,Australia,AUS,34.0,1.299,1567.0,59.861
2023-04-06,Australia,AUS,47.0,1.795,1709.0,65.285
2023-04-07,Australia,AUS,47.0,1.795,1709.0,65.285
2023-04-08,Australia,AUS,47.0,1.795,1709.0,65.285
2023-04-09,Australia,AUS,47.0,1.795,1709.0,65.285
2023-04-10,Australia,AUS,47.0,1.795,1709.0,65.285
2023-04-11,Australia,AUS,47.0,1.795,1709.0,65.285
2023-04-12,Australia,AUS,47.0,1.795,1709.0,65.285
2023-04-13,Australia,AUS,42.0,1.604,1943.0,74.224
2023-04-14,Australia,AUS,42.0,1.604,1943.0,74.224
2023-04-15,Australia,AUS,42.0,1.604,1943.0,74.224
2023-04-16,Australia,AUS,42.0,1.604,1943.0,74.224
2023-04-17,Australia,AUS,42.0,1.604,1943.0,74.224
2023-04-18,Australia,AUS,42.0,1.604,1943.0,74.224
2023-04-19,Australia,AUS,42.0,1.604,1943.0,74.224
2023-04-20,Australia,AUS,55.0,2.101,2043.0,78.044
2023-04-21,Australia,AUS,55.0,2.101,2043.0,78.044
2023-04-22,Australia,AUS,55.0,2.101,2043.0,78.044
2023-04-23,Australia,AUS,55.0,2.101,2043.0,78.044
2023-04-24,Australia,AUS,55.0,2.101,2043.0,78.044
2023-04-25,Australia,AUS,55.0,2.101,2043.0,78.044
2023-04-26,Australia,AUS,55.0,2.101,2043.0,78.044
2023-04-27,Australia,AUS,72.0,2.75,2321.0,88.664
2023-04-28,Australia,AUS,72.0,2.75,2321.0,88.664
2023-04-29,Australia,AUS,72.0,2.75,2321.0,88.664
2023-04-30,Australia,AUS,72.0,2.75,2321.0,88.664
2023-05-01,Australia,AUS,72.0,2.75,2321.0,88.664
2023-05-02,Australia,AUS,72.0,2.75,2321.0,88.664
2023-05-03,Australia,AUS,72.0,2.75,2321.0,88.664
2023-05-04,Australia,AUS,63.0,2.407,2350.0,89.772
2023-05-05,Australia,AUS,63.0,2.407,2350.0,89.772
2023-05-06,Australia,AUS,63.0,2.407,2350.0,89.772
2023-05-07,Australia,AUS,63.0,2.407,2350.0,89.772
2023-05-08,Australia,AUS,63.0,2.407,2350.0,89.772
2023-05-09,Australia,AUS,63.0,2.407,2350.0,89.772
2023-05-10,Australia,AUS,63.0,2.407,2350.0,89.772
2023-05-11,Australia,AUS,60.0,2.292,2272.0,86.792
2023-05-12,Australia,AUS,60.0,2.292,2272.0,86.792
2023-05-13,Australia,AUS,60.0,2.292,2272.0,86.792
2023-05-14,Australia,AUS,60.0,2.292,2272.0,86.792
2023-05-15,Australia,AUS,60.0,2.292,2272.0,86.792
2023-05-16,Australia,AUS,60.0,2.292,2272.0,86.792
2023-05-17,Australia,AUS,60.0,2.292,2272.0,86.792
2023-05-18,Australia,AUS,58.0,2.216,2345.0,89.581
2023-05-19,Australia,AUS,58.0,2.216,2345.0,89.581
2023-05-20,Australia,AUS,58.0,2.216,2345.0,89.581
2023-05-21,Australia,AUS,58.0,2.216,2345.0,89.581
2023-05-22,Australia,AUS,58.0,2.216,2345.0,89.581
2023-05-23,Australia,AUS,58.0,2.216,2345.0,89.581
2023-05-24,Australia,AUS,58.0,2.216,2345.0,89.581
2023-05-25,Australia,AUS,72.0,2.75,2535.0,96.839
2023-05-26,Australia,AUS,72.0,2.75,2535.0,96.839
2023-05-27,Australia,AUS,72.0,2.75,2535.0,96.839
2023-05-28,Australia,AUS,72.0,2.75,2535.0,96.839
2023-05-29,Australia,AUS,72.0,2.75,2535.0,96.839
2023-05-30,Australia,AUS,72.0,2.75,2535.0,96.839
2023-05-31,Australia,AUS,72.0,2.75,2535.0,96.839
2023-06-01,Australia,AUS,64.0,2.445,2767.0,105.702
2023-06-02,Australia,AUS,64.0,2.445,2767.0,105.702
2023-06-03,Australia,AUS,64.0,2.445,2767.0,105.702
2023-06-04,Australia,AUS,64.0,2.445,2767.0,105.702
2023-06-05,Australia,AUS,64.0,2.445,2767.0,105.702
2023-06-06,Australia,AUS,64.0,2.445,2767.0,105.702
2023-06-07,Australia,AUS,64.0,2.445,2767.0,105.702
2023-06-08,Australia,AUS,84.0,3.209,2743.0,104.785
2023-06-09,Australia,AUS,84.0,3.209,2743.0,104.785
2023-06-10,Australia,AUS,84.0,3.209,2743.0,104.785
2023-06-11,Australia,AUS,84.0,3.209,2743.0,104.785
2023-06-12,Australia,AUS,84.0,3.209,2743.0,104.785
2023-06-13,Australia,AUS,84.0,3.209,2743.0,104.785
2023-06-14,Australia,AUS,84.0,3.209,2743.0,104.785
2023-06-15,Australia,AUS,70.0,2.674,2419.0,92.408
2023-06-16,Australia,AUS,70.0,2.674,2419.0,92.408
2023-06-17,Australia,AUS,70.0,2.674,2419.0,92.408
2023-06-18,Australia,AUS,70.0,2.674,2419.0,92.408
2023-06-19,Australia,AUS,70.0,2.674,2419.0,92.408
2023-06-20,Australia,AUS,70.0,2.674,2419.0,92.408
2023-06-21,Australia,AUS,70.0,2.674,2419.0,92.408
2023-06-22,Australia,AUS,60.0,2.292,2119.0,80.948
2023-06-23,Australia,AUS,60.0,2.292,2119.0,80.948
2023-06-24,Australia,AUS,60.0,2.292,2119.0,80.948
2023-06-25,Australia,AUS,60.0,2.292,2119.0,80.948
2023-06-26,Australia,AUS,60.0,2.292,2119.0,80.948
2023-06-27,Australia,AUS,60.0,2.292,2119.0,80.948
2023-06-28,Australia,AUS,60.0,2.292,2119.0,80.948
2023-06-29,Australia,AUS,40.0,1.528,1914.0,73.116
2023-06-30,Australia,AUS,40.0,1.528,1914.0,73.116
2023-07-01,Australia,AUS,40.0,1.528,1914.0,73.116
2023-07-02,Australia,AUS,40.0,1.528,1914.0,73.116
2023-07-03,Australia,AUS,40.0,1.528,1914.0,73.116
2023-07-04,Australia,AUS,40.0,1.528,1914.0,73.116
2023-07-05,Australia,AUS,40.0,1.528,1914.0,73.116
2023-07-06,Australia,AUS,38.0,1.452,1703.0,65.056
2023-07-07,Australia,AUS,38.0,1.452,1703.0,65.056
2023-07-08,Australia,AUS,38.0,1.452,1703.0,65.056
2023-07-09,Australia,AUS,38.0,1.452,1703.0,65.056
2023-07-10,Australia,AUS,38.0,1.452,1703.0,65.056
2023-07-11,Australia,AUS,38.0,1.452,1703.0,65.056
2023-07-12,Australia,AUS,38.0,1.452,1703.0,65.056
2023-07-13,Australia,AUS,46.0,1.757,1462.0,55.85
2023-07-14,Australia,AUS,46.0,1.757,1462.0,55.85
2023-07-15,Australia,AUS,46.0,1.757,1462.0,55.85
2023-07-16,Australia,AUS,46.0,1.757,1462.0,55.85
2023-07-17,Australia,AUS,46.0,1.757,1462.0,55.85
2023-07-18,Australia,AUS,46.0,1.757,1462.0,55.85
2023-07-19,Australia,AUS,46.0,1.757,1462.0,55.85
2023-07-20,Australia,AUS,28.0,1.07,1366.0,52.182
2023-07-21,Australia,AUS,28.0,1.07,1366.0,52.182
2023-07-22,Australia,AUS,28.0,1.07,1366.0,52.182
2023-07-23,Australia,AUS,28.0,1.07,1366.0,52.182
2023-07-24,Australia,AUS,28.0,1.07,1366.0,52.182
2023-07-25,Australia,AUS,28.0,1.07,1366.0,52.182
2023-07-26,Australia,AUS,28.0,1.07,1366.0,52.182
2023-07-27,Australia,AUS,23.0,0.879,1293.0,49.394
2023-07-28,Australia,AUS,23.0,0.879,1293.0,49.394
2023-07-29,Australia,AUS,23.0,0.879,1293.0,49.394
2023-07-30,Australia,AUS,23.0,0.879,1293.0,49.394
2023-07-31,Australia,AUS,23.0,0.879,1293.0,49.394
2023-08-01,Australia,AUS,23.0,0.879,1293.0,49.394
2023-08-02,Australia,AUS,23.0,0.879,1293.0,49.394
2023-08-03,Australia,AUS,33.0,1.261,1095.0,41.83
2023-08-04,Australia,AUS,33.0,1.261,1095.0,41.83
2023-08-05,Australia,AUS,33.0,1.261,1095.0,41.83
2023-08-06,Australia,AUS,33.0,1.261,1095.0,41.83
2023-08-07,Australia,AUS,33.0,1.261,1095.0,41.83
2023-08-08,Australia,AUS,33.0,1.261,1095.0,41.83
2023-08-09,Australia,AUS,33.0,1.261,1095.0,41.83
2023-08-10,Australia,AUS,26.0,0.993,995.0,38.01
2023-08-11,Australia,AUS,26.0,0.993,995.0,38.01
2023-08-12,Australia,AUS,26.0,0.993,995.0,38.01
2023-08-13,Australia,AUS,26.0,0.993,995.0,38.01
2023-08-14,Australia,AUS,26.0,0.993,995.0,38.01
2023-08-15,Australia,AUS,26.0,0.993,995.0,38.01
2023-08-16,Australia,AUS,26.0,0.993,995.0,38.01
2023-08-17,Australia,AUS,23.0,0.879,955.0,36.482
2023-08-18,Australia,AUS,23.0,0.879,955.0,36.482
2023-08-19,Australia,AUS,23.0,0.879,955.0,36.482
2023-08-20,Australia,AUS,23.0,0.879,955.0,36.482
2023-08-21,Australia,AUS,23.0,0.879,955.0,36.482
2023-08-22,Australia,AUS,23.0,0.879,955.0,36.482
2023-08-23,Australia,AUS,23.0,0.879,955.0,36.482
2023-08-24,Australia,AUS,21.0,0.802,924.0,35.298
2023-08-25,Australia,AUS,21.0,0.802,924.0,35.298
2023-08-26,Australia,AUS,21.0,0.802,924.0,35.298
2023-08-27,Australia,AUS,21.0,0.802,924.0,35.298
2023-08-28,Australia,AUS,21.0,0.802,924.0,35.298
2023-08-29,Australia,AUS,21.0,0.802,924.0,35.298
2023-08-30,Australia,AUS,21.0,0.802,924.0,35.298
2023-08-31,Australia,AUS,26.0,0.993,919.0,35.107
2023-09-01,Australia,AUS,26.0,0.993,919.0,35.107
2023-09-02,Australia,AUS,26.0,0.993,919.0,35.107
2023-09-03,Australia,AUS,26.0,0.993,919.0,35.107
2023-09-04,Australia,AUS,26.0,0.993,919.0,35.107
2023-09-05,Australia,AUS,26.0,0.993,919.0,35.107
2023-09-06,Australia,AUS,26.0,0.993,919.0,35.107
2023-09-07,Australia,AUS,23.0,0.879,921.0,35.183
2023-09-08,Australia,AUS,23.0,0.879,921.0,35.183
2023-09-09,Australia,AUS,23.0,0.879,921.0,35.183
2023-09-10,Australia,AUS,23.0,0.879,921.0,35.183
2023-09-11,Australia,AUS,23.0,0.879,921.0,35.183
2023-09-12,Australia,AUS,23.0,0.879,921.0,35.183
2023-09-13,Australia,AUS,23.0,0.879,921.0,35.183
2023-09-14,Australia,AUS,21.0,0.802,947.0,36.176
2023-09-15,Australia,AUS,21.0,0.802,947.0,36.176
2023-09-16,Australia,AUS,21.0,0.802,947.0,36.176
2023-09-17,Australia,AUS,21.0,0.802,947.0,36.176
2023-09-18,Australia,AUS,21.0,0.802,947.0,36.176
2023-09-19,Australia,AUS,21.0,0.802,947.0,36.176
2023-09-20,Australia,AUS,21.0,0.802,947.0,36.176
2023-09-21,Australia,AUS,20.0,0.764,966.0,36.902
2023-09-22,Australia,AUS,20.0,0.764,966.0,36.902
2023-09-23,Australia,AUS,20.0,0.764,966.0,36.902
2023-09-24,Australia,AUS,20.0,0.764,966.0,36.902
2023-09-25,Australia,AUS,20.0,0.764,966.0,36.902
2023-09-26,Australia,AUS,20.0,0.764,966.0,36.902
2023-09-27,Australia,AUS,20.0,0.764,966.0,36.902
2023-09-28,Australia,AUS,20.0,0.764,1012.0,38.659
2023-09-29,Australia,AUS,20.0,0.764,1012.0,38.659
2023-09-30,Australia,AUS,20.0,0.764,1012.0,38.659
2023-10-01,Australia,AUS,20.0,0.764,1012.0,38.659
2023-10-02,Australia,AUS,20.0,0.764,1012.0,38.659
2023-10-03,Australia,AUS,20.0,0.764,1012.0,38.659
2023-10-04,Australia,AUS,20.0,0.764,1012.0,38.659
2023-10-05,Australia,AUS,22.0,0.84,1027.0,39.232
2023-10-06,Australia,AUS,22.0,0.84,1027.0,39.232
2023-10-07,Australia,AUS,22.0,0.84,1027.0,39.232
2023-10-08,Australia,AUS,22.0,0.84,1027.0,39.232
2023-10-09,Australia,AUS,22.0,0.84,1027.0,39.232
2023-10-10,Australia,AUS,22.0,0.84,1027.0,39.232
2023-10-11,Australia,AUS,22.0,0.84,1027.0,39.232
2023-10-12,Australia,AUS,25.0,0.955,1022.0,39.041
2023-10-13,Australia,AUS,25.0,0.955,1022.0,39.041
2023-10-14,Australia,AUS,25.0,0.955,1022.0,39.041
2023-10-15,Australia,AUS,25.0,0.955,1022.0,39.041
2023-10-16,Australia,AUS,25.0,0.955,1022.0,39.041
2023-10-17,Australia,AUS,25.0,0.955,1022.0,39.041
2023-10-18,Australia,AUS,25.0,0.955,1022.0,39.041
2023-10-19,Australia,AUS,26.0,0.993,1081.0,41.295
2023-10-20,Australia,AUS,26.0,0.993,1081.0,41.295
2023-10-21,Australia,AUS,26.0,0.993,1081.0,41.295
2023-10-22,Australia,AUS,26.0,0.993,1081.0,41.295
2023-10-23,Australia,AUS,26.0,0.993,1081.0,41.295
2023-10-24,Australia,AUS,26.0,0.993,1081.0,41.295
2023-10-25,Australia,AUS,26.0,0.993,1081.0,41.295
2023-10-26,Australia,AUS,32.0,1.222,1275.0,48.706
2023-10-27,Australia,AUS,32.0,1.222,1275.0,48.706
2023-10-28,Australia,AUS,32.0,1.222,1275.0,48.706
2023-10-29,Australia,AUS,32.0,1.222,1275.0,48.706
2023-10-30,Australia,AUS,32.0,1.222,1275.0,48.706
2023-10-31,Australia,AUS,32.0,1.222,1275.0,48.706
2023-11-01,Australia,AUS,32.0,1.222,1275.0,48.706
2023-11-02,Australia,AUS,37.0,1.413,1327.0,50.693
2023-11-03,Australia,AUS,37.0,1.413,1327.0,50.693
2023-11-04,Australia,AUS,37.0,1.413,1327.0,50.693
2023-11-05,Australia,AUS,37.0,1.413,1327.0,50.693
2023-11-06,Australia,AUS,37.0,1.413,1327.0,50.693
2023-11-07,Australia,AUS,37.0,1.413,1327.0,50.693
2023-11-08,Australia,AUS,37.0,1.413,1327.0,50.693
2023-11-09,Australia,AUS,48.0,1.834,1398.0,53.405
2023-11-10,Australia,AUS,48.0,1.834,1398.0,53.405
2023-11-11,Australia,AUS,48.0,1.834,1398.0,53.405
2023-11-12,Australia,AUS,48.0,1.834,1398.0,53.405
2023-11-13,Australia,AUS,48.0,1.834,1398.0,53.405
2023-11-14,Australia,AUS,48.0,1.834,1398.0,53.405
2023-11-15,Australia,AUS,48.0,1.834,1398.0,53.405
2023-11-16,Australia,AUS,59.0,2.254,1612.0,61.58
2023-11-17,Australia,AUS,59.0,2.254,1612.0,61.58
2023-11-18,Australia,AUS,59.0,2.254,1612.0,61.58
2023-11-19,Australia,AUS,59.0,2.254,1612.0,61.58
2023-11-20,Australia,AUS,59.0,2.254,1612.0,61.58
2023-11-21,Australia,AUS,59.0,2.254,1612.0,61.58
2023-11-22,Australia,AUS,59.0,2.254,1612.0,61.58
2023-11-23,Australia,AUS,55.0,2.101,1605.0,61.312
2023-11-24,Australia,AUS,55.0,2.101,1605.0,61.312
2023-11-25,Australia,AUS,55.0,2.101,1605.0,61.312
2023-11-26,Australia,AUS,55.0,2.101,1605.0,61.312
2023-11-27,Australia,AUS,55.0,2.101,1605.0,61.312
2023-11-28,Australia,AUS,55.0,2.101,1605.0,61.312
2023-11-29,Australia,AUS,55.0,2.101,1605.0,61.312
2023-11-30,Australia,AUS,57.0,2.177,1583.0,60.472
2023-12-01,Australia,AUS,57.0,2.177,1583.0,60.472
2023-12-02,Australia,AUS,57.0,2.177,1583.0,60.472
2023-12-03,Australia,AUS,57.0,2.177,1583.0,60.472
2023-12-04,Australia,AUS,57.0,2.177,1583.0,60.472
2023-12-05,Australia,AUS,57.0,2.177,1583.0,60.472
2023-12-06,Australia,AUS,57.0,2.177,1583.0,60.472
2023-12-07,Australia,AUS,54.0,2.063,1523.0,58.18
2020-04-08,Poland,POL,,,2425.0,60.842
2020-04-13,Poland,POL,,,2510.0,62.975
2020-04-15,Poland,POL,,,2499.0,62.699
2020-04-16,Poland,POL,,,2607.0,65.409
2020-04-17,Poland,POL,,,2673.0,67.065
2020-04-19,Poland,POL,,,2482.0,62.272
2020-04-20,Poland,POL,,,2511.0,63.0
2020-04-21,Poland,POL,,,2914.0,73.111
2020-04-22,Poland,POL,,,3505.0,87.939
2020-04-23,Poland,POL,,,3099.0,77.753
2020-04-24,Poland,POL,,,3095.0,77.652
2020-04-25,Poland,POL,,,2821.0,70.778
2020-04-26,Poland,POL,,,2749.0,68.971
2020-04-27,Poland,POL,,,2759.0,69.222
2020-04-28,Poland,POL,,,2934.0,73.613
2020-04-29,Poland,POL,,,2973.0,74.591
2020-04-30,Poland,POL,,,3012.0,75.57
2020-05-01,Poland,POL,,,2789.0,69.975
2020-05-02,Poland,POL,,,2649.0,66.462
2020-05-03,Poland,POL,,,2761.0,69.272
2020-05-04,Poland,POL,,,2653.0,66.563
2020-05-05,Poland,POL,,,2738.0,68.695
2020-05-06,Poland,POL,,,2760.0,69.247
2020-05-07,Poland,POL,,,2711.0,68.018
2020-05-08,Poland,POL,,,2758.0,69.197
2020-05-09,Poland,POL,,,2768.0,69.448
2020-05-10,Poland,POL,,,2658.0,66.688
2020-05-11,Poland,POL,,,2598.0,65.183
2020-05-12,Poland,POL,,,2571.0,64.505
2020-05-13,Poland,POL,,,2648.0,66.437
2020-05-14,Poland,POL,,,2538.0,63.677
2020-05-15,Poland,POL,,,2579.0,64.706
2020-05-16,Poland,POL,,,2407.0,60.391
2020-05-17,Poland,POL,,,2459.0,61.695
2020-05-18,Poland,POL,,,2544.0,63.828
2020-05-19,Poland,POL,,,2490.0,62.473
2020-05-20,Poland,POL,,,2414.0,60.566
2020-05-21,Poland,POL,,,2330.0,58.459
2020-05-22,Poland,POL,,,2261.0,56.728
2020-05-23,Poland,POL,,,2271.0,56.978
2020-05-24,Poland,POL,,,2242.0,56.251
2020-05-25,Poland,POL,,,2268.0,56.903
2020-05-26,Poland,POL,,,2171.0,54.47
2020-05-27,Poland,POL,,,2320.0,58.208
2020-05-28,Poland,POL,,,2248.0,56.401
2020-05-29,Poland,POL,,,2035.0,51.057
2020-05-30,Poland,POL,,,2207.0,55.373
2020-05-31,Poland,POL,,,2134.0,53.541
2020-06-01,Poland,POL,,,2181.0,54.72
2020-06-02,Poland,POL,,,2219.0,55.674
2020-06-03,Poland,POL,,,2150.0,53.943
2020-06-04,Poland,POL,,,2102.0,52.738
2020-06-05,Poland,POL,,,2085.0,52.312
2020-06-06,Poland,POL,,,2128.0,53.391
2020-06-07,Poland,POL,,,2007.0,50.355
2020-06-08,Poland,POL,,,1881.0,47.194
2020-06-09,Poland,POL,,,2039.0,51.158
2020-06-10,Poland,POL,,,1993.0,50.004
2020-06-12,Poland,POL,,,1629.0,40.871
2020-06-13,Poland,POL,,,1711.0,42.928
2020-06-14,Poland,POL,,,1748.0,43.857
2020-06-15,Poland,POL,,,1736.0,43.556
2020-06-16,Poland,POL,,,1806.0,45.312
2020-06-17,Poland,POL,,,1693.0,42.477
2020-06-18,Poland,POL,,,1849.0,46.391
2020-06-19,Poland,POL,,,1886.0,47.319
2020-06-20,Poland,POL,,,1931.0,48.448
2020-06-21,Poland,POL,,,1877.0,47.093
2020-06-22,Poland,POL,,,1899.0,47.645
2020-06-23,Poland,POL,,,1936.0,48.573
2020-06-24,Poland,POL,,,1965.0,49.301
2020-06-25,Poland,POL,,,1974.0,49.527
2020-06-26,Poland,POL,,,1933.0,48.498
2020-06-27,Poland,POL,,,1869.0,46.892
2020-06-28,Poland,POL,,,1845.0,46.29
2020-06-29,Poland,POL,,,1797.0,45.086
2020-06-30,Poland,POL,,,1811.0,45.437
2020-07-01,Poland,POL,,,1923.0,48.247
2020-07-02,Poland,POL,,,1787.0,44.835
2020-07-03,Poland,POL,,,1743.0,43.731
2020-07-04,Poland,POL,,,1731.0,43.43
2020-07-05,Poland,POL,,,1765.0,44.283
2020-07-06,Poland,POL,,,1790.0,44.91
2020-07-07,Poland,POL,,,1658.0,41.599
2020-07-08,Poland,POL,,,1683.0,42.226
2020-07-09,Poland,POL,,,1687.0,42.326
2020-07-10,Poland,POL,,,1597.0,40.068
2020-07-11,Poland,POL,,,1617.0,40.57
2020-07-12,Poland,POL,,,1610.0,40.394
2020-07-13,Poland,POL,,,1640.0,41.147
2020-07-14,Poland,POL,,,1581.0,39.667
2020-07-15,Poland,POL,,,1575.0,39.516
2020-07-16,Poland,POL,,,1550.0,38.889
2020-07-17,Poland,POL,,,1604.0,40.244
2020-07-18,Poland,POL,,,1551.0,38.914
2020-07-19,Poland,POL,,,1560.0,39.14
2020-07-20,Poland,POL,,,1575.0,39.516
2020-07-21,Poland,POL,,,1607.0,40.319
2020-07-22,Poland,POL,,,1644.0,41.247
2020-07-23,Poland,POL,,,1626.0,40.796
2020-07-24,Poland,POL,,,1617.0,40.57
2020-07-25,Poland,POL,,,1594.0,39.993
2020-07-26,Poland,POL,,,1601.0,40.168
2020-07-27,Poland,POL,,,1625.0,40.771
2020-07-28,Poland,POL,,,1655.0,41.523
2020-07-29,Poland,POL,,,1687.0,42.326
2020-07-30,Poland,POL,,,1694.0,42.502
2020-07-31,Poland,POL,,,1778.0,44.609
2020-08-01,Poland,POL,,,1841.0,46.19
2020-08-02,Poland,POL,,,1835.0,46.039
2020-08-03,Poland,POL,,,1841.0,46.19
2020-08-04,Poland,POL,,,1859.0,46.642
2020-08-05,Poland,POL,,,1898.0,47.62
2020-08-06,Poland,POL,,,1913.0,47.996
2020-08-07,Poland,POL,,,1928.0,48.373
2020-08-08,Poland,POL,,,1928.0,48.373
2020-08-09,Poland,POL,,,1930.0,48.423
2020-08-10,Poland,POL,,,1929.0,48.398
2020-08-11,Poland,POL,,,1985.0,49.803
2020-08-12,Poland,POL,,,2021.0,50.706
2020-08-13,Poland,POL,,,2059.0,51.659
2020-08-14,Poland,POL,,,2040.0,51.183
2020-08-15,Poland,POL,,,2028.0,50.882
2020-08-16,Poland,POL,,,2035.0,51.057
2020-08-17,Poland,POL,,,2040.0,51.183
2020-08-18,Poland,POL,,,2057.0,51.609
2020-08-19,Poland,POL,,,2097.0,52.613
2020-08-20,Poland,POL,,,2110.0,52.939
2020-08-21,Poland,POL,,,2151.0,53.968
2020-08-22,Poland,POL,,,2189.0,54.921
2020-08-23,Poland,POL,,,2195.0,55.072
2020-08-24,Poland,POL,,,2207.0,55.373
2020-08-25,Poland,POL,,,2167.0,54.369
2020-08-26,Poland,POL,,,2170.0,54.444
2020-08-27,Poland,POL,,,2185.0,54.821
2020-08-28,Poland,POL,,,2221.0,55.724
2020-08-29,Poland,POL,,,2237.0,56.125
2020-08-30,Poland,POL,,,2242.0,56.251
2020-08-31,Poland,POL,,,2249.0,56.427
2020-09-01,Poland,POL,,,2138.0,53.642
2020-09-02,Poland,POL,,,2168.0,54.394
2020-09-03,Poland,POL,,,2170.0,54.444
2020-09-04,Poland,POL,,,2179.0,54.67
2020-09-05,Poland,POL,,,2090.0,52.437
2020-09-06,Poland,POL,,,2091.0,52.462
2020-09-07,Poland,POL,,,2113.0,53.014
2020-09-08,Poland,POL,,,2042.0,51.233
2020-09-09,Poland,POL,,,2070.0,51.935
2020-09-10,Poland,POL,,,1924.0,48.272
2020-09-11,Poland,POL,,,1957.0,49.1
2020-09-12,Poland,POL,,,1946.0,48.824
2020-09-13,Poland,POL,,,1961.0,49.201
2020-09-14,Poland,POL,,,1972.0,49.477
2020-09-15,Poland,POL,,,1996.0,50.079
2020-09-16,Poland,POL,,,2007.0,50.355
2020-09-17,Poland,POL,,,1917.0,48.097
2020-09-18,Poland,POL,,,1925.0,48.297
2020-09-19,Poland,POL,,,1977.0,49.602
2020-09-20,Poland,POL,,,1985.0,49.803
2020-09-21,Poland,POL,,,1979.0,49.652
2020-09-23,Poland,POL,,,1971.0,49.452
2020-09-24,Poland,POL,,,1964.0,49.276
2020-09-25,Poland,POL,,,1995.0,50.054
2020-09-26,Poland,POL,,,2134.0,53.541
2020-09-27,Poland,POL,,,2223.0,55.774
2020-09-28,Poland,POL,,,2305.0,57.832
2020-09-29,Poland,POL,,,2399.0,60.19
2020-09-30,Poland,POL,,,2481.0,62.247
2020-10-01,Poland,POL,,,2560.0,64.229
2020-10-02,Poland,POL,,,2702.0,67.792
2020-10-03,Poland,POL,,,2850.0,71.505
2020-10-04,Poland,POL,,,2977.0,74.692
2020-10-05,Poland,POL,,,3158.0,79.233
2020-10-06,Poland,POL,,,3719.0,93.308
2020-10-07,Poland,POL,,,4000.0,100.358
2020-10-08,Poland,POL,,,4138.0,103.821
2020-10-09,Poland,POL,,,4407.0,110.57
2020-10-10,Poland,POL,,,4725.0,118.548
2020-10-11,Poland,POL,,,4924.0,123.541
2020-10-12,Poland,POL,,,5262.0,132.022
2020-10-13,Poland,POL,,,5669.0,142.233
2020-10-14,Poland,POL,,,6084.0,152.645
2020-10-15,Poland,POL,,,6538.0,164.036
2020-10-16,Poland,POL,,,6980.0,175.125
2020-10-18,Poland,POL,,,8076.0,202.624
2020-10-19,Poland,POL,,,8375.0,210.125
2020-10-20,Poland,POL,,,8962.0,224.853
2020-10-21,Poland,POL,,,9439.0,236.821
2020-10-22,Poland,POL,,,10091.0,253.179
2020-10-23,Poland,POL,,,10788.0,270.667
2020-10-24,Poland,POL,,,11496.0,288.43
2020-10-25,Poland,POL,,,11887.0,298.24
2020-10-26,Poland,POL,,,12282.0,308.151
2020-10-27,Poland,POL,,,13291.0,333.466
2020-10-28,Poland,POL,,,13931.0,349.523
2020-10-29,Poland,POL,,,14631.0,367.086
2020-10-30,Poland,POL,,,15444.0,387.484
2020-10-31,Poland,POL,,,16144.0,405.047
2020-11-01,Poland,POL,,,16427.0,412.147
2020-11-02,Poland,POL,,,17223.0,432.118
2020-11-03,Poland,POL,,,18160.0,455.627
2020-11-04,Poland,POL,,,18654.0,468.021
2020-11-05,Poland,POL,,,19114.0,479.563
2020-11-06,Poland,POL,,,19479.0,488.72
2020-11-07,Poland,POL,,,20249.0,508.039
2020-11-08,Poland,POL,,,20214.0,507.161
2020-11-09,Poland,POL,,,20967.0,526.054
2020-11-10,Poland,POL,,,21640.0,542.939
2020-11-11,Poland,POL,,,21521.0,539.953
2020-11-12,Poland,POL,,,21899.0,549.437
2020-11-13,Poland,POL,,,22298.0,559.448
2020-11-14,Poland,POL,,,22320.0,560.0
2020-11-15,Poland,POL,,,21988.0,551.67
2020-11-16,Poland,POL,,,22458.0,563.462
2020-11-17,Poland,POL,,,23033.0,577.889
2020-11-18,Poland,POL,,,22812.0,572.344
2020-11-19,Poland,POL,,,22536.0,565.419
2020-11-20,Poland,POL,,,22643.0,568.104
2020-11-21,Poland,POL,,,22478.0,563.964
2020-11-22,Poland,POL,,,22094.0,554.33
2020-11-23,Poland,POL,,,22234.0,557.842
2020-11-24,Poland,POL,,,22405.0,562.133
2020-11-25,Poland,POL,,,22119.0,554.957
2020-11-26,Poland,POL,,,21636.0,542.839
2020-11-27,Poland,POL,,,21691.0,544.219
2020-11-28,Poland,POL,,,21476.0,538.824
2020-11-29,Poland,POL,,,21059.0,528.362
2020-11-30,Poland,POL,,,21504.0,539.527
2020-12-01,Poland,POL,,,21351.0,535.688
2020-12-02,Poland,POL,,,20855.0,523.244
2020-12-03,Poland,POL,,,20477.0,513.76
2020-12-04,Poland,POL,,,20135.0,505.179
2020-12-05,Poland,POL,,,19895.0,499.158
2020-12-06,Poland,POL,,,19363.0,485.81
2020-12-07,Poland,POL,,,19917.0,499.71
2020-12-08,Poland,POL,,,19917.0,499.71
2020-12-09,Poland,POL,,,19459.0,488.219
2020-12-10,Poland,POL,,,19131.0,479.989
2020-12-11,Poland,POL,,,18941.0,475.222
2020-12-12,Poland,POL,,,18778.0,471.133
2020-12-13,Poland,POL,,,18533.0,464.986
2020-12-14,Poland,POL,,,18813.0,472.011
2020-12-15,Poland,POL,,,19210.0,481.971
2020-12-16,Poland,POL,,,18899.0,474.168
2020-12-17,Poland,POL,,,18707.0,469.351
2020-12-18,Poland,POL,,,18542.0,465.211
2020-12-19,Poland,POL,,,18342.0,460.194
2020-12-20,Poland,POL,,,18180.0,456.129
2020-12-21,Poland,POL,,,18376.0,461.047
2020-12-22,Poland,POL,,,18521.0,464.685
2020-12-23,Poland,POL,,,17794.0,446.444
2020-12-24,Poland,POL,,,17239.0,432.52
2020-12-25,Poland,POL,,,16735.0,419.875
2020-12-26,Poland,POL,,,16457.0,412.9
2020-12-27,Poland,POL,,,16686.0,418.645
2020-12-28,Poland,POL,,,17078.0,428.48
2020-12-29,Poland,POL,,,17299.0,434.025
2020-12-30,Poland,POL,,,17228.0,432.244
2020-12-31,Poland,POL,,,16970.0,425.771
2021-01-01,Poland,POL,,,16757.0,420.427
2021-01-02,Poland,POL,,,16601.0,416.513
2021-01-03,Poland,POL,,,16786.0,421.154
2021-01-04,Poland,POL,,,17130.0,429.785
2021-01-05,Poland,POL,,,17191.0,431.315
2021-01-06,Poland,POL,,,17057.0,427.953
2021-01-07,Poland,POL,,,16727.0,419.674
2021-01-11,Poland,POL,,,16681.0,418.52
2021-01-12,Poland,POL,,,16859.0,422.986
2021-01-13,Poland,POL,,,16553.0,415.308
2021-01-14,Poland,POL,,,16250.0,407.706
2021-01-15,Poland,POL,,,16083.0,403.516
2021-01-16,Poland,POL,,,15887.0,398.599
2021-01-17,Poland,POL,,,15588.0,391.097
2021-01-18,Poland,POL,,,15716.0,394.308
2021-01-19,Poland,POL,,,15667.0,393.079
2021-01-20,Poland,POL,,,15324.0,384.473
2021-01-21,Poland,POL,,,14928.0,374.538
2021-01-22,Poland,POL,,,14614.0,366.659
2021-01-23,Poland,POL,,,14528.0,364.502
2021-01-24,Poland,POL,,,14377.0,360.713
2021-01-25,Poland,POL,,,14544.0,364.903
2021-01-26,Poland,POL,,,14596.0,366.208
2021-01-27,Poland,POL,,,14120.0,354.265
2021-01-28,Poland,POL,,,13879.0,348.219
2021-01-29,Poland,POL,,,13726.0,344.38
2021-01-30,Poland,POL,,,13654.0,342.573
2021-01-31,Poland,POL,,,13339.0,334.67
2021-02-01,Poland,POL,,,13507.0,338.885
2021-02-02,Poland,POL,,,13512.0,339.011
2021-02-03,Poland,POL,,,13225.0,331.81
2021-02-04,Poland,POL,,,12945.0,324.785
2021-02-05,Poland,POL,,,12837.0,322.075
2021-02-06,Poland,POL,,,12743.0,319.717
2021-02-07,Poland,POL,,,12528.0,314.323
2021-02-08,Poland,POL,,,12559.0,315.1
2021-02-09,Poland,POL,,,12677.0,318.061
2021-02-10,Poland,POL,,,12472.0,312.918
2021-02-11,Poland,POL,,,12227.0,306.771
2021-02-12,Poland,POL,,,12215.0,306.47
2021-02-13,Poland,POL,,,12163.0,305.165
2021-02-14,Poland,POL,,,11962.0,300.122
2021-02-15,Poland,POL,,,12026.0,301.728
2021-02-16,Poland,POL,,,12318.0,309.054
2021-02-17,Poland,POL,,,12225.0,306.72
2021-02-18,Poland,POL,,,12188.0,305.792
2021-02-19,Poland,POL,,,12441.0,312.14
2021-02-20,Poland,POL,,,12517.0,314.047
2021-02-21,Poland,POL,,,12609.0,316.355
2021-02-22,Poland,POL,,,12868.0,322.853
2021-02-23,Poland,POL,,,13350.0,334.946
2021-02-24,Poland,POL,,,13477.0,338.133
2021-02-25,Poland,POL,,,13818.0,346.688
2021-02-26,Poland,POL,,,14058.0,352.71
2021-03-01,Poland,POL,,,14929.0,374.563
2021-03-02,Poland,POL,,,15400.0,386.38
2021-03-03,Poland,POL,,,15591.0,391.172
2021-03-04,Poland,POL,,,15992.0,401.233
2021-03-05,Poland,POL,,,16423.0,412.047
2021-03-06,Poland,POL,,,16725.0,419.624
2021-03-07,Poland,POL,,,16861.0,423.036
2021-03-08,Poland,POL,,,17337.0,434.978
2021-03-09,Poland,POL,,,18105.0,454.247
2021-03-10,Poland,POL,,,18378.0,461.097
2021-03-11,Poland,POL,,,18686.0,468.824
2021-03-12,Poland,POL,,,19102.0,479.262
2021-03-13,Poland,POL,,,19541.0,490.276
2021-03-14,Poland,POL,,,19654.0,493.111
2021-03-15,Poland,POL,,,20249.0,508.039
2021-03-16,Poland,POL,,,21183.0,531.473
2021-03-17,Poland,POL,,,21511.0,539.702
2021-03-18,Poland,POL,,,21858.0,548.409
2021-03-19,Poland,POL,,,22567.0,566.197
2021-03-20,Poland,POL,,,23293.0,584.412
2021-03-21,Poland,POL,,,23583.0,591.688
2021-03-22,Poland,POL,,,24637.0,618.133
2021-03-23,Poland,POL,,,26075.0,654.211
2021-03-24,Poland,POL,,,26511.0,665.151
2021-03-25,Poland,POL,,,27118.0,680.38
2021-03-26,Poland,POL,,,27779.0,696.964
2021-03-27,Poland,POL,,,28574.0,716.91
2021-03-28,Poland,POL,,,29071.0,729.38
2021-03-29,Poland,POL,,,29920.0,750.681
2021-03-30,Poland,POL,,,31071.0,779.559
2021-03-31,Poland,POL,,,31311.0,785.581
2021-04-01,Poland,POL,,,31811.0,798.125
2021-04-02,Poland,POL,,,31955.0,801.738
2021-04-03,Poland,POL,,,32260.0,809.391
2021-04-04,Poland,POL,,,31927.0,801.036
2021-04-05,Poland,POL,,,32656.0,819.326
2021-04-06,Poland,POL,,,33544.0,841.606
2021-04-07,Poland,POL,,,34691.0,870.383
2021-04-08,Poland,POL,,,34864.0,874.724
2021-04-09,Poland,POL,,,34550.0,866.846
2021-04-10,Poland,POL,,,34167.0,857.237
2021-04-11,Poland,POL,,,33460.0,839.498
2021-04-12,Poland,POL,,,33990.0,852.796
2021-04-13,Poland,POL,,,34619.0,868.577
2021-04-14,Poland,POL,,,33906.0,850.688
2021-04-15,Poland,POL,,,33253.0,834.305
2021-04-16,Poland,POL,,,32781.0,822.462
2021-04-17,Poland,POL,,,32073.0,804.699
2021-04-18,Poland,POL,,,31270.0,784.552
2021-04-19,Poland,POL,,,31612.0,793.133
2021-04-20,Poland,POL,,,31938.0,801.312
2021-04-21,Poland,POL,,,30706.0,770.401
2021-04-22,Poland,POL,,,29831.0,748.448
2021-04-23,Poland,POL,,,28994.0,727.448
2021-04-24,Poland,POL,,,28128.0,705.72
2021-04-25,Poland,POL,,,27336.0,685.849
2021-04-26,Poland,POL,,,27137.0,680.857
2021-04-27,Poland,POL,,,26925.0,675.538
2021-04-28,Poland,POL,,,25591.0,642.068
2021-04-29,Poland,POL,,,24667.0,618.885
2021-04-30,Poland,POL,,,23469.0,588.828
2021-05-01,Poland,POL,,,22415.0,562.383
2021-05-02,Poland,POL,,,21209.0,532.125
2021-05-03,Poland,POL,,,20974.0,526.229
2021-05-04,Poland,POL,,,20981.0,526.405
2021-05-05,Poland,POL,,,20410.0,512.079
2021-05-06,Poland,POL,,,19433.0,487.566
2021-05-07,Poland,POL,,,18116.0,454.523
2021-05-08,Poland,POL,,,17155.0,430.412
2021-05-09,Poland,POL,,,16156.0,405.348
2021-05-10,Poland,POL,,,15925.0,399.552
2021-05-11,Poland,POL,,,15602.0,391.448
2021-05-12,Poland,POL,,,14359.0,360.262
2021-05-13,Poland,POL,,,13497.0,338.634
2021-05-14,Poland,POL,,,12984.0,325.763
2021-05-15,Poland,POL,,,12421.0,311.638
2021-05-16,Poland,POL,,,11710.0,293.799
2021-05-17,Poland,POL,,,11604.0,291.14
2021-05-18,Poland,POL,,,11145.0,279.624
2021-05-19,Poland,POL,,,10334.0,259.276
2021-05-20,Poland,POL,,,9713.0,243.695
2021-05-21,Poland,POL,,,9200.0,230.824
2021-05-22,Poland,POL,,,8596.0,215.67
2021-05-23,Poland,POL,,,7943.0,199.287
2021-05-24,Poland,POL,,,7965.0,199.839
2021-05-25,Poland,POL,,,7553.0,189.502
2021-05-26,Poland,POL,,,6295.0,157.939
2021-05-27,Poland,POL,,,6377.0,159.996
2021-05-28,Poland,POL,,,5909.0,148.254
2021-05-29,Poland,POL,,,5445.0,136.613
2021-05-30,Poland,POL,,,5125.0,128.584
2021-05-31,Poland,POL,,,5071.0,127.229
2021-06-01,Poland,POL,,,4697.0,117.846
2021-06-02,Poland,POL,,,3984.0,99.957
2021-06-03,Poland,POL,,,3734.0,93.685
2021-06-04,Poland,POL,,,3581.0,89.846
2021-06-05,Poland,POL,,,3484.0,87.412
2021-06-06,Poland,POL,,,3299.0,82.771
2021-06-07,Poland,POL,,,3183.0,79.86
2021-06-08,Poland,POL,,,2983.0,74.842
2021-06-09,Poland,POL,,,2742.0,68.796
2021-06-10,Poland,POL,,,2553.0,64.054
2021-06-11,Poland,POL,,,2359.0,59.186
2021-06-12,Poland,POL,,,2135.0,53.566
2021-06-13,Poland,POL,,,1989.0,49.903
2021-06-14,Poland,POL,,,1982.0,49.728
2021-06-15,Poland,POL,,,1962.0,49.226
2021-06-16,Poland,POL,,,1783.0,44.735
2021-06-17,Poland,POL,,,1671.0,41.925
2021-06-18,Poland,POL,,,1634.0,40.996
2021-06-19,Poland,POL,,,1534.0,38.487
2021-06-20,Poland,POL,,,1451.0,36.405
2021-06-21,Poland,POL,,,1460.0,36.631
2021-06-22,Poland,POL,,,1367.0,34.297
2021-06-23,Poland,POL,,,1307.0,32.792
2021-06-24,Poland,POL,,,1219.0,30.584
2021-06-25,Poland,POL,,,1157.0,29.029
2021-06-26,Poland,POL,,,1082.0,27.147
2021-06-27,Poland,POL,,,1050.0,26.344
2021-06-28,Poland,POL,,,1020.0,25.591
2021-06-29,Poland,POL,,,985.0,24.713
2021-06-30,Poland,POL,,,924.0,23.183
2021-07-01,Poland,POL,,,855.0,21.452
2021-07-02,Poland,POL,,,690.0,17.312
2021-07-03,Poland,POL,,,616.0,15.455
2021-07-04,Poland,POL,,,571.0,14.326
2021-07-05,Poland,POL,,,566.0,14.201
2021-07-06,Poland,POL,,,546.0,13.699
2021-07-07,Poland,POL,,,504.0,12.645
2021-07-08,Poland,POL,,,476.0,11.943
2021-07-09,Poland,POL,,,463.0,11.616
2021-07-10,Poland,POL,,,450.0,11.29
2021-07-11,Poland,POL,,,426.0,10.688
2021-07-12,Poland,POL,,,411.0,10.312
2021-07-13,Poland,POL,,,400.0,10.036
2021-07-14,Poland,POL,,,392.0,9.835
2021-07-15,Poland,POL,,,388.0,9.735
2021-07-16,Poland,POL,,,362.0,9.082
2021-07-17,Poland,POL,,,348.0,8.731
2021-07-18,Poland,POL,,,342.0,8.581
2021-07-19,Poland,POL,,,342.0,8.581
2021-07-20,Poland,POL,,,349.0,8.756
2021-07-21,Poland,POL,,,339.0,8.505
2021-07-22,Poland,POL,,,329.0,8.254
2021-07-23,Poland,POL,,,324.0,8.129
2021-07-24,Poland,POL,,,325.0,8.154
2021-07-25,Poland,POL,,,304.0,7.627
2021-07-26,Poland,POL,,,305.0,7.652
2021-07-27,Poland,POL,,,309.0,7.753
2021-07-28,Poland,POL,,,308.0,7.728
2021-07-29,Poland,POL,,,302.0,7.577
2021-07-30,Poland,POL,,,295.0,7.401
2021-07-31,Poland,POL,,,278.0,6.975
2021-08-01,Poland,POL,,,277.0,6.95
2021-08-02,Poland,POL,,,271.0,6.799
2021-08-03,Poland,POL,,,295.0,7.401
2021-08-04,Poland,POL,,,292.0,7.326
2021-08-05,Poland,POL,,,298.0,7.477
2021-08-06,Poland,POL,,,296.0,7.427
2021-08-07,Poland,POL,,,307.0,7.703
2021-08-08,Poland,POL,,,310.0,7.778
2021-08-09,Poland,POL,,,313.0,7.853
2021-08-10,Poland,POL,,,307.0,7.703
2021-08-11,Poland,POL,,,300.0,7.527
2021-08-12,Poland,POL,,,313.0,7.853
2021-08-13,Poland,POL,,,309.0,7.753
2021-08-14,Poland,POL,,,315.0,7.903
2021-08-15,Poland,POL,,,317.0,7.953
2021-08-16,Poland,POL,,,317.0,7.953
2021-08-17,Poland,POL,,,335.0,8.405
2021-08-18,Poland,POL,,,344.0,8.631
2021-08-19,Poland,POL,,,353.0,8.857
2021-08-20,Poland,POL,,,359.0,9.007
2021-08-21,Poland,POL,,,359.0,9.007
2021-08-22,Poland,POL,,,340.0,8.53
2021-08-23,Poland,POL,,,356.0,8.932
2021-08-24,Poland,POL,,,385.0,9.659
2021-08-25,Poland,POL,,,374.0,9.384
2021-08-26,Poland,POL,,,371.0,9.308
2021-08-27,Poland,POL,,,388.0,9.735
2021-08-28,Poland,POL,,,406.0,10.186
2021-08-29,Poland,POL,,,403.0,10.111
2021-08-30,Poland,POL,,,429.0,10.763
2021-08-31,Poland,POL,,,465.0,11.667
2021-09-01,Poland,POL,,,475.0,11.918
2021-09-02,Poland,POL,,,478.0,11.993
2021-09-03,Poland,POL,,,490.0,12.294
2021-09-04,Poland,POL,,,498.0,12.495
2021-09-05,Poland,POL,,,500.0,12.545
2021-09-06,Poland,POL,,,529.0,13.272
2021-09-07,Poland,POL,,,570.0,14.301
2021-09-08,Poland,POL,,,588.0,14.753
2021-09-09,Poland,POL,,,594.0,14.903
2021-09-10,Poland,POL,,,623.0,15.631
2021-09-11,Poland,POL,,,666.0,16.71
2021-09-12,Poland,POL,,,675.0,16.935
2021-09-13,Poland,POL,,,704.0,17.663
2021-09-14,Poland,POL,,,782.0,19.62
2021-09-15,Poland,POL,,,823.0,20.649
2021-09-16,Poland,POL,,,881.0,22.104
2021-09-17,Poland,POL,,,911.0,22.857
2021-09-18,Poland,POL,,,980.0,24.588
2021-09-19,Poland,POL,,,1020.0,25.591
2021-09-20,Poland,POL,,,1070.0,26.846
2021-09-21,Poland,POL,,,1142.0,28.652
2021-09-22,Poland,POL,,,1179.0,29.581
2021-09-23,Poland,POL,,,1209.0,30.333
2021-09-24,Poland,POL,,,1258.0,31.563
2021-09-25,Poland,POL,,,1312.0,32.918
2021-09-26,Poland,POL,,,1343.0,33.695
2021-09-27,Poland,POL,,,1384.0,34.724
2021-09-28,Poland,POL,,,1529.0,38.362
2021-09-29,Poland,POL,,,1566.0,39.29
2021-09-30,Poland,POL,,,1614.0,40.495
2021-10-01,Poland,POL,,,1687.0,42.326
2021-10-02,Poland,POL,,,1673.0,41.975
2021-10-03,Poland,POL,,,1718.0,43.104
2021-10-04,Poland,POL,,,1840.0,46.165
2021-10-05,Poland,POL,,,1963.0,49.251
2021-10-06,Poland,POL,,,2013.0,50.505
2021-10-07,Poland,POL,,,2103.0,52.763
2021-10-08,Poland,POL,,,2141.0,53.717
2021-10-09,Poland,POL,,,2273.0,57.029
2021-10-10,Poland,POL,,,2327.0,58.384
2021-10-11,Poland,POL,,,2423.0,60.792
2021-10-12,Poland,POL,,,2615.0,65.609
2021-10-13,Poland,POL,,,2722.0,68.294
2021-10-14,Poland,POL,,,2796.0,70.151
2021-10-15,Poland,POL,,,2877.0,72.183
2021-10-16,Poland,POL,,,3012.0,75.57
2021-10-17,Poland,POL,,,3077.0,77.201
2021-10-18,Poland,POL,,,3264.0,81.892
2021-10-19,Poland,POL,,,3592.0,90.122
2021-10-20,Poland,POL,,,3811.0,95.616
2021-10-21,Poland,POL,,,4034.0,101.211
2021-10-22,Poland,POL,,,4264.0,106.982
2021-10-23,Poland,POL,,,4559.0,114.384
2021-10-24,Poland,POL,,,4706.0,118.072
2021-10-25,Poland,POL,,,5042.0,126.502
2021-10-26,Poland,POL,,,5416.0,135.885
2021-10-27,Poland,POL,,,5601.0,140.527
2021-10-28,Poland,POL,,,5863.0,147.1
2021-10-29,Poland,POL,,,6175.0,154.928
2021-10-30,Poland,POL,,,6603.0,165.667
2021-10-31,Poland,POL,,,6866.0,172.265
2021-11-01,Poland,POL,,,7204.0,180.746
2021-11-02,Poland,POL,,,7550.0,189.427
2021-11-03,Poland,POL,,,8257.0,207.165
2021-11-04,Poland,POL,,,8595.0,215.645
2021-11-05,Poland,POL,,,8897.0,223.222
2021-11-06,Poland,POL,,,9473.0,237.674
2021-11-07,Poland,POL,,,9788.0,245.577
2021-11-08,Poland,POL,,,10221.0,256.441
2021-11-09,Poland,POL,,,11010.0,276.237
2021-11-10,Poland,POL,,,11588.0,290.738
2021-11-11,Poland,POL,,,12030.0,301.828
2021-11-12,Poland,POL,,,12419.0,311.588
2021-11-13,Poland,POL,,,13121.0,329.201
2021-11-14,Poland,POL,,,13573.0,340.541
2021-11-15,Poland,POL,,,14123.0,354.34
2021-11-16,Poland,POL,,,14906.0,373.986
2021-11-17,Poland,POL,,,15316.0,384.272
2021-11-18,Poland,POL,,,15713.0,394.233
2021-11-19,Poland,POL,,,16093.0,403.767
2021-11-20,Poland,POL,,,16480.0,413.477
2021-11-21,Poland,POL,,,16733.0,419.824
2021-11-22,Poland,POL,,,17358.0,435.505
2021-11-23,Poland,POL,,,18320.0,459.642
2021-11-24,Poland,POL,,,18707.0,469.351
2021-11-25,Poland,POL,,,19087.0,478.885
2021-11-26,Poland,POL,,,19332.0,485.032
2021-11-27,Poland,POL,,,19707.0,494.441
2021-11-28,Poland,POL,,,20067.0,503.473
2021-11-29,Poland,POL,,,20521.0,514.864
2021-11-30,Poland,POL,,,21172.0,531.197
2021-12-01,Poland,POL,,,21332.0,535.211
2021-12-02,Poland,POL,,,21550.0,540.681
2021-12-03,Poland,POL,,,22035.0,552.849
2021-12-04,Poland,POL,,,22350.0,560.753
2021-12-05,Poland,POL,,,22264.0,558.595
2021-12-06,Poland,POL,,,22778.0,571.491
2021-12-07,Poland,POL,,,23604.0,592.215
2021-12-08,Poland,POL,,,23453.0,588.427
2021-12-09,Poland,POL,,,23433.0,587.925
2021-12-10,Poland,POL,,,23706.0,594.774
2021-12-11,Poland,POL,,,23755.0,596.004
2021-12-12,Poland,POL,,,23644.0,593.219
2021-12-13,Poland,POL,,,24051.0,603.43
2021-12-14,Poland,POL,,,24542.0,615.749
2021-12-15,Poland,POL,,,24275.0,609.05
2021-12-16,Poland,POL,,,23963.0,601.222
2021-12-17,Poland,POL,,,23795.0,597.007
2021-12-18,Poland,POL,,,23641.0,593.143
2021-12-19,Poland,POL,,,23219.0,582.556
2021-12-20,Poland,POL,,,23612.0,592.416
2021-12-21,Poland,POL,,,23858.0,598.588
2021-12-25,Poland,POL,,,20916.0,524.774
2021-12-26,Poland,POL,,,20838.0,522.817
2021-12-27,Poland,POL,,,21109.0,529.616
2021-12-28,Poland,POL,,,21283.0,533.982
2021-12-29,Poland,POL,,,20822.0,522.416
2021-12-30,Poland,POL,,,20433.0,512.656
2021-12-31,Poland,POL,,,19936.0,500.186
2022-01-01,Poland,POL,,,19408.0,486.939
2022-01-02,Poland,POL,,,19135.0,480.09
2022-01-03,Poland,POL,,,19493.0,489.072
2022-01-04,Poland,POL,,,19636.0,492.659
2022-01-05,Poland,POL,,,19264.0,483.326
2022-01-06,Poland,POL,,,18748.0,470.38
2022-01-07,Poland,POL,,,18439.0,462.627
2022-01-08,Poland,POL,,,18286.0,458.789
2022-01-09,Poland,POL,,,18063.0,453.194
2022-01-10,Poland,POL,,,18160.0,455.627
2022-01-11,Poland,POL,,,18095.0,453.996
2022-01-12,Poland,POL,,,17155.0,430.412
2022-01-13,Poland,POL,,,16307.0,409.136
2022-01-14,Poland,POL,,,15656.0,392.803
2022-01-15,Poland,POL,,,15114.0,379.204
2022-01-16,Poland,POL,,,14519.0,364.276
2022-01-17,Poland,POL,,,14601.0,366.333
2022-01-18,Poland,POL,,,14398.0,361.24
2022-01-19,Poland,POL,,,14005.0,351.38
2022-01-20,Poland,POL,,,13770.0,345.484
2022-01-21,Poland,POL,,,13624.0,341.821
2022-01-22,Poland,POL,,,13504.0,338.81
2022-01-23,Poland,POL,,,13491.0,338.484
2022-01-24,Poland,POL,,,13675.0,343.1
2022-01-25,Poland,POL,,,14153.0,355.093
2022-01-26,Poland,POL,,,14018.0,351.706
2022-01-27,Poland,POL,,,14279.0,358.254
2022-01-28,Poland,POL,,,14453.0,362.62
2022-01-29,Poland,POL,,,14804.0,371.427
2022-01-30,Poland,POL,,,15029.0,377.072
2022-01-31,Poland,POL,,,15447.0,387.559
2022-02-01,Poland,POL,,,16357.0,410.391
2022-02-02,Poland,POL,,,16529.0,414.706
2022-02-03,Poland,POL,,,16811.0,421.781
2022-02-04,Poland,POL,,,17262.0,433.097
2022-02-05,Poland,POL,,,17685.0,443.71
2022-02-06,Poland,POL,,,17661.0,443.108
2022-02-07,Poland,POL,,,18287.0,458.814
2022-02-08,Poland,POL,,,19014.0,477.054
2022-02-09,Poland,POL,,,18952.0,475.498
2022-02-10,Poland,POL,,,19055.0,478.082
2022-02-11,Poland,POL,,,19051.0,477.982
2022-02-12,Poland,POL,,,18912.0,474.495
2022-02-13,Poland,POL,,,18629.0,467.394
2022-02-14,Poland,POL,,,18824.0,472.287
2022-02-15,Poland,POL,,,19166.0,480.867
2022-02-16,Poland,POL,,,18477.0,463.581
2022-02-17,Poland,POL,,,18018.0,452.065
2022-02-18,Poland,POL,,,17617.0,442.004
2022-02-19,Poland,POL,,,17154.0,430.387
2022-02-20,Poland,POL,,,16443.0,412.548
2022-02-21,Poland,POL,,,16483.0,413.552
2022-02-22,Poland,POL,,,16509.0,414.204
2022-02-23,Poland,POL,,,15903.0,399.0
2022-02-24,Poland,POL,,,15130.0,379.606
2022-02-25,Poland,POL,,,14403.0,361.366
2022-02-26,Poland,POL,,,13670.0,342.975
2022-02-27,Poland,POL,,,12886.0,323.305
2022-02-28,Poland,POL,,,13024.0,326.767
2022-03-01,Poland,POL,,,12853.0,322.477
2022-03-02,Poland,POL,,,11627.0,291.717
2022-03-03,Poland,POL,,,10957.0,274.907
2022-03-04,Poland,POL,,,10423.0,261.509
2022-03-05,Poland,POL,,,9951.0,249.667
2022-03-06,Poland,POL,,,9456.0,237.247
2022-03-07,Poland,POL,,,9517.0,238.778
2022-03-08,Poland,POL,,,9478.0,237.799
2022-03-09,Poland,POL,,,8936.0,224.201
2022-03-10,Poland,POL,,,8558.0,214.717
2022-03-11,Poland,POL,,,8338.0,209.197
2022-03-12,Poland,POL,,,7977.0,200.14
2022-03-13,Poland,POL,,,7744.0,194.294
2022-03-14,Poland,POL,,,7833.0,196.527
2022-03-15,Poland,POL,,,7925.0,198.835
2022-03-16,Poland,POL,,,7636.0,191.584
2022-03-17,Poland,POL,,,7357.0,184.584
2022-03-18,Poland,POL,,,7023.0,176.204
2022-03-19,Poland,POL,,,6885.0,172.742
2022-03-20,Poland,POL,,,6669.0,167.323
2022-03-21,Poland,POL,,,6672.0,167.398
2022-03-22,Poland,POL,,,6745.0,169.229
2022-03-23,Poland,POL,,,6331.0,158.842
2022-03-24,Poland,POL,,,6206.0,155.706
2022-03-25,Poland,POL,,,5913.0,148.355
2022-03-26,Poland,POL,,,5675.0,142.384
2022-03-27,Poland,POL,,,5347.0,134.154
2022-03-28,Poland,POL,,,5333.0,133.803
2022-03-29,Poland,POL,,,5340.0,133.978
2022-03-30,Poland,POL,,,4963.0,124.52
2022-03-31,Poland,POL,,,4544.0,114.007
2022-04-01,Poland,POL,,,4049.0,101.588
2022-04-27,Poland,POL,,,1321.0,33.143
2022-05-04,Poland,POL,,,1125.0,28.226
2022-05-11,Poland,POL,,,981.0,24.613
2022-05-18,Poland,POL,,,661.0,16.584
2022-05-25,Poland,POL,,,523.0,13.122
2022-06-01,Poland,POL,,,408.0,10.237
2022-06-08,Poland,POL,,,376.0,9.434
2022-06-15,Poland,POL,,,315.0,7.903
2022-06-22,Poland,POL,,,287.0,7.201
2022-06-29,Poland,POL,,,338.0,8.48
2022-07-06,Poland,POL,,,449.0,11.265
2022-07-13,Poland,POL,,,694.0,17.412
2022-07-20,Poland,POL,,,1157.0,29.029
2022-07-27,Poland,POL,,,1884.0,47.269
2022-08-03,Poland,POL,,,2389.0,59.939
2022-08-10,Poland,POL,,,2742.0,68.796
2022-08-17,Poland,POL,,,2782.0,69.799
2022-08-24,Poland,POL,,,3025.0,75.896
2022-08-31,Poland,POL,,,2507.0,62.9
2022-09-07,Poland,POL,,,2102.0,52.738
2022-09-14,Poland,POL,,,2487.0,62.398
2022-09-21,Poland,POL,,,3086.0,77.427
