country,code,date,total_vaccinations,people_vaccinated,people_fully_vaccinated,total_boosters,daily_vaccinations_raw,daily_vaccinations,total_vaccinations_per_hundred,people_vaccinated_per_hundred,people_fully_vaccinated_per_hundred,total_boosters_per_hundred,daily_vaccinations_per_million,daily_people_vaccinated,daily_people_vaccinated_per_hundred
Australia,AUS,2021-02-21,20,20,,,,,0.0,0.0,,,,,
Australia,AUS,2021-02-22,2789,2789,,,2769,2769,0.01,0.01,,,106,2769,0.011
Australia,AUS,2021-02-23,6914,6911,3,,4125,3447,0.03,0.03,0.0,,132,3446,0.013
Australia,AUS,2021-02-24,16629,16626,3,,9715,5536,0.06,0.06,0.0,,211,5535,0.021
Australia,AUS,2021-02-25,23510,23501,9,,6881,5872,0.09,0.09,0.0,,224,5870,0.022
Australia,AUS,2021-02-26,30000,29989,11,,6490,5996,0.11,0.11,0.0,,229,5994,0.023
Australia,AUS,2021-02-27,31894,31882,12,,1894,5312,0.12,0.12,0.0,,203,5310,0.02
Australia,AUS,2021-02-28,34630,34618,12,,2736,4944,0.13,0.13,0.0,,189,4943,0.019
Australia,AUS,2021-03-01,41907,41895,12,,7277,5588,0.16,0.16,0.0,,213,5587,0.021
Australia,AUS,2021-03-02,51070,51058,12,,9163,6308,0.2,0.2,0.0,,241,6307,0.024
Australia,AUS,2021-03-03,61009,60994,15,,9939,6340,0.23,0.23,0.0,,242,6338,0.024
Australia,AUS,2021-03-04,71867,71848,19,,10858,6908,0.27,0.27,0.0,,264,6907,0.026
Australia,AUS,2021-03-05,76940,76916,24,,5073,6706,0.29,0.29,0.0,,256,6704,0.026
Australia,AUS,2021-03-06,81345,81321,24,,4405,7064,0.31,0.31,0.0,,270,7063,0.027
Australia,AUS,2021-03-07,86369,86345,24,,5024,7391,0.33,0.33,0.0,,282,7390,0.028
Australia,AUS,2021-03-08,94908,94884,24,,8539,7572,0.36,0.36,0.0,,289,7570,0.029
Australia,AUS,2021-03-09,108328,108301,27,,13420,8180,0.41,0.41,0.0,,312,8178,0.031
Australia,AUS,2021-03-10,125000,124972,28,,16672,9142,0.48,0.48,0.0,,349,9140,0.035
Australia,AUS,2021-03-11,135109,135077,32,,10109,9035,0.52,0.52,0.0,,345,9033,0.035
Australia,AUS,2021-03-12,159294,159260,34,,24185,11765,0.61,0.61,0.0,,449,11763,0.045
Australia,AUS,2021-03-13,162551,162517,34,,3257,11601,0.62,0.62,0.0,,443,11599,0.044
Australia,AUS,2021-03-14,164781,164746,35,,2230,11202,0.63,0.63,0.0,,428,11200,0.043
Australia,AUS,2021-03-15,182437,182214,223,,17656,12504,0.7,0.7,0.0,,478,12476,0.048
Australia,AUS,2021-03-16,203557,203032,525,,21120,13604,0.78,0.78,0.0,,520,13533,0.052
Australia,AUS,2021-03-17,226057,224711,1346,,22500,14437,0.86,0.86,0.01,,552,14248,0.054
Australia,AUS,2021-03-18,240754,238673,2081,,14697,15092,0.92,0.91,0.01,,577,14799,0.057
Australia,AUS,2021-03-19,253831,251060,2771,,13077,13505,0.97,0.96,0.01,,516,13114,0.05
Australia,AUS,2021-03-20,256782,253858,2924,,2951,13462,0.98,0.97,0.01,,514,13049,0.05
Australia,AUS,2021-03-21,281960,262283,19677,,25178,16740,1.08,1.0,0.08,,639,13934,0.053
Australia,AUS,2021-03-22,312502,289317,23185,,30542,18581,1.19,1.11,0.09,,710,15300,0.058
Australia,AUS,2021-03-23,358502,334123,24379,,46000,22135,1.37,1.28,0.09,,846,18727,0.072
Australia,AUS,2021-03-24,408410,379837,28573,,49908,26050,1.56,1.45,0.11,,995,22161,0.085
Australia,AUS,2021-03-25,460155,427294,32861,,51745,31343,1.76,1.63,0.13,,1197,26946,0.103
Australia,AUS,2021-03-26,506465,471771,34694,,46310,36091,1.93,1.8,0.13,,1379,31530,0.12
Australia,AUS,2021-03-27,524189,488220,35969,,17724,38201,2.0,1.87,0.14,,1459,33480,0.128
Australia,AUS,2021-03-28,541761,505085,36676,,17572,37114,2.07,1.93,0.14,,1418,34686,0.133
Australia,AUS,2021-03-29,597525,551335,46190,,55764,40718,2.28,2.11,0.18,,1555,37431,0.143
Australia,AUS,2021-03-30,670351,620336,50015,,72826,44550,2.56,2.37,0.19,,1702,40888,0.156
Australia,AUS,2021-03-31,744330,671606,72724,,73979,47989,2.84,2.57,0.28,,1833,41681,0.159
Australia,AUS,2021-04-01,823613,744369,79244,,79283,51923,3.15,2.84,0.3,,1984,45296,0.173
Australia,AUS,2021-04-02,828059,747698,80361,,4446,45942,3.16,2.86,0.31,,1755,39418,0.151
Australia,AUS,2021-04-03,843182,761864,81318,,15123,45570,3.22,2.91,0.31,,1741,39092,0.149
Australia,AUS,2021-04-04,844309,762679,81630,,1127,43221,3.23,2.91,0.31,,1651,36799,0.141
Australia,AUS,2021-04-05,854983,771972,83011,,10674,36780,3.27,2.95,0.32,,1405,31520,0.12
Australia,AUS,2021-04-06,920334,829963,90371,,65351,35712,3.52,3.17,0.35,,1364,29947,0.114
Australia,AUS,2021-04-07,996214,899641,96573,,75880,35983,3.81,3.44,0.37,,1375,32576,0.124
Australia,AUS,2021-04-08,1077511,940239,137272,,81297,36271,4.12,3.59,0.52,,1386,27981,0.107
Australia,AUS,2021-04-09,1138866,993668,145198,,61355,44401,4.35,3.8,0.55,,1696,35139,0.134
Australia,AUS,2021-04-10,1166568,1018671,147897,,27702,46198,4.46,3.89,0.56,,1765,36687,0.14
Australia,AUS,2021-04-11,1178302,1029486,148816,,11734,47713,4.5,3.93,0.57,,1823,38115,0.146
Australia,AUS,2021-04-12,1234681,1077574,157107,,56379,54243,4.72,4.12,0.6,,2072,43657,0.167
Australia,AUS,2021-04-13,1295672,1131621,164051,,60991,53620,4.95,4.32,0.63,,2048,43094,0.165
Australia,AUS,2021-04-14,1359305,1188424,170881,,63633,51870,5.19,4.54,0.65,,1981,41255,0.158
Australia,AUS,2021-04-15,1420577,1242588,177989,,61272,49009,5.43,4.75,0.68,,1872,43193,0.165
Australia,AUS,2021-04-16,1474558,1290409,184149,,53981,47956,5.63,4.93,0.7,,1832,42392,0.162
Australia,AUS,2021-04-17,1496912,1310866,186046,,22354,47192,5.72,5.01,0.71,,1803,41742,0.159
Australia,AUS,2021-04-18,1586556,1399808,186748,,89644,58322,6.06,5.35,0.71,,2228,52903,0.202
Australia,AUS,2021-04-19,1653286,1459097,194189,,66730,59801,6.32,5.57,0.74,,2284,54503,0.208
Australia,AUS,2021-04-20,1718107,1516390,201717,,64821,60348,6.56,5.79,0.77,,2305,54967,0.21
Australia,AUS,2021-04-21,1785698,1565322,220376,,67591,60913,6.82,5.98,0.84,,2327,53843,0.206
Australia,AUS,2021-04-22,1855601,1628307,227294,,69903,62146,7.09,6.22,0.87,,2374,55103,0.21
Australia,AUS,2021-04-23,1914047,1682424,231623,,58446,62784,7.31,6.43,0.88,,2398,56002,0.214
Australia,AUS,2021-04-24,1934077,1701357,232720,,20030,62452,7.39,6.5,0.89,,2386,55784,0.213
Australia,AUS,2021-04-25,1937485,1704743,232742,,3408,50133,7.4,6.51,0.89,,1915,43562,0.166
Australia,AUS,2021-04-26,1969337,1735756,233581,,31852,45150,7.52,6.63,0.89,,1725,39523,0.151
Australia,AUS,2021-04-27,2029544,1791020,238524,,60207,44491,7.75,6.84,0.91,,1700,39233,0.15
Australia,AUS,2021-04-28,2112285,1867045,245240,,82741,46655,8.07,7.13,0.94,,1782,43103,0.165
Australia,AUS,2021-04-29,2179544,1926672,252872,,67259,46278,8.33,7.36,0.97,,1768,42624,0.163
Australia,AUS,2021-04-30,2234844,1976315,258529,,55300,45828,8.54,7.55,0.99,,1751,41984,0.16
Australia,AUS,2021-05-01,2254074,1994063,260011,,19230,45714,8.61,7.62,0.99,,1746,41815,0.16
Australia,AUS,2021-05-02,2260615,1999899,260716,,6541,46161,8.64,7.64,1.0,,1763,42165,0.161
Australia,AUS,2021-05-03,2316969,2051573,265396,,56354,49662,8.85,7.84,1.01,,1897,45117,0.172
Australia,AUS,2021-05-04,2396314,2124394,271920,,79345,52396,9.15,8.12,1.04,,2002,47625,0.182
Australia,AUS,2021-05-05,2473529,2195139,278390,,77215,51606,9.45,8.39,1.06,,1971,46871,0.179
Australia,AUS,2021-05-06,2554531,2268890,285641,,81002,53570,9.76,8.67,1.09,,2046,48888,0.187
Australia,AUS,2021-05-07,2627725,2335211,292514,,73194,56126,10.04,8.92,1.12,,2144,51271,0.196
Australia,AUS,2021-05-08,2654338,2360192,294146,,26613,57181,10.14,9.02,1.12,,2184,52304,0.2
Australia,AUS,2021-05-09,2663221,2368476,294745,,8883,57515,10.17,9.05,1.13,,2197,52654,0.201
Australia,AUS,2021-05-10,2736107,2436106,300001,,72886,59877,10.45,9.31,1.15,,2287,54933,0.21
Australia,AUS,2021-05-11,2812486,2506399,306087,,76379,59453,10.74,9.57,1.17,,2271,54572,0.208
Australia,AUS,2021-05-12,2894770,2580660,314110,,82284,60177,11.06,9.86,1.2,,2299,55074,0.21
Australia,AUS,2021-05-13,2980644,2660509,320135,,85874,60873,11.39,10.16,1.22,,2325,55946,0.214
Australia,AUS,2021-05-14,3056797,2728447,328350,,76153,61296,11.68,10.42,1.25,,2342,56177,0.215
Australia,AUS,2021-05-15,3089184,2758361,330823,,32387,62121,11.8,10.54,1.26,,2373,56881,0.217
Australia,AUS,2021-05-16,3100137,2768527,331610,,10953,62417,11.84,10.58,1.27,,2384,57150,0.218
Australia,AUS,2021-05-17,3183324,2772593,410731,,83187,63888,12.16,10.59,1.57,,2441,48070,0.184
Australia,AUS,2021-05-18,3278854,2861133,417721,,95530,66624,12.53,10.93,1.6,,2545,50676,0.194
Australia,AUS,2021-05-19,3371728,2946301,425427,,92874,68137,12.88,11.26,1.63,,2603,52234,0.2
Australia,AUS,2021-05-20,3472874,3038105,434769,,101146,70319,13.27,11.61,1.66,,2686,53942,0.206
Australia,AUS,2021-05-21,3562495,3120757,,,89621,72243,13.61,11.92,,,2760,56044,0.214
Australia,AUS,2021-05-22,3599964,3156107,,,37469,72969,13.75,12.06,,,2787,56821,0.217
Australia,AUS,2021-05-23,3613053,3168814,,,13089,73274,13.8,12.11,,,2799,57184,0.218
Australia,AUS,2021-05-24,3690622,3255437,435185,,77569,72471,14.1,12.44,1.66,,2768,68978,0.264
Australia,AUS,2021-05-25,3795280,3320569,474711,,104658,73775,14.5,12.68,1.81,,2818,65634,0.251
Australia,AUS,2021-05-26,3906668,3425248,481420,,111388,76420,14.92,13.08,1.84,,2919,68421,0.261
Australia,AUS,2021-05-27,4031539,3541569,489970,,124871,79809,15.4,13.53,1.87,,3049,71923,0.275
Australia,AUS,2021-05-28,4153149,3655905,497244,,121610,84379,15.87,13.97,1.9,,3223,76450,0.292
Australia,AUS,2021-05-29,4212899,3714197,498702,,59750,87562,16.09,14.19,1.91,,3345,79727,0.305
Australia,AUS,2021-05-30,4243600,3743622,499978,,30701,90078,16.21,14.3,1.91,,3441,82115,0.314
Australia,AUS,2021-05-31,4362739,3856485,506254,,119139,96017,16.67,14.73,1.93,,3668,85864,0.328
Australia,AUS,2021-06-01,4501444,3960329,541115,,138705,100881,17.2,15.13,2.07,,3854,91394,0.349
Australia,AUS,2021-06-02,4642703,4092509,550194,,141259,105148,17.74,15.63,2.1,,4017,95323,0.364
Australia,AUS,2021-06-03,4786362,4226528,559834,,143659,107832,18.28,16.15,2.14,,4119,97851,0.374
Australia,AUS,2021-06-04,4927607,4357962,569645,,141245,110637,18.82,16.65,2.18,,4226,100294,0.383
Australia,AUS,2021-06-05,5016352,4442925,573427,,88745,114779,19.16,16.97,2.19,,4385,104104,0.398
Australia,AUS,2021-06-06,5076413,4463413,613000,,60061,118973,19.39,17.05,2.34,,4545,102827,0.393
Australia,AUS,2021-06-07,5203977,4568516,635461,,127564,120177,19.88,17.45,2.43,,4591,101719,0.389
Australia,AUS,2021-06-08,5344862,4693030,651832,,140885,120488,20.42,17.93,2.49,,4603,104672,0.4
Australia,AUS,2021-06-09,5487670,4817746,669924,,142808,120710,20.96,18.4,2.56,,4611,103605,0.396
Australia,AUS,2021-06-10,5641008,4954528,686480,,153338,122092,21.55,18.93,2.62,,4664,104000,0.397
Australia,AUS,2021-06-11,5773924,,703581,,132916,120902,22.06,,2.69,,4619,87433,0.334
Australia,AUS,2021-06-12,5834746,,710650,,60822,116913,22.29,,2.71,,4466,77504,0.296
Australia,AUS,2021-06-13,5867299,5000913,866386,,32553,112984,22.41,19.1,3.31,,4316,76786,0.293
Australia,AUS,2021-06-14,5931245,5029208,902037,,63946,103895,22.66,19.21,3.45,,3969,65813,0.251
Australia,AUS,2021-06-15,6083320,5157291,926029,,152075,105494,23.24,19.7,3.54,,4030,66323,0.253
Australia,AUS,2021-06-16,6219330,5258090,961240,,136010,104523,23.76,20.09,3.67,,3993,62906,0.24
Australia,AUS,2021-06-17,6360666,5340569,1020097,,141336,102808,24.3,20.4,3.9,,3927,55149,0.211
Australia,AUS,2021-06-18,6491476,5447144,1044332,,130810,102507,24.8,20.81,3.99,,3916,68165,0.26
Australia,AUS,2021-06-19,6556029,5499359,1056670,,64553,103040,25.04,21.01,4.04,,3936,73415,0.28
Australia,AUS,2021-06-20,6590741,5509653,1081088,,34712,103349,25.18,21.05,4.13,,3948,72677,0.278
Australia,AUS,2021-06-21,6719384,5630732,1088652,,128643,112591,25.67,21.51,4.16,,4301,85932,0.328
Australia,AUS,2021-06-22,6860276,5645745,1214531,,140892,110994,26.21,21.57,4.64,,4240,69779,0.267
Australia,AUS,2021-06-23,6999198,5756508,1242690,,138922,111410,26.74,21.99,4.75,,4256,71203,0.272
Australia,AUS,2021-06-24,7137632,5777713,1359919,,138434,110995,27.27,22.07,5.2,,4240,62449,0.239
Australia,AUS,2021-06-25,7257605,5871374,1386231,,119973,109447,27.72,22.43,5.3,,4181,60604,0.232
Australia,AUS,2021-06-26,7326320,5876688,1449632,,68715,110042,27.99,22.45,5.54,,4204,53904,0.206
Australia,AUS,2021-06-27,7374666,5897308,1477358,,48346,111989,28.17,22.53,5.64,,4278,55379,0.212
Australia,AUS,2021-06-28,7500700,6021941,1478759,,126034,111617,28.65,23.0,5.65,,4264,55887,0.213
Australia,AUS,2021-06-29,7645585,6099088,1546497,,144885,112187,29.21,23.3,5.91,,4286,64763,0.247
Australia,AUS,2021-06-30,7742536,6109102,1633434,,96951,106191,29.58,23.34,6.24,,4057,50371,0.192
Australia,AUS,2021-07-01,7927854,6201581,1726273,,185318,112889,30.29,23.69,6.59,,4312,60553,0.231
Australia,AUS,2021-07-02,8082671,6274405,1808266,,154817,117867,30.88,23.97,6.91,,4503,57576,0.22
Australia,AUS,2021-07-03,8175657,6319911,1855746,,92986,121334,31.23,24.14,7.09,,4635,63318,0.242
Australia,AUS,2021-07-04,8225986,6348365,1877621,,50329,121617,31.42,24.25,7.17,,4646,64437,0.246
Australia,AUS,2021-07-05,8361030,6416805,1944225,,135044,122904,31.94,24.51,7.43,,4695,56409,0.215
Australia,AUS,2021-07-06,8520494,6496559,2023935,,159464,124987,32.55,24.82,7.73,,4775,56782,0.217
Australia,AUS,2021-07-07,8670124,6570649,2099475,,149630,132513,33.12,25.1,8.02,,5062,65935,0.252
Australia,AUS,2021-07-08,8826874,6646330,2180544,,156750,128431,33.72,25.39,8.33,,4906,63536,0.243
Australia,AUS,2021-07-09,8971704,6717106,2254598,,144830,127005,34.27,25.66,8.61,,4852,63243,0.242
Australia,AUS,2021-07-10,9070369,6766522,2303847,,98665,127816,34.65,25.85,8.8,,4883,63802,0.244
Australia,AUS,2021-07-11,9123787,6798066,2325721,,53418,128257,34.85,25.97,8.88,,4900,64243,0.245
Australia,AUS,2021-07-12,9269905,6869133,2400772,,146118,129839,35.41,26.24,9.17,,4960,64618,0.247
Australia,AUS,2021-07-13,9438826,6950177,2488649,,168921,131190,36.06,26.55,9.51,,5012,64803,0.248
Australia,AUS,2021-07-14,9608851,7030339,2578512,,170025,134104,36.71,26.86,9.85,,5123,65670,0.251
Australia,AUS,2021-07-15,9780543,7110598,2669945,,171692,136238,37.36,27.16,10.2,,5204,66324,0.253
Australia,AUS,2021-07-16,9943302,7189791,2753511,,162759,138800,37.98,27.47,10.52,,5302,67526,0.258
Australia,AUS,2021-07-17,10045830,7243962,2801868,,102528,139352,38.38,27.67,10.7,,5323,68206,0.261
Australia,AUS,2021-07-18,10103159,7274900,2828259,,57329,139910,38.59,27.79,10.8,,5345,68119,0.26
Australia,AUS,2021-07-19,10270344,7363541,2906803,,167185,142920,39.23,28.13,11.1,,5460,70630,0.27
Australia,AUS,2021-07-20,10443776,7449080,2994696,,173432,143564,39.9,28.46,11.44,,5484,71272,0.272
Australia,AUS,2021-07-21,10638716,7548583,3090133,,194940,147124,40.64,28.84,11.8,,5620,74035,0.283
Australia,AUS,2021-07-22,10826896,7643470,3183426,,188180,149479,41.36,29.2,12.16,,5710,76125,0.291
Australia,AUS,2021-07-23,11011255,7739291,3271964,,184359,152565,42.06,29.56,12.5,,5828,78500,0.3
Australia,AUS,2021-07-24,11130234,7803021,3327213,,118979,154915,42.52,29.81,12.71,,5918,79866,0.305
Australia,AUS,2021-07-25,11199809,7840804,3359005,,69575,156664,42.78,29.95,12.83,,5985,80843,0.309
Australia,AUS,2021-07-26,11379476,7934454,3445022,,179667,158447,43.47,30.31,13.16,,6053,81559,0.312
Australia,AUS,2021-07-27,11570868,8025806,3545062,,191392,161013,44.2,30.66,13.54,,6151,82389,0.315
Australia,AUS,2021-07-28,11794088,8137548,3656540,,223220,165053,45.05,31.09,13.97,,6305,84138,0.321
Australia,AUS,2021-07-29,11999027,8237020,3762007,,204939,167447,45.84,31.47,14.37,,6397,84793,0.324
Australia,AUS,2021-07-30,12209797,8344012,3865785,,210770,171220,46.64,31.87,14.77,,6541,86389,0.33
Australia,AUS,2021-07-31,12334071,8407015,3927056,,124274,171977,47.12,32.12,15.0,,6570,86285,0.33
Australia,AUS,2021-08-01,12410127,8445404,3964723,,76056,172903,47.41,32.26,15.15,,6605,86371,0.33
Australia,AUS,2021-08-02,12599440,8537516,4061924,,189313,174281,48.13,32.61,15.52,,6658,86152,0.329
Australia,AUS,2021-08-03,12818532,8644506,4174026,,219092,178238,48.97,33.02,15.95,,6809,88386,0.338
Australia,AUS,2021-08-04,13041229,8751409,4289820,,222697,178163,49.82,33.43,16.39,,6806,87694,0.335
Australia,AUS,2021-08-05,13281135,8872330,4408805,,239906,183158,50.74,33.89,16.84,,6997,90759,0.347
Australia,AUS,2021-08-06,13517126,8990538,4526588,,235991,186761,51.64,34.34,17.29,,7134,92361,0.353
Australia,AUS,2021-08-07,13673060,9061739,4611321,,155934,191284,52.23,34.62,17.62,,7307,93532,0.357
Australia,AUS,2021-08-08,13760468,9108510,4651958,,87408,192906,52.57,34.8,17.77,,7369,94729,0.362
Australia,AUS,2021-08-09,13978253,9217113,4761140,,217785,196973,53.4,35.21,18.19,,7525,97085,0.371
Australia,AUS,2021-08-10,14244517,9352280,4892237,,266264,203712,54.42,35.73,18.69,,7782,101111,0.386
Australia,AUS,2021-08-11,14507481,9484184,5023297,,262964,209465,55.42,36.23,19.19,,8002,104682,0.4
Australia,AUS,2021-08-12,14777274,9618874,5158400,,269793,213734,56.45,36.74,19.71,,8165,106649,0.407
Australia,AUS,2021-08-13,15056296,9760508,5295788,,279022,219881,57.52,37.29,20.23,,8400,109996,0.42
Australia,AUS,2021-08-14,15220857,9847969,5372888,,164561,221114,58.15,37.62,20.52,,8447,112319,0.429
Australia,AUS,2021-08-15,15315158,9905472,5409686,,94301,222099,58.51,37.84,20.67,,8484,113852,0.435
Australia,AUS,2021-08-16,15593985,10051748,5542237,,278827,230819,59.57,38.4,21.17,,8817,119234,0.455
Australia,AUS,2021-08-17,15867284,10195842,5671442,,273299,231824,60.61,38.95,21.67,,8856,120509,0.46
Australia,AUS,2021-08-18,16175628,10359796,5815832,,308344,238307,61.79,39.58,22.22,,9104,125087,0.478
Australia,AUS,2021-08-19,16478313,10519590,5958723,,302685,243006,62.95,40.19,22.76,,9283,128674,0.492
Australia,AUS,2021-08-20,16788159,10684738,6103421,,309846,247409,64.13,40.82,23.32,,9451,132033,0.504
Australia,AUS,2021-08-21,16983749,10793183,6190566,,195590,251842,64.88,41.23,23.65,,9621,135031,0.516
Australia,AUS,2021-08-22,17123030,10882390,6240640,,139281,258267,65.41,41.57,23.84,,9866,139560,0.533
Australia,AUS,2021-08-23,17412205,11043784,6368421,,289175,259746,66.52,42.19,24.33,,9923,141719,0.541
Australia,AUS,2021-08-24,17718300,11210096,6508204,,306095,264431,67.69,42.82,24.86,,10101,144893,0.554
Australia,AUS,2021-08-25,18052293,11391093,6661200,,333993,268095,68.96,43.51,25.45,,10241,147328,0.563
Australia,AUS,2021-08-26,18358731,11550262,6808469,,306438,268631,70.13,44.12,26.01,,10262,147239,0.562
Australia,AUS,2021-08-27,18674306,11724184,6950122,,315575,269450,71.34,44.79,26.55,,10293,148492,0.567
Australia,AUS,2021-08-28,18894458,11850205,7044253,,220152,272958,72.18,45.27,26.91,,10427,151003,0.577
Australia,AUS,2021-08-29,19052562,11956986,7095576,,158104,275647,72.78,45.68,27.11,,10530,153514,0.586
Australia,AUS,2021-08-30,19329147,12106618,7222529,,276585,273849,73.84,46.25,27.59,,10461,151833,0.58
Australia,AUS,2021-08-31,19663122,12293802,7369320,,333975,277832,75.11,46.96,28.15,,10613,154815,0.591
Australia,AUS,2021-09-01,19992967,12480413,7512554,,329845,277239,76.37,47.68,28.7,,10591,155617,0.594
Australia,AUS,2021-09-02,20293640,12640002,7653638,,300673,276416,77.52,48.29,29.24,,10559,155677,0.595
Australia,AUS,2021-09-03,20605153,12811797,7793356,,311513,275835,78.71,48.94,29.77,,10537,155373,0.594
Australia,AUS,2021-09-04,20818248,12938761,7879487,,213095,274827,79.53,49.43,30.1,,10499,155508,0.594
Australia,AUS,2021-09-05,20948514,13023788,7924726,,130266,270850,80.03,49.75,30.27,,10347,152400,0.582
Australia,AUS,2021-09-06,21206791,13160225,8046566,,258277,268235,81.01,50.27,30.74,,10247,150515,0.575
Australia,AUS,2021-09-07,21500652,13313703,8186949,,293861,262504,82.13,50.86,31.27,,10028,145700,0.557
Australia,AUS,2021-09-08,21811393,13480795,8330598,,310741,259775,83.32,51.5,31.82,,9924,142912,0.546
Australia,AUS,2021-09-09,22129655,13646933,8482722,,318262,262288,84.54,52.13,32.4,,10020,143847,0.55
Australia,AUS,2021-09-10,22432434,13800869,8631565,,302779,261040,85.69,52.72,32.97,,9972,141296,0.54
Australia,AUS,2021-09-11,22627723,13907333,8720390,,195289,258496,86.44,53.13,33.31,,9875,138367,0.529
Australia,AUS,2021-09-12,22760601,13986743,8773858,,132878,258870,86.95,53.43,33.52,,9889,137565,0.526
Australia,AUS,2021-09-13,23100911,14179661,8921250,,340310,270589,88.25,54.17,34.08,,10337,145634,0.556
Australia,AUS,2021-09-14,23402471,14336221,9066250,,301560,271688,89.4,54.77,34.63,,10379,146074,0.558
Australia,AUS,2021-09-15,23707553,14491771,9215782,,305082,270880,90.56,55.36,35.21,,10348,144425,0.552
Australia,AUS,2021-09-16,24009073,14648688,9360385,,301520,268488,91.72,55.96,35.76,,10256,143108,0.547
Australia,AUS,2021-09-17,24346522,14816773,9529749,,337449,273441,93.01,56.6,36.4,,10446,145129,0.554
Australia,AUS,2021-09-18,24572951,14939866,9633085,,226429,277890,93.87,57.07,36.8,,10616,147505,0.563
Australia,AUS,2021-09-19,24745225,15044653,9700572,,172274,283518,94.53,57.47,37.06,,10831,151130,0.577
Australia,AUS,2021-09-20,25065581,15211965,9853616,,320356,280667,95.75,58.11,37.64,,10722,147472,0.563
Australia,AUS,2021-09-21,25396636,15377929,10018707,,331055,284881,97.02,58.75,38.27,,10883,148815,0.568
Australia,AUS,2021-09-22,25733071,15549405,10183666,,336435,289360,98.3,59.4,38.9,,11054,151091,0.577
Australia,AUS,2021-09-23,26080012,15724785,10355227,,346941,295848,99.63,60.07,39.56,,11302,153728,0.587
Australia,AUS,2021-09-24,26390465,15867929,10522536,,310453,291992,100.81,60.62,40.2,,11154,150165,0.574
Australia,AUS,2021-09-25,26609171,15974334,10634837,,218706,290889,101.65,61.02,40.63,,11112,147781,0.565
Australia,AUS,2021-09-26,26754136,16050194,10703942,,144965,286987,102.2,61.31,40.89,,10963,143649,0.549
Australia,AUS,2021-09-27,27056868,16194869,10861999,,302732,284470,103.36,61.87,41.49,,10867,140415,0.536
Australia,AUS,2021-09-28,27387830,16348214,11039616,,330962,284456,104.62,62.45,42.17,,10866,138612,0.53
Australia,AUS,2021-09-29,27695682,16493044,11202638,,307852,280373,105.8,63.0,42.8,,10710,134806,0.515
Australia,AUS,2021-09-30,28035888,16649549,11386339,,340206,279411,107.1,63.6,43.5,,10674,132109,0.505
Australia,AUS,2021-10-01,28361886,16790440,11571446,,325998,281632,108.34,64.14,44.2,,10759,131787,0.503
Australia,AUS,2021-10-02,28572558,16882622,11689936,,210672,280484,109.15,64.49,44.66,,10715,129755,0.496
Australia,AUS,2021-10-03,28710701,16943837,11766864,,138143,279509,109.68,64.73,44.95,,10677,127663,0.488
Australia,AUS,2021-10-04,28895930,17027036,11868894,,185229,262723,110.38,65.04,45.34,,10036,118881,0.454
Australia,AUS,2021-10-05,29245786,17160890,12084896,,349856,265422,111.72,65.56,46.17,,10139,116097,0.444
Australia,AUS,2021-10-06,29581238,17287976,12293262,,335452,269365,113.0,66.04,46.96,,10290,113562,0.434
Australia,AUS,2021-10-07,29911860,17408468,12503241,151,330622,267996,114.27,66.5,47.76,0.0,10238,108417,0.414
Australia,AUS,2021-10-08,30242274,17521126,12720856,292,330414,268627,115.53,66.93,48.59,0.0,10262,104384,0.399
Australia,AUS,2021-10-09,30477912,17593798,12883681,433,235638,272193,116.43,67.21,49.22,0.0,10398,101597,0.388
Australia,AUS,2021-10-10,30643517,17644750,12998286,481,165605,276117,117.06,67.4,49.65,0.0,10548,100130,0.383
Australia,AUS,2021-10-11,30955777,17742605,13212457,715,312260,294264,118.25,67.78,50.47,0.0,11241,102224,0.391
Australia,AUS,2021-10-12,31292016,17844016,13446945,1055,336239,292319,119.54,68.17,51.37,0.0,11167,97589,0.373
Australia,AUS,2021-10-13,31610475,17936776,13672371,1328,318459,289891,120.75,68.52,52.23,0.01,11074,92686,0.354
Australia,AUS,2021-10-14,31923197,18030376,13891163,1658,312722,287334,121.95,68.88,53.07,0.01,10976,88844,0.339
Australia,AUS,2021-10-15,32222172,18118501,14101561,2110,298975,282843,123.09,69.21,53.87,0.01,10805,85339,0.326
Australia,AUS,2021-10-16,32418073,18170223,14245406,2444,195901,277166,123.84,69.41,54.42,0.01,10588,82346,0.315
Australia,AUS,2021-10-17,32577130,18214049,14360419,2662,159057,276230,124.45,69.58,54.86,0.01,10552,81328,0.311
Australia,AUS,2021-10-18,32854557,18292826,14558572,3159,277427,271254,125.51,69.88,55.62,0.01,10362,78603,0.3
Australia,AUS,2021-10-19,33129907,18373112,14753069,3726,275350,262556,126.56,70.19,56.36,0.01,10030,75585,0.289
Australia,AUS,2021-10-20,33404278,18452962,14946699,4617,274371,256258,127.61,70.49,57.1,0.02,9789,73741,0.282
Australia,AUS,2021-10-21,33681381,18531078,15144905,5398,277103,251169,128.67,70.79,57.85,0.02,9595,71529,0.273
Australia,AUS,2021-10-22,33951546,18603298,15342065,6183,270165,247053,129.7,71.07,58.61,0.02,9438,69257,0.265
Australia,AUS,2021-10-23,34143402,18652593,15484232,6577,191856,246476,130.43,71.25,59.15,0.03,9416,68910,0.263
Australia,AUS,2021-10-24,34268948,18692857,15569263,6828,125546,241688,130.91,71.41,59.48,0.03,9233,68401,0.261
Australia,AUS,2021-10-25,34501374,18760049,15733744,7581,232426,235260,131.8,71.67,60.1,0.03,8987,66746,0.255
Australia,AUS,2021-10-26,34725685,18823795,15893583,8307,224311,227968,132.66,71.91,60.71,0.03,8709,64383,0.246
Australia,AUS,2021-10-27,34943366,18883733,16050115,9518,217681,219870,133.49,72.14,61.31,0.04,8399,61539,0.235
Australia,AUS,2021-10-28,35166827,18944029,16212257,10541,223461,212207,134.34,72.37,61.93,0.04,8106,58993,0.225
Australia,AUS,2021-10-29,35373820,18996212,16363567,14041,206993,203182,135.13,72.57,62.51,0.05,7762,56131,0.214
Australia,AUS,2021-10-30,35515862,19029312,16469355,17195,142042,196066,135.67,72.69,62.91,0.07,7490,53817,0.206
Australia,AUS,2021-10-31,35603091,19052562,16529442,21087,87229,190592,136.01,72.78,63.14,0.08,7281,51386,0.196
Australia,AUS,2021-11-01,35825241,19100734,16678894,45613,222150,189124,136.86,72.97,63.71,0.17,7225,48669,0.186
Australia,AUS,2021-11-02,35989833,19138869,16777488,73476,164592,180593,137.48,73.11,64.09,0.28,6899,45011,0.172
Australia,AUS,2021-11-03,36184662,19177383,16907279,100000,194829,177328,138.23,73.26,64.59,0.38,6774,41950,0.16
Australia,AUS,2021-11-04,36379077,19218733,17033089,127255,194415,173179,138.97,73.42,65.07,0.49,6616,39243,0.15
Australia,AUS,2021-11-05,36576108,19261941,17164167,150000,197031,171755,139.72,73.58,65.57,0.57,6561,37961,0.145
Australia,AUS,2021-11-06,36697075,19286079,17237996,173000,120967,168745,140.19,73.67,65.85,0.66,6446,36681,0.14
Australia,AUS,2021-11-07,36763501,19303290,17283428,176783,66426,165773,140.44,73.74,66.02,0.68,6333,35818,0.137
Australia,AUS,2021-11-08,36918760,19338366,17389176,191218,155259,156217,141.03,73.87,66.43,0.73,5968,33947,0.13
Australia,AUS,2021-11-09,37068049,19373942,17487181,206926,149289,154031,141.6,74.01,66.8,0.79,5884,33582,0.128
Australia,AUS,2021-11-10,37222034,19417387,17582957,221690,153985,148196,142.19,74.18,67.17,0.85,5661,34286,0.131
Australia,AUS,2021-11-11,37383955,19466357,17680831,236767,161921,143554,142.81,74.36,67.54,0.9,5484,35375,0.135
Australia,AUS,2021-11-12,37544059,19514381,17778385,251293,160104,138279,143.42,74.55,67.91,0.96,5282,36063,0.138
Australia,AUS,2021-11-13,37634423,19541933,17835028,257462,90364,133907,143.77,74.65,68.13,0.98,5115,36551,0.14
Australia,AUS,2021-11-14,37695740,19563025,17872077,260638,61317,133177,144.0,74.73,68.27,1.0,5087,37105,0.142
Australia,AUS,2021-11-15,37835866,19605792,17958614,271460,140126,131015,144.54,74.9,68.6,1.04,5005,38204,0.146
Australia,AUS,2021-11-16,37972232,19646353,18041042,284837,136366,129169,145.06,75.05,68.92,1.09,4934,38916,0.149
Australia,AUS,2021-11-17,38100630,19684790,18116999,298841,128398,125514,145.55,75.2,69.21,1.14,4795,38200,0.146
Australia,AUS,2021-11-18,38228443,19723676,18192428,312339,127813,120641,146.04,75.35,69.5,1.19,4609,36760,0.14
Australia,AUS,2021-11-19,38348764,19758303,18266176,324285,120321,114958,146.5,75.48,69.78,1.24,4391,34846,0.133
Australia,AUS,2021-11-20,38420798,19779653,18309411,331734,72034,112339,146.77,75.56,69.94,1.27,4291,33960,0.13
Australia,AUS,2021-11-21,38444149,19787505,18323181,333463,23351,106916,146.86,75.59,70.0,1.27,4084,32069,0.123
Australia,AUS,2021-11-22,38586639,19829190,18410862,346587,142490,107253,147.4,75.75,70.33,1.32,4097,31914,0.122
Australia,AUS,2021-11-23,38695296,19861082,18472524,361690,108657,103295,147.82,75.87,70.57,1.38,3946,30676,0.117
Australia,AUS,2021-11-24,38801068,19892336,18533097,375635,105772,100063,148.22,75.99,70.8,1.43,3822,29649,0.113
Australia,AUS,2021-11-25,38906974,19922295,18594054,390625,105906,96933,148.63,76.1,71.03,1.49,3703,28374,0.108
Australia,AUS,2021-11-26,39011295,19950573,18655024,405698,104321,94647,149.03,76.21,71.26,1.55,3616,27467,0.105
Australia,AUS,2021-11-27,39062854,19965449,18685541,411864,51559,91722,149.22,76.27,71.38,1.57,3504,26542,0.101
Australia,AUS,2021-11-28,39095588,19975729,18704697,415162,32734,93063,149.35,76.31,71.45,1.59,3555,26889,0.103
Australia,AUS,2021-11-29,39190803,20001144,18759075,430584,95215,86309,149.71,76.41,71.66,1.64,3297,24565,0.094
Australia,AUS,2021-11-30,39282954,20025197,18808812,448945,92151,83951,150.06,76.5,71.85,1.72,3207,23445,0.09
Australia,AUS,2021-12-01,39375629,20047381,18858248,470000,92675,82080,150.42,76.58,72.04,1.8,3136,22149,0.085
Australia,AUS,2021-12-02,39474565,20068712,18910601,495252,98936,81084,150.8,76.66,72.24,1.89,3097,20917,0.08
Australia,AUS,2021-12-03,39572839,20088965,18962130,521744,98274,80221,151.17,76.74,72.44,1.99,3065,19770,0.076
Australia,AUS,2021-12-04,39621796,20099492,18990458,531846,48957,79849,151.36,76.78,72.55,2.03,3050,19149,0.073
Australia,AUS,2021-12-05,39652404,20106757,19008755,536892,30608,79545,151.48,76.81,72.62,2.05,3039,18718,0.072
Australia,AUS,2021-12-06,39739219,20124711,19055462,559046,86815,78345,151.81,76.88,72.79,2.14,2993,17652,0.067
Australia,AUS,2021-12-07,39827552,20142711,19101361,583480,88333,77800,152.14,76.95,72.97,2.23,2972,16788,0.064
Australia,AUS,2021-12-08,39922685,20161524,19149409,611752,95133,78151,152.51,77.02,73.15,2.34,2985,16306,0.062
Australia,AUS,2021-12-09,40019239,20180465,19196983,641791,96554,77811,152.88,77.09,73.33,2.45,2972,15965,0.061
Australia,AUS,2021-12-10,40105497,20196129,19238301,671067,86258,76094,153.21,77.15,73.49,2.56,2907,15309,0.058
Australia,AUS,2021-12-11,40154757,20205275,19262415,687067,49260,76137,153.39,77.19,73.58,2.62,2909,15112,0.058
Australia,AUS,2021-12-12,40177641,20208813,19271471,697357,22884,75034,153.48,77.2,73.62,2.66,2866,14579,0.056
Australia,AUS,2021-12-13,40331164,20230376,19329106,771682,153523,84564,154.07,77.28,73.84,2.95,3230,15095,0.058
Australia,AUS,2021-12-14,40492691,20249293,19375276,868122,161527,95020,154.69,77.35,74.02,3.32,3630,15226,0.058
Australia,AUS,2021-12-15,40675738,20268871,19421269,985598,183047,107579,155.38,77.43,74.19,3.77,4110,15335,0.059
Australia,AUS,2021-12-16,40874143,20289049,19468074,1117020,198405,122129,156.14,77.51,74.37,4.27,4665,15512,0.059
Australia,AUS,2021-12-17,41082774,20309711,19515162,1257901,208631,139611,156.94,77.58,74.55,4.81,5333,16226,0.062
Australia,AUS,2021-12-18,41187932,20320601,19538547,1328784,105158,147596,157.34,77.63,74.64,5.08,5638,16475,0.063
Australia,AUS,2021-12-19,41251388,20328607,19553057,1369724,63456,153392,157.58,77.66,74.69,5.23,5860,17113,0.065
Australia,AUS,2021-12-20,41445662,20346169,19587839,1511654,194274,159214,158.33,77.72,74.83,5.77,6082,16542,0.063
Australia,AUS,2021-12-21,41652458,20363806,19620308,1668344,206796,165681,159.12,77.79,74.95,6.37,6329,16359,0.062
Australia,AUS,2021-12-22,41867748,20380970,19651146,1835632,215290,170287,159.94,77.86,75.07,7.01,6505,16014,0.061
Australia,AUS,2021-12-23,42060100,20397079,19678606,1984415,192352,169422,160.67,77.92,75.17,7.58,6472,15433,0.059
Australia,AUS,2021-12-24,,,,,,146468,,,,,5595,13131,0.05
Australia,AUS,2021-12-25,,,,,,138296,,,,,5283,12225,0.047
Australia,AUS,2021-12-26,42203960,20410720,19699622,2093618,,136082,161.22,77.97,75.25,8.0,5198,11730,0.045
Australia,AUS,2021-12-27,42235002,20413876,19704056,2117070,31042,112763,161.34,77.98,75.27,8.09,4308,9672,0.037
Australia,AUS,2021-12-28,42272089,20417817,19709450,2144822,37087,88519,161.48,78.0,75.29,8.19,3382,7716,0.029
Australia,AUS,2021-12-29,42420659,20430343,19733014,2257302,148570,78987,162.05,78.05,75.38,8.62,3017,7053,0.027
Australia,AUS,2021-12-30,42580539,20444346,19755837,2380356,159880,74348,162.66,78.1,75.47,9.09,2840,6752,0.026
Australia,AUS,2021-12-31,,,,,,76438,,,,,2920,6859,0.026
Australia,AUS,2022-01-01,,,,,,78527,,,,,3000,6966,0.027
Australia,AUS,2022-01-02,42768270,20460234,19778026,2530010,,80616,163.38,78.16,75.55,9.66,3080,7073,0.027
Australia,AUS,2022-01-03,42812691,20463839,19782523,2566329,44421,82527,163.55,78.17,75.57,9.8,3153,7138,0.027
Australia,AUS,2022-01-04,43024593,20475452,19806589,2742552,211902,107501,164.36,78.22,75.66,10.48,4107,8234,0.031
Australia,AUS,2022-01-05,43286155,20488662,19832376,2965117,261562,123642,165.36,78.27,75.76,11.33,4723,8331,0.032
Australia,AUS,2022-01-06,43558448,20503096,19857649,3197703,272293,139701,166.4,78.32,75.86,12.22,5337,8393,0.032
Australia,AUS,2022-01-07,43823668,20516623,19882365,3424680,265220,168650,167.41,78.38,75.95,13.08,6443,9569,0.037
Australia,AUS,2022-01-08,43987111,20524868,19896355,3565888,163443,183060,168.03,78.41,76.01,13.62,6993,9990,0.038
Australia,AUS,2022-01-09,44086608,20529932,19904821,3651855,99497,188334,168.41,78.43,76.04,13.95,7195,9957,0.038
Australia,AUS,2022-01-10,44374463,20578901,19928352,3867210,287855,223110,169.51,78.61,76.13,14.77,8523,16437,0.063
Australia,AUS,2022-01-11,44700720,20644440,19946441,4109839,326257,239447,170.76,78.86,76.2,15.7,9147,24141,0.092
Australia,AUS,2022-01-12,45045755,20714403,19967401,4363951,345035,251371,172.08,79.13,76.28,16.67,9603,32249,0.123
Australia,AUS,2022-01-13,45391353,20784959,19987928,4618466,345598,261844,173.4,79.4,76.36,17.64,10003,40266,0.154
Australia,AUS,2022-01-14,45729166,20857930,20006998,4864238,337813,272214,174.69,79.68,76.43,18.58,10399,48758,0.186
Australia,AUS,2022-01-15,45919637,20905692,20015852,4998093,190471,276075,175.42,79.86,76.46,19.09,10546,54403,0.208
Australia,AUS,2022-01-16,46034466,20938457,20020735,5075274,114829,278265,175.86,79.99,76.48,19.39,10630,58361,0.223
Australia,AUS,2022-01-17,46361913,21009044,20036097,5316772,327447,283921,177.11,80.26,76.54,20.31,10846,61449,0.235
Australia,AUS,2022-01-18,46682438,21078643,20050685,5553110,320525,283103,178.33,80.52,76.6,21.21,10815,62029,0.237
Australia,AUS,2022-01-19,47013624,21148938,20066316,5798370,331186,281124,179.6,80.79,76.66,22.15,10739,62076,0.237
Australia,AUS,2022-01-20,47364850,21218556,20083160,6063134,351226,281928,180.94,81.06,76.72,23.16,10770,61942,0.237
Australia,AUS,2022-01-21,47698880,21284622,20098787,6315471,334030,281388,182.21,81.31,76.78,24.13,10749,60956,0.233
Australia,AUS,2022-01-22,47889638,21324245,20106005,6459388,190758,281429,182.94,81.46,76.81,24.68,10751,59793,0.228
Australia,AUS,2022-01-23,48010195,21352957,20110855,6546383,120557,282247,183.4,81.57,76.83,25.01,10782,59214,0.226
Australia,AUS,2022-01-24,48330551,21414046,20123268,6793237,320356,281234,184.63,81.8,76.87,25.95,10743,57857,0.221
Australia,AUS,2022-01-25,48651936,21472820,20137891,7041225,321385,281357,185.85,82.03,76.93,26.9,10748,56311,0.215
Australia,AUS,2022-01-26,48734111,21490441,20142694,7100976,82175,245784,186.17,82.1,76.95,27.13,9389,48786,0.186
Australia,AUS,2022-01-27,49037474,21543461,20160170,7333843,303363,238946,187.33,82.3,77.01,28.02,9128,46415,0.177
Australia,AUS,2022-01-28,49343894,21596983,20178059,7568852,306420,235002,188.5,82.5,77.08,28.91,8977,44623,0.17
Australia,AUS,2022-01-29,49516636,21629171,20188421,7699044,172742,232428,189.16,82.63,77.12,29.41,8879,43561,0.166
Australia,AUS,2022-01-30,49607239,21647934,20194741,7764564,90603,228149,189.5,82.7,77.15,29.66,8715,42140,0.161
Australia,AUS,2022-01-31,49866290,21683520,20211402,7971368,259051,219391,190.49,82.83,77.21,30.45,8381,38496,0.147
Australia,AUS,2022-02-01,50132340,21712260,20228401,8191679,266050,211486,191.51,82.94,77.27,31.29,8079,34206,0.131
Australia,AUS,2022-02-02,50400541,21738444,20243421,8418676,268201,238061,192.53,83.04,77.33,32.16,9094,35429,0.135
Australia,AUS,2022-02-03,50653287,21763718,20258283,8631286,252746,230830,193.5,83.14,77.39,32.97,8818,31465,0.12
Australia,AUS,2022-02-04,50900072,21787774,20273781,8838517,246785,222311,194.44,83.23,77.45,33.76,8492,27256,0.104
Australia,AUS,2022-02-05,51027861,21803823,20282518,8941520,127789,215889,194.93,83.29,77.48,34.16,8247,24950,0.095
Australia,AUS,2022-02-06,51098236,21813079,20287496,8997661,70375,213000,195.2,83.33,77.5,34.37,8137,23592,0.09
Australia,AUS,2022-02-07,51313905,21831166,20300210,9182529,215669,206802,196.02,83.4,77.55,35.08,7900,21092,0.081
Australia,AUS,2022-02-08,51533463,21849002,20313139,9371322,219558,200160,196.86,83.47,77.6,35.8,7646,19535,0.075
Australia,AUS,2022-02-09,51747277,21865954,20326872,9554451,213814,192391,197.68,83.53,77.65,36.5,7350,18216,0.07
Australia,AUS,2022-02-10,51948284,21880794,20339977,9727513,201007,185000,198.45,83.59,77.7,37.16,7067,16725,0.064
Australia,AUS,2022-02-11,52150693,21895835,20353147,9901711,202409,178660,199.22,83.64,77.75,37.83,6825,15437,0.059
Australia,AUS,2022-02-12,52258992,21906946,20360127,9991919,108299,175876,199.63,83.69,77.78,38.17,6719,14732,0.056
Australia,AUS,2022-02-13,52308370,21911397,20363428,10033545,49378,172876,199.82,83.7,77.79,38.33,6604,14045,0.054
Australia,AUS,2022-02-14,52474947,21922677,20374213,10178057,166577,165863,200.46,83.75,77.83,38.88,6336,13073,0.05
Australia,AUS,2022-02-15,52635184,21933086,20384601,10317497,160237,157389,201.07,83.79,77.87,39.41,6012,12012,0.046
Australia,AUS,2022-02-16,52791256,21943571,20393712,10453973,156072,149140,201.67,83.83,77.91,39.94,5697,11088,0.042
Australia,AUS,2022-02-17,52941505,21954313,20403693,10583499,150249,141889,202.24,83.87,77.94,40.43,5420,10503,0.04
Australia,AUS,2022-02-18,53096563,21967182,20414450,10714931,155058,135124,202.83,83.92,77.98,40.93,5162,10192,0.039
Australia,AUS,2022-02-19,53183572,21976357,20420498,10786717,87009,132083,203.17,83.95,78.01,41.21,5046,9916,0.038
Australia,AUS,2022-02-20,53224792,21980295,20423361,10821136,41220,130917,203.32,83.97,78.02,41.34,5001,9843,0.038
Australia,AUS,2022-02-21,53365398,21992267,20433044,10940087,140606,127207,203.86,84.01,78.06,41.79,4859,9941,0.038
Australia,AUS,2022-02-22,53497461,22004154,20441976,11051331,132063,123182,204.36,84.06,78.09,42.22,4706,10153,0.039
Australia,AUS,2022-02-23,53621446,22015487,20450588,11155371,123985,118599,204.84,84.1,78.12,42.61,4531,10274,0.039
Australia,AUS,2022-02-24,53744582,22026289,20459281,11259012,123136,114725,205.31,84.14,78.16,43.01,4383,10282,0.039
Australia,AUS,2022-02-25,53866202,22036909,20468250,11361043,121620,109948,205.77,84.18,78.19,43.4,4200,9961,0.038
Australia,AUS,2022-02-26,53932803,22044111,20473343,11415349,66601,107033,206.03,84.21,78.21,43.61,4089,9679,0.037
Australia,AUS,2022-02-27,53963467,22047151,20475638,11440678,30664,105525,206.15,84.22,78.22,43.7,4031,9551,0.036
Australia,AUS,2022-02-28,54065507,22055898,20483240,11526369,102040,100016,206.53,84.26,78.25,44.03,3821,9090,0.035
Australia,AUS,2022-03-01,54155508,22063566,20490408,11601534,90001,94007,206.88,84.28,78.28,44.32,3591,8487,0.032
Australia,AUS,2022-03-02,54241892,22070693,20497591,11673608,86384,88635,207.21,84.31,78.3,44.59,3386,7887,0.03
Australia,AUS,2022-03-03,54327853,22078148,20505135,11744570,85961,83324,207.54,84.34,78.33,44.87,3183,7408,0.028
Australia,AUS,2022-03-04,54418534,22085942,20513850,11818742,90681,78905,207.88,84.37,78.36,45.15,3014,7005,0.027
Australia,AUS,2022-03-05,54469705,22091094,20520964,11857647,51171,76700,208.08,84.39,78.39,45.3,2930,6712,0.026
Australia,AUS,2022-03-06,54492395,22093332,20524493,11874570,22690,75561,208.17,84.4,78.41,45.36,2886,6597,0.025
Australia,AUS,2022-03-07,54570032,22098997,20543714,11927321,77637,72075,208.46,84.42,78.48,45.56,2753,6157,0.024
Australia,AUS,2022-03-08,54659334,22105692,20568346,11985296,89302,71975,208.8,84.45,78.57,45.78,2750,6018,0.023
Australia,AUS,2022-03-09,54749553,22111780,20596172,12041601,90219,72523,209.15,84.47,78.68,46.0,2770,5870,0.022
Australia,AUS,2022-03-10,54842227,22117596,20626131,12098500,92674,73482,209.5,84.49,78.79,46.22,2807,5635,0.022
Australia,AUS,2022-03-11,54948620,22124182,20661863,12162575,106393,75727,209.91,84.52,78.93,46.46,2893,5463,0.021
Australia,AUS,2022-03-12,55020466,22128293,20696352,12195821,71846,78680,210.18,84.53,79.06,46.59,3006,5314,0.02
Australia,AUS,2022-03-13,55054842,22130630,20714246,12209966,34376,80350,210.31,84.54,79.13,46.64,3069,5328,0.02
Australia,AUS,2022-03-14,55128376,22135420,20743572,12249384,73534,79763,210.6,84.56,79.24,46.79,3047,5203,0.02
Australia,AUS,2022-03-15,55224388,22141043,20780753,12302592,96012,80722,210.96,84.58,79.38,47.0,3084,5050,0.019
Australia,AUS,2022-03-16,55316946,22146677,20817597,12352672,92558,81056,211.32,84.6,79.53,47.19,3096,4985,0.019
Australia,AUS,2022-03-17,55408135,22152482,20852962,12402691,91189,80844,211.66,84.62,79.66,47.38,3088,4984,0.019
Australia,AUS,2022-03-18,55507339,22158259,20893155,12455925,99204,79817,212.04,84.65,79.81,47.58,3049,4868,0.019
Australia,AUS,2022-03-19,55577748,22162034,20931268,12484446,70409,79612,212.31,84.66,79.96,47.69,3041,4820,0.018
Australia,AUS,2022-03-20,55613993,22163996,20952845,12497152,36245,79879,212.45,84.67,80.04,47.74,3051,4767,0.018
Australia,AUS,2022-03-21,55700491,22169145,20988310,12543036,86498,81731,212.78,84.69,80.18,47.92,3122,4818,0.018
Australia,AUS,2022-03-22,55783094,22174087,21020180,12588827,82603,79815,213.1,84.71,80.3,48.09,3049,4721,0.018
Australia,AUS,2022-03-23,55854308,22178419,21043844,12632045,71214,76766,213.37,84.72,80.39,48.26,2933,4535,0.017
Australia,AUS,2022-03-24,55932910,22183299,21072503,12677108,78602,74968,213.67,84.74,80.5,48.43,2864,4402,0.017
Australia,AUS,2022-03-25,56017618,22188155,21104880,12724583,84708,72897,213.99,84.76,80.62,48.61,2785,4271,0.016
Australia,AUS,2022-03-26,56077605,22191506,21136762,12749337,59987,71408,214.22,84.77,80.74,48.7,2728,4210,0.016
Australia,AUS,2022-03-27,56107787,22193476,21153372,12760939,30182,70542,214.34,84.78,80.81,48.75,2695,4211,0.016
Australia,AUS,2022-03-28,56179315,22198092,21179377,12801846,71528,68403,214.61,84.8,80.91,48.9,2613,4135,0.016
Australia,AUS,2022-03-29,56242913,22202366,21200432,12840115,63598,65688,214.85,84.81,80.99,49.05,2509,4040,0.015
Australia,AUS,2022-03-30,56303174,22206384,21219755,12877035,60261,64124,215.08,84.83,81.06,49.19,2450,3995,0.015
Australia,AUS,2022-03-31,56362692,22210293,21240452,12911947,59518,61397,215.31,84.85,81.14,49.32,2345,3856,0.015
Australia,AUS,2022-04-01,56421957,22214445,21260487,12947025,59265,57763,215.54,84.86,81.22,49.46,2207,3756,0.014
Australia,AUS,2022-04-02,56461823,22217203,21280501,12964119,39866,54888,215.69,84.87,81.29,49.52,2097,3671,0.014
Australia,AUS,2022-04-03,56481559,22218298,21291087,12972174,19736,53396,215.76,84.88,81.33,49.55,2040,3546,0.014
Australia,AUS,2022-04-04,56532490,22222194,21307694,13002602,50931,50454,215.96,84.89,81.4,49.67,1927,3443,0.013
Australia,AUS,2022-04-05,56579444,22225434,21322046,13031964,46954,48076,216.14,84.9,81.45,49.78,1837,3295,0.013
Australia,AUS,2022-04-06,56624383,22228650,21335439,13060294,44939,45887,216.31,84.92,81.5,49.89,1753,3181,0.012
Australia,AUS,2022-04-07,56668400,22231734,21348489,13088177,44017,43673,216.48,84.93,81.55,50.0,1668,3063,0.012
Australia,AUS,2022-04-08,56715194,,21363417,13116627,46794,41891,216.66,,81.61,50.11,1600,,
Australia,AUS,2022-04-09,56738523,,21372943,13128699,23329,39529,216.75,,81.65,50.15,1510,,
Australia,AUS,2022-04-10,56902635,,21378262,13286513,164112,60154,217.37,,81.67,50.76,2298,,
Australia,AUS,2022-04-11,56956090,,21396664,13317459,53455,60514,217.58,,81.74,50.87,2312,,
Australia,AUS,2022-04-12,56999362,,21410025,13343842,43272,59988,217.74,,81.79,50.97,2292,,
Australia,AUS,2022-04-13,57038091,,21422263,13367049,38729,59101,217.89,,81.83,51.06,2258,,
Australia,AUS,2022-04-14,57077786,,21434290,13391428,39695,58484,218.04,,81.88,51.16,2234,,
Australia,AUS,2022-04-15,57081480,,21435569,13393506,3694,52327,218.06,,81.89,51.16,1999,,
Australia,AUS,2022-04-16,57090843,,21438984,13398681,9363,50331,218.09,,81.9,51.18,1923,,
Australia,AUS,2022-04-17,57155581,,21439688,13462452,64738,36135,218.34,,81.9,51.43,1380,,
Australia,AUS,2022-04-18,57162085,,21441137,13467133,6504,29428,218.36,,81.91,51.45,1124,,
Australia,AUS,2022-04-19,57197856,,21452092,13488405,35771,28356,218.5,,81.95,51.53,1083,,
Australia,AUS,2022-04-20,57231365,,21462052,13508982,33509,27611,218.63,,81.99,51.61,1055,,
Australia,AUS,2022-04-21,57264495,,21471656,13529513,33130,26673,218.76,,82.02,51.68,1019,,
Australia,AUS,2022-04-22,57298477,,21482424,13549792,33982,31000,218.89,,82.06,51.76,1184,,
Australia,AUS,2022-04-23,57317327,,21490232,13559379,18850,32355,218.96,,82.09,51.8,1236,,
Australia,AUS,2022-04-24,57457036,,21493460,13694925,139709,43065,219.49,,82.11,52.32,1645,,
Australia,AUS,2022-04-25,57460079,,21494357,13696802,3043,42571,219.5,,82.11,52.32,1626,,
Australia,AUS,2022-04-26,57487919,,21502153,13714345,27840,41438,219.61,,82.14,52.39,1583,,
Australia,AUS,2022-04-27,57512161,,21508496,13730241,24242,40114,219.7,,82.16,52.45,1532,,
Australia,AUS,2022-04-28,57536051,,21514550,13746068,23890,38794,219.79,,82.19,52.51,1482,,
Australia,AUS,2022-04-29,57561209,,21521419,13762209,25158,37533,219.89,,82.21,52.57,1434,,
Australia,AUS,2022-04-30,57575626,,21527099,13769753,14417,36900,219.94,,82.24,52.6,1410,,
Australia,AUS,2022-05-01,57735950,,21528799,13927876,160324,39845,220.56,,82.24,53.21,1522,,
Australia,AUS,2022-05-02,57753579,,21533340,13939476,17629,41929,220.62,,82.26,53.25,1602,,
Australia,AUS,2022-05-03,57773120,,21537560,13953035,19541,40743,220.7,,82.28,53.3,1556,,
Australia,AUS,2022-05-04,57792004,,21541667,13966068,18884,39978,220.77,,82.29,53.35,1527,,
Australia,AUS,2022-05-05,57811614,,21545790,13979721,19610,39366,220.85,,82.31,53.4,1504,,
Australia,AUS,2022-05-06,57831047,,21550385,13992829,19433,38548,220.92,,82.32,53.45,1473,,
Australia,AUS,2022-05-07,57840803,,21553633,13998418,9756,37882,220.96,,82.34,53.48,1447,,
Australia,AUS,2022-05-08,58050262,,21554537,14206545,209459,44902,221.76,,82.34,54.27,1715,,
Australia,AUS,2022-05-09,58067475,,21557891,14218708,17213,44842,221.82,,82.35,54.32,1713,,
Australia,AUS,2022-05-10,58084460,,21561125,14230973,16985,44477,221.89,,82.37,54.36,1699,,
Australia,AUS,2022-05-11,58101143,,21564370,14242894,16683,44163,221.95,,82.38,54.41,1687,,
Australia,AUS,2022-05-12,58118259,,21567673,14255070,17116,43806,222.02,,82.39,54.46,1673,,
Australia,AUS,2022-05-13,58135809,,21571384,14267114,17550,43537,222.08,,82.4,54.5,1663,,
Australia,AUS,2022-05-14,58141095,,21571384,14272400,5286,42899,222.1,,82.4,54.52,1639,,
Australia,AUS,2022-05-15,58400788,,21575026,14527073,259693,50075,223.1,,82.42,55.49,1913,,
Australia,AUS,2022-05-16,58416891,,21577946,14538424,16103,49917,223.16,,82.43,55.54,1907,,
Australia,AUS,2022-05-17,58432049,,21580707,14549314,15158,49656,223.22,,82.44,55.58,1897,,
Australia,AUS,2022-05-18,58447879,,21583607,14560707,15830,49534,223.28,,82.45,55.62,1892,,
Australia,AUS,2022-05-19,58463990,,21586740,14571977,16111,49390,223.34,,82.46,55.67,1887,,
Australia,AUS,2022-05-20,58480010,,21590037,14583020,16020,49172,223.4,,82.48,55.71,1878,,
Australia,AUS,2022-05-21,58487969,,21592267,14587855,7959,49553,223.43,,82.48,55.73,1893,,
Australia,AUS,2022-05-22,58756853,,21593262,14855317,268884,50866,224.46,,82.49,56.75,1943,,
Australia,AUS,2022-05-23,58812010,,21595792,14906501,55157,56446,224.67,,82.5,56.94,2156,,
Australia,AUS,2022-05-24,58874211,,21598349,14964679,62201,63166,224.9,,82.51,57.17,2413,,
Australia,AUS,2022-05-25,58936138,,21600827,15022669,61927,69751,225.14,,82.52,57.39,2665,,
Australia,AUS,2022-05-26,58999547,,21603360,15082078,63409,76508,225.38,,82.53,57.61,2923,,
Australia,AUS,2022-05-27,59059590,,21606395,15137443,60043,82797,225.61,,82.54,57.83,3163,,
Australia,AUS,2022-05-28,59072890,,21606395,15150743,13300,83560,225.66,,82.54,57.88,3192,,
Australia,AUS,2022-05-29,59089678,,21609760,15162810,16788,47546,225.73,,82.55,57.92,1816,,
Australia,AUS,2022-05-30,59142893,,21612293,15212032,53215,47269,225.93,,82.56,58.11,1806,,
Australia,AUS,2022-05-31,59202011,,21614599,15267312,59118,46829,226.16,,82.57,58.32,1789,,
Australia,AUS,2022-06-01,59261572,,21616911,15323211,59561,46491,226.38,,82.58,58.54,1776,,
Australia,AUS,2022-06-02,59321031,,21619219,15378981,59459,45926,226.61,,82.59,58.75,1754,,
Australia,AUS,2022-06-03,59375533,,21622010,15429227,54502,45135,226.82,,82.6,58.94,1724,,
Australia,AUS,2022-06-04,59386702,,21622010,15440396,11169,44830,226.86,,82.6,58.98,1713,,
Australia,AUS,2022-06-05,59399900,,21624590,15449895,13198,44317,226.91,,82.61,59.02,1693,,
Australia,AUS,2022-06-06,59444066,,21626635,15490690,44166,43025,227.08,,82.62,59.18,1644,,
Australia,AUS,2022-06-07,59499838,,21628804,15543079,55772,42547,227.29,,82.62,59.38,1625,,
Australia,AUS,2022-06-08,59552386,,21630947,15592196,52548,41545,227.5,,82.63,59.56,1587,,
Australia,AUS,2022-06-09,59607038,,21633286,15643187,54652,40858,227.7,,82.64,59.76,1561,,
Australia,AUS,2022-06-10,59652982,,21635697,15685297,45944,39636,227.88,,82.65,59.92,1514,,
Australia,AUS,2022-06-11,,,,,,38772,,,,,1481,,
Australia,AUS,2022-06-12,59663231,,,15693206,,37619,227.92,,,59.95,1437,,
Australia,AUS,2022-06-13,59684229,,21636888,15715917,20998,34309,228.0,,82.65,60.04,1311,,
Australia,AUS,2022-06-14,59739431,,21641140,15763259,55202,34228,228.21,,82.67,60.22,1308,,
Australia,AUS,2022-06-15,59788611,,21643147,15809249,49180,33746,228.4,,82.68,60.39,1289,,
Australia,AUS,2022-06-16,59835561,,21643777,15855742,46950,32646,228.58,,82.68,60.57,1247,,
Australia,AUS,2022-06-17,59882363,,21647523,15895938,46802,32769,228.76,,82.7,60.72,1252,,
Australia,AUS,2022-06-18,59897091,,,15908339,14728,34141,228.81,,,60.77,1304,,
Australia,AUS,2022-06-19,59899939,,,15911187,2848,33815,228.82,,,60.78,1292,,
Australia,AUS,2022-06-20,59942310,,,15949387,42371,36869,228.98,,,60.93,1408,,
Australia,AUS,2022-06-21,59987771,,,15991809,45461,35477,229.16,,,61.09,1355,,
Australia,AUS,2022-06-22,60030381,,,16031325,42610,34539,229.32,,,61.24,1319,,
Australia,AUS,2022-06-23,60075193,,,16072663,44812,34233,229.49,,,61.4,1308,,
Australia,AUS,2022-06-24,60113851,,,16107740,38658,33070,229.64,,,61.53,1263,,
Australia,AUS,2022-06-25,60125909,,,16117499,12058,32688,229.69,,,61.57,1249,,
Australia,AUS,2022-06-26,60131190,,,16121636,5281,33036,229.71,,,61.59,1262,,
Australia,AUS,2022-06-27,60165116,,,16151996,33926,31829,229.84,,,61.7,1216,,
Australia,AUS,2022-06-28,60203805,,,16187191,38689,30862,229.98,,,61.84,1179,,
Australia,AUS,2022-06-29,60240472,,,16220228,36667,30013,230.12,,,61.96,1147,,
Australia,AUS,2022-06-30,60277104,,,16253282,36632,28844,230.26,,,62.09,1102,,
Australia,AUS,2022-07-01,60307995,,,16280641,30891,27735,230.38,,,62.19,1060,,
Australia,AUS,2022-07-02,60317275,,,16288173,9280,27338,230.42,,,62.22,1044,,
Australia,AUS,2022-07-03,60319007,,,16289905,1732,26831,230.42,,,62.23,1025,,
Australia,AUS,2022-07-04,60352205,,,16318419,33198,26727,230.55,,,62.34,1021,,
Australia,AUS,2022-07-05,60390456,,,16352535,38251,26664,230.7,,,62.47,1019,,
Australia,AUS,2022-07-06,60430700,,,16388673,40244,27175,230.85,,,62.61,1038,,
Australia,AUS,2022-07-07,60478973,,,16432702,48273,28838,231.03,,,62.77,1102,,
Australia,AUS,2022-07-08,60538256,,,16487193,59283,32894,231.26,,,62.98,1257,,
Australia,AUS,2022-07-09,60558799,,,16505643,20543,34503,231.34,,,63.05,1318,,
Australia,AUS,2022-07-10,60566832,,,16512990,8033,35404,231.37,,,63.08,1352,,
Australia,AUS,2022-07-11,60666885,,,16608804,100053,44954,231.75,,,63.45,1717,,
Australia,AUS,2022-07-12,60785581,,,16723047,118696,56446,232.21,,,63.88,2156,,
Australia,AUS,2022-07-13,60901407,,,16834530,115826,67244,232.65,,,64.31,2569,,
Australia,AUS,2022-07-14,61018137,,,16946592,116730,77023,233.09,,,64.74,2942,,
Australia,AUS,2022-07-15,61135222,,,17058703,117085,85281,233.54,,,65.17,3258,,
Australia,AUS,2022-07-16,61184744,,,17105410,49522,89421,233.73,,,65.34,3416,,
Australia,AUS,2022-07-17,61205725,,,17125242,20981,91270,233.81,,,65.42,3487,,
Australia,AUS,2022-07-18,61308022,,,17223139,102297,91591,234.2,,,65.79,3499,,
Australia,AUS,2022-07-19,61418398,,,17329593,110376,90402,234.62,,,66.2,3453,,
Australia,AUS,2022-07-20,61524870,,,17432192,106472,89066,235.03,,,66.59,3402,,
Australia,AUS,2022-07-21,61632291,,,17535147,107421,87736,235.44,,,66.99,3352,,
Australia,AUS,2022-07-22,61737742,,,17636183,105451,86074,235.84,,,67.37,3288,,
Australia,AUS,2022-07-23,61781182,,,17676707,43440,85205,236.01,,,67.53,3255,,
Australia,AUS,2022-07-24,61796565,,,17691177,15383,84406,236.07,,,67.58,3224,,
Australia,AUS,2022-07-25,61878802,,,17773414,82237,81540,236.38,,,67.9,3115,,
Australia,AUS,2022-07-26,61973263,,,17860650,94461,79266,236.74,,,68.23,3028,,
Australia,AUS,2022-07-27,62057787,,,17941716,84524,76131,237.07,,,68.54,2908,,
Australia,AUS,2022-07-28,62140178,,,18020460,82391,72555,237.38,,,68.84,2772,,
Australia,AUS,2022-07-29,62214063,,,18090649,73885,68046,237.66,,,69.11,2599,,
Australia,AUS,2022-07-30,62245285,,,18119521,31222,66300,237.78,,,69.22,2533,,
Australia,AUS,2022-07-31,62255266,,,18128815,9981,65529,237.82,,,69.25,2503,,
Australia,AUS,2022-08-01,62311916,,,18182528,56650,61873,238.04,,,69.46,2364,,
Australia,AUS,2022-08-02,62371340,,,18238992,59424,56868,238.26,,,69.67,2172,,
Australia,AUS,2022-08-03,62426327,,,18291313,54987,52649,238.47,,,69.87,2011,,
Australia,AUS,2022-08-04,62481417,,,18343383,55090,48748,238.68,,,70.07,1862,,
Australia,AUS,2022-08-05,,,,,,42300,,,,,1616,,
Australia,AUS,2022-08-06,,,,,,41946,,,,,1602,,
Australia,AUS,2022-08-07,,,,,,44627,,,,,1705,,
Australia,AUS,2022-08-08,62596404,,,18450319,,40641,239.12,,,70.48,1553,,
Australia,AUS,2022-08-09,62637824,,,18489245,41420,38069,239.28,,,70.63,1454,,
Australia,AUS,2022-08-10,62675448,,,18524602,37624,35589,239.43,,,70.77,1360,,
Australia,AUS,2022-08-11,62712556,,,18559235,37108,33020,239.57,,,70.9,1261,,
Australia,AUS,2022-08-12,,,,,,31465,,,,,1202,,
Australia,AUS,2022-08-13,,,,,,29910,,,,,1143,,
Australia,AUS,2022-08-14,62766146,,,18608076,,28356,239.77,,,71.08,1083,,
Australia,AUS,2022-08-15,62794740,,,18634216,28594,28334,239.88,,,71.18,1082,,
Australia,AUS,2022-08-16,62825336,,,18662588,30596,26787,240.0,,,71.29,1023,,
Australia,AUS,2022-08-17,62857791,,,18692846,32455,26049,240.12,,,71.41,995,,
Australia,AUS,2022-08-18,62885656,,,18718552,27865,24729,240.23,,,71.51,945,,
Australia,AUS,2022-08-19,,,,,,24099,,,,,921,,
Australia,AUS,2022-08-20,,,,,,23470,,,,,897,,
Australia,AUS,2022-08-21,62926030,,,18754700,,22841,240.38,,,71.64,873,,
Australia,AUS,2022-08-22,62946742,,,18773316,20712,21715,240.46,,,71.72,830,,
Australia,AUS,2022-08-23,62969297,,,18793980,22555,20566,240.55,,,71.79,786,,
Australia,AUS,2022-08-24,62990246,,,18813204,20949,18922,240.63,,,71.87,723,,
Australia,AUS,2022-08-25,63011373,,,18832487,21127,17960,240.71,,,71.94,686,,
Australia,AUS,2022-08-26,,,,18832487,,16381,,,,71.94,626,,
Australia,AUS,2022-08-27,,,,,,14802,,,,,565,,
Australia,AUS,2022-08-28,,,,18859966,,13223,,,,72.05,505,,
Australia,AUS,2022-08-29,,,,18875258,,10608,,,,72.11,405,,
Australia,AUS,2022-08-30,,,,18892933,,7730,,,,72.17,295,,
Australia,AUS,2022-08-31,,,,18908728,,5081,,,,72.23,194,,
Australia,AUS,2022-09-01,,,,18923633,,2407,,,,72.29,92,,
Australia,AUS,2022-09-02,,,,,,2407,,,,,92,,
Australia,AUS,2022-09-03,,,,,,2407,,,,,92,,
Australia,AUS,2022-09-04,,,,18945768,,2407,,,,72.37,92,,
Australia,AUS,2022-09-05,,,,18957759,,2407,,,,72.42,92,,
Australia,AUS,2022-09-06,,,,18971212,,2407,,,,72.47,92,,
Australia,AUS,2022-09-07,,,,18983873,,2407,,,,72.52,92,,
Australia,AUS,2022-09-08,,,,18996903,,2407,,,,72.57,92,,
Australia,AUS,2022-09-09,,,,,,2407,,,,,92,,
Australia,AUS,2022-09-10,,,,,,2407,,,,,92,,
Australia,AUS,2022-09-11,,,,,,2407,,,,,92,,
Australia,AUS,2022-09-12,,,,,,2407,,,,,92,,
Australia,AUS,2022-09-13,,,,,,2407,,,,,92,,
Australia,AUS,2022-09-14,,,,,,2407,,,,,92,,
Australia,AUS,2022-09-15,,,,19048216,,2407,,,,72.77,92,,
Australia,AUS,2022-09-16,,,,,,2407,,,,,92,,
Australia,AUS,2022-09-17,,,,,,2407,,,,,92,,
Australia,AUS,2022-09-18,,,,,,2407,,,,,92,,
Australia,AUS,2022-09-19,,,,,,2407,,,,,92,,
Australia,AUS,2022-09-20,,,,,,2407,,,,,92,,
Australia,AUS,2022-09-21,,,,,,2407,,,,,92,,
Australia,AUS,2022-09-22,,,,19096548,,2407,,,,72.95,92,,
Australia,AUS,2022-09-23,,,,,,2407,,,,,92,,
Australia,AUS,2022-09-24,,,,,,2407,,,,,92,,
Australia,AUS,2022-09-25,,,,,,2407,,,,,92,,
Australia,AUS,2022-09-26,,,,,,2407,,,,,92,,
Australia,AUS,2022-09-27,,,,,,2407,,,,,92,,
Australia,AUS,2022-09-28,,,,,,2407,,,,,92,,
Australia,AUS,2022-09-29,,,,19145155,,2407,,,,73.14,92,,
Australia,AUS,2022-09-30,,,,,,2407,,,,,92,,
Australia,AUS,2022-10-01,,,,,,2407,,,,,92,,
Australia,AUS,2022-10-02,,,,,,2407,,,,,92,,
Australia,AUS,2022-10-03,,,,,,2407,,,,,92,,
Australia,AUS,2022-10-04,,,,,,2407,,,,,92,,
Australia,AUS,2022-10-05,,,,,,2407,,,,,92,,
Australia,AUS,2022-10-06,,,,,,2407,,,,,92,,
Australia,AUS,2022-10-07,,,,,,2407,,,,,92,,
Australia,AUS,2022-10-08,,,,,,2407,,,,,92,,
Australia,AUS,2022-10-09,,,,,,2407,,,,,92,,
Australia,AUS,2022-10-10,,,,,,2407,,,,,92,,
Australia,AUS,2022-10-11,,,,,,2407,,,,,92,,
Australia,AUS,2022-10-12,,,,,,2407,,,,,92,,
Australia,AUS,2022-10-13,,,,,,2407,,,,,92,,
Australia,AUS,2022-10-14,,,,,,2407,,,,,92,,
Australia,AUS,2022-10-15,,,,,,2407,,,,,92,,
Australia,AUS,2022-10-16,,,,,,2407,,,,,92,,
Australia,AUS,2022-10-17,,,,,,2407,,,,,92,,
Australia,AUS,2022-10-18,,,,,,2407,,,,,92,,
Australia,AUS,2022-10-19,,,,,,2407,,,,,92,,
Australia,AUS,2022-10-20,,,,,,2407,,,,,92,,
Australia,AUS,2022-10-21,,,,,,2407,,,,,92,,
Australia,AUS,2022-10-22,,,,,,2407,,,,,92,,
Australia,AUS,2022-10-23,,,,,,2407,,,,,92,,
Australia,AUS,2022-10-24,,,,,,2407,,,,,92,,
Australia,AUS,2022-10-25,,,,,,2407,,,,,92,,
Australia,AUS,2022-10-26,,,,,,2407,,,,,92,,
Australia,AUS,2022-10-27,,,,,,2407,,,,,92,,
Australia,AUS,2022-10-28,,,,,,2407,,,,,92,,
Australia,AUS,2022-10-29,,,,,,2407,,,,,92,,
Australia,AUS,2022-10-30,,,,,,2407,,,,,92,,
Australia,AUS,2022-10-31,,,,,,2407,,,,,92,,
Australia,AUS,2022-11-01,,,,,,2407,,,,,92,,
Australia,AUS,2022-11-02,,,,,,2407,,,,,92,,
Australia,AUS,2022-11-03,63179861,,,19293337,,2407,241.35,,,73.7,92,,
Australia,AUS,2022-11-04,,,,,,3214,,,,,123,,
Australia,AUS,2022-11-05,,,,,,4022,,,,,154,,
Australia,AUS,2022-11-06,,,,,,4829,,,,,184,,
Australia,AUS,2022-11-07,,,,,,5637,,,,,215,,
Australia,AUS,2022-11-08,,,,,,6444,,,,,246,,
Australia,AUS,2022-11-09,,,,,,7252,,,,,277,,
Australia,AUS,2022-11-10,63236277,,,19349035,,8059,241.57,,,73.92,308,,
Australia,AUS,2022-11-11,,,,,,8864,,,,,339,,
Australia,AUS,2022-11-12,,,,,,9668,,,,,369,,
Australia,AUS,2022-11-13,,,,,,10473,,,,,400,,
Australia,AUS,2022-11-14,,,,,,11277,,,,,431,,
Australia,AUS,2022-11-15,,,,,,12081,,,,,462,,
Australia,AUS,2022-11-16,,,,,,12886,,,,,492,,
Australia,AUS,2022-11-17,63332108,,,19442135,,13690,241.93,,,74.27,523,,
Australia,AUS,2022-11-18,,,,,,13255,,,,,506,,
Australia,AUS,2022-11-19,,,,,,12820,,,,,490,,
Australia,AUS,2022-11-20,,,,,,12386,,,,,473,,
Australia,AUS,2022-11-21,,,,,,11951,,,,,457,,
Australia,AUS,2022-11-22,,,,,,11516,,,,,440,,
Australia,AUS,2022-11-23,,,,,,11081,,,,,423,,
Australia,AUS,2022-11-24,63406631,,,19514697,,10646,242.22,,,74.55,407,,
Australia,AUS,2022-11-25,,,,,,10222,,,,,390,,
Australia,AUS,2022-11-26,,,,,,9798,,,,,374,,
Australia,AUS,2022-11-27,,,,,,9374,,,,,358,,
Australia,AUS,2022-11-28,,,,,,8949,,,,,342,,
Australia,AUS,2022-11-29,,,,,,8525,,,,,326,,
Australia,AUS,2022-11-30,,,,,,8101,,,,,309,,
Australia,AUS,2022-12-01,63460368,,,19567150,,7677,242.42,,,74.75,293,,
Australia,AUS,2022-12-02,,,,,,7502,,,,,287,,
Australia,AUS,2022-12-03,,,,,,7328,,,,,280,,
Australia,AUS,2022-12-04,,,,,,7153,,,,,273,,
Australia,AUS,2022-12-05,,,,,,6979,,,,,267,,
Australia,AUS,2022-12-06,,,,,,6805,,,,,260,,
Australia,AUS,2022-12-07,,,,,,6630,,,,,253,,
Australia,AUS,2022-12-08,63505559,,,19613644,,6456,242.6,,,74.93,247,,
Australia,AUS,2022-12-09,,,,,,6415,,,,,245,,
Australia,AUS,2022-12-10,,,,,,6375,,,,,244,,
Australia,AUS,2022-12-11,,,,,,6334,,,,,242,,
Australia,AUS,2022-12-12,,,,,,6294,,,,,240,,
Australia,AUS,2022-12-13,,,,,,6253,,,,,239,,
Australia,AUS,2022-12-14,,,,,,6212,,,,,237,,
Australia,AUS,2022-12-15,63548762,,,19656814,,6172,242.76,,,75.09,236,,
Australia,AUS,2022-12-16,,,,,,6000,,,,,229,,
Australia,AUS,2022-12-17,,,,,,5829,,,,,223,,
Australia,AUS,2022-12-18,,,,,,5657,,,,,216,,
Australia,AUS,2022-12-19,,,,,,5486,,,,,210,,
Australia,AUS,2022-12-20,,,,,,5314,,,,,203,,
Australia,AUS,2022-12-21,,,,,,5143,,,,,196,,
Australia,AUS,2022-12-22,63583562,,,19691609,,4971,242.89,,,75.22,190,,
Australia,AUS,2022-12-23,,,,,,4550,,,,,174,,
Australia,AUS,2022-12-24,,,,,,4129,,,,,158,,
Australia,AUS,2022-12-25,,,,,,3708,,,,,142,,
Australia,AUS,2022-12-26,,,,,,3287,,,,,126,,
Australia,AUS,2022-12-27,,,,,,2866,,,,,109,,
Australia,AUS,2022-12-28,,,,,,2444,,,,,93,,
Australia,AUS,2022-12-29,,,,,,2023,,,,,77,,
Australia,AUS,2022-12-30,,,,,,2023,,,,,77,,
Australia,AUS,2022-12-31,,,,,,2023,,,,,77,,
Australia,AUS,2023-01-01,,,,,,2023,,,,,77,,
Australia,AUS,2023-01-02,,,,,,2023,,,,,77,,
Australia,AUS,2023-01-03,,,,,,2023,,,,,77,,
Australia,AUS,2023-01-04,,,,,,2023,,,,,77,,
Australia,AUS,2023-01-05,63611887,,,19721346,,2023,243.0,,,75.34,77,,
Australia,AUS,2023-01-06,,,,,,2192,,,,,84,,
Australia,AUS,2023-01-07,,,,,,2360,,,,,90,,
Australia,AUS,2023-01-08,,,,,,2529,,,,,97,,
Australia,AUS,2023-01-09,,,,,,2697,,,,,103,,
Australia,AUS,2023-01-10,,,,,,2866,,,,,109,,
Australia,AUS,2023-01-11,,,,,,3034,,,,,116,,
Australia,AUS,2023-01-12,63634307,,,19743221,,3203,243.09,,,75.42,122,,
Australia,AUS,2023-01-13,,,,,,3160,,,,,121,,
Australia,AUS,2023-01-14,,,,,,3116,,,,,119,,
Australia,AUS,2023-01-15,,,,,,3073,,,,,117,,
Australia,AUS,2023-01-16,,,,,,3030,,,,,116,,
Australia,AUS,2023-01-17,,,,,,2986,,,,,114,,
Australia,AUS,2023-01-18,,,,,,2943,,,,,112,,
Australia,AUS,2023-01-19,63654606,,,19762423,,2900,243.17,,,75.49,111,,
Australia,AUS,2023-01-20,,,,,,2762,,,,,106,,
Australia,AUS,2023-01-21,,,,,,2625,,,,,100,,
Australia,AUS,2023-01-22,,,,,,2488,,,,,95,,
Australia,AUS,2023-01-23,,,,,,2350,,,,,90,,
Australia,AUS,2023-01-24,,,,,,2213,,,,,85,,
Australia,AUS,2023-01-25,,,,,,2075,,,,,79,,
Australia,AUS,2023-01-26,63668170,,,19776130,,1938,243.22,,,75.55,74,,
Australia,AUS,2023-01-27,,,,,,1936,,,,,74,,
Australia,AUS,2023-01-28,,,,,,1934,,,,,74,,
Australia,AUS,2023-01-29,,,,,,1933,,,,,74,,
Australia,AUS,2023-01-30,,,,,,1931,,,,,74,,
Australia,AUS,2023-01-31,,,,,,1929,,,,,74,,
Australia,AUS,2023-02-01,,,,,,1928,,,,,74,,
Australia,AUS,2023-02-02,63681652,,,19790466,,1926,243.27,,,75.6,74,,
Australia,AUS,2023-02-03,,,,,,6824,,,,,261,,
Australia,AUS,2023-02-04,,,,,,11723,,,,,448,,
Australia,AUS,2023-02-05,,,,,,16621,,,,,635,,
Australia,AUS,2023-02-06,,,,,,21519,,,,,822,,
Australia,AUS,2023-02-07,,,,,,26418,,,,,1009,,
Australia,AUS,2023-02-08,,,,,,31316,,,,,1196,,
Australia,AUS,2023-02-09,,,,,,36214,,,,,1383,,
Australia,AUS,2023-02-10,,,,,,36214,,,,,1383,,
Australia,AUS,2023-02-11,,,,,,36214,,,,,1383,,
Australia,AUS,2023-02-12,,,,,,36214,,,,,1383,,
Australia,AUS,2023-02-13,,,,,,36214,,,,,1383,,
Australia,AUS,2023-02-14,,,,,,36214,,,,,1383,,
Australia,AUS,2023-02-15,,,,,,36214,,,,,1383,,
Australia,AUS,2023-02-16,,,,,,36214,,,,,1383,,
Australia,AUS,2023-02-17,,,,,,36214,,,,,1383,,
Australia,AUS,2023-02-18,,,,,,36214,,,,,1383,,
Australia,AUS,2023-02-19,,,,,,36214,,,,,1383,,
Australia,AUS,2023-02-20,,,,,,36214,,,,,1383,,
Australia,AUS,2023-02-21,,,,,,36214,,,,,1383,,
Australia,AUS,2023-02-22,,,,,,36214,,,,,1383,,
Australia,AUS,2023-02-23,,,,,,36214,,,,,1383,,
Australia,AUS,2023-02-24,,,,,,36214,,,,,1383,,
Australia,AUS,2023-02-25,,,,,,36214,,,,,1383,,
Australia,AUS,2023-02-26,,,,,,36214,,,,,1383,,
Australia,AUS,2023-02-27,,,,,,36214,,,,,1383,,
Australia,AUS,2023-02-28,,,,,,36214,,,,,1383,,
Australia,AUS,2023-03-01,,,,,,36214,,,,,1383,,
Australia,AUS,2023-03-02,,,,,,36214,,,,,1383,,
Australia,AUS,2023-03-03,,,,,,36214,,,,,1383,,
Australia,AUS,2023-03-04,,,,,,36214,,,,,1383,,
Australia,AUS,2023-03-05,,,,,,36214,,,,,1383,,
Australia,AUS,2023-03-06,,,,,,36214,,,,,1383,,
Australia,AUS,2023-03-07,,,,,,36214,,,,,1383,,
Australia,AUS,2023-03-08,,,,,,36214,,,,,1383,,
Australia,AUS,2023-03-09,,,,,,36214,,,,,1383,,
Australia,AUS,2023-03-10,,,,,,36214,,,,,1383,,
Australia,AUS,2023-03-11,,,,,,36214,,,,,1383,,
Australia,AUS,2023-03-12,,,,,,36214,,,,,1383,,
Australia,AUS,2023-03-13,,,,,,36214,,,,,1383,,
Australia,AUS,2023-03-14,,,,,,36214,,,,,1383,,
Australia,AUS,2023-03-15,,,,,,36214,,,,,1383,,
Australia,AUS,2023-03-16,,,,,,36214,,,,,1383,,
Australia,AUS,2023-03-17,,,,,,36214,,,,,1383,,
Australia,AUS,2023-03-18,,,,,,36214,,,,,1383,,
Australia,AUS,2023-03-19,,,,,,36214,,,,,1383,,
Australia,AUS,2023-03-20,,,,,,36214,,,,,1383,,
Australia,AUS,2023-03-21,,,,,,36214,,,,,1383,,
Australia,AUS,2023-03-22,,,,,,36214,,,,,1383,,
Australia,AUS,2023-03-23,,,,,,36214,,,,,1383,,
Australia,AUS,2023-03-24,65492360,,,,,36214,250.19,,,,1383,,
Australia,AUS,2023-03-25,,,,,,34825,,,,,1330,,
Australia,AUS,2023-03-26,,,,,,33436,,,,,1277,,
Australia,AUS,2023-03-27,,,,,,32047,,,,,1224,,
Australia,AUS,2023-03-28,,,,,,30658,,,,,1171,,
Australia,AUS,2023-03-29,,,,,,29268,,,,,1118,,
Australia,AUS,2023-03-30,,,,,,27879,,,,,1065,,
Australia,AUS,2023-03-31,,,,,,26490,,,,,1012,,
Australia,AUS,2023-04-01,,,,,,26490,,,,,1012,,
Australia,AUS,2023-04-02,,,,,,26490,,,,,1012,,
Australia,AUS,2023-04-03,,,,,,26490,,,,,1012,,
Australia,AUS,2023-04-04,,,,,,26490,,,,,1012,,
Australia,AUS,2023-04-05,,,,,,26490,,,,,1012,,
Australia,AUS,2023-04-06,,,,,,26490,,,,,1012,,
Australia,AUS,2023-04-07,,,,,,26490,,,,,1012,,
Australia,AUS,2023-04-08,,,,,,26490,,,,,1012,,
Australia,AUS,2023-04-09,,,,,,26490,,,,,1012,,
Australia,AUS,2023-04-10,,,,,,26490,,,,,1012,,
Australia,AUS,2023-04-11,,,,,,26490,,,,,1012,,
Australia,AUS,2023-04-12,,,,,,26490,,,,,1012,,
Australia,AUS,2023-04-13,,,,,,26490,,,,,1012,,
Australia,AUS,2023-04-14,,,,,,26490,,,,,1012,,
Australia,AUS,2023-04-15,,,,,,26490,,,,,1012,,
Australia,AUS,2023-04-16,,,,,,26490,,,,,1012,,
Australia,AUS,2023-04-17,,,,,,26490,,,,,1012,,
Australia,AUS,2023-04-18,,,,,,26490,,,,,1012,,
Australia,AUS,2023-04-19,,,,,,26490,,,,,1012,,
Australia,AUS,2023-04-20,,,,,,26490,,,,,1012,,
Australia,AUS,2023-04-21,,,,,,26490,,,,,1012,,
Australia,AUS,2023-04-22,,,,,,26490,,,,,1012,,
Australia,AUS,2023-04-23,,,,,,26490,,,,,1012,,
Australia,AUS,2023-04-24,,,,,,26490,,,,,1012,,
Australia,AUS,2023-04-25,,,,,,26490,,,,,1012,,
Australia,AUS,2023-04-26,,,,,,26490,,,,,1012,,
Australia,AUS,2023-04-27,,,,,,26490,,,,,1012,,
Australia,AUS,2023-04-28,,,,,,26490,,,,,1012,,
Australia,AUS,2023-04-29,,,,,,26490,,,,,1012,,
Australia,AUS,2023-04-30,,,,,,26490,,,,,1012,,
Australia,AUS,2023-05-01,,,,,,26490,,,,,1012,,
Australia,AUS,2023-05-02,,,,,,26490,,,,,1012,,
Australia,AUS,2023-05-03,,,,,,26490,,,,,1012,,
Australia,AUS,2023-05-04,,,,,,26490,,,,,1012,,
Australia,AUS,2023-05-05,,,,,,26490,,,,,1012,,
Australia,AUS,2023-05-06,,,,,,26490,,,,,1012,,
Australia,AUS,2023-05-07,,,,,,26490,,,,,1012,,
Australia,AUS,2023-05-08,,,,,,26490,,,,,1012,,
Australia,AUS,2023-05-09,,,,,,26490,,,,,1012,,
Australia,AUS,2023-05-10,,,,,,26490,,,,,1012,,
Australia,AUS,2023-05-11,,,,,,26490,,,,,1012,,
Australia,AUS,2023-05-12,,,,,,26490,,,,,1012,,
Australia,AUS,2023-05-13,,,,,,26490,,,,,1012,,
Australia,AUS,2023-05-14,,,,,,26490,,,,,1012,,
Australia,AUS,2023-05-15,,,,,,26490,,,,,1012,,
Australia,AUS,2023-05-16,,,,,,26490,,,,,1012,,
Australia,AUS,2023-05-17,,,,,,26490,,,,,1012,,
Australia,AUS,2023-05-18,,,,,,26490,,,,,1012,,
Australia,AUS,2023-05-19,,,,,,26490,,,,,1012,,
Australia,AUS,2023-05-20,,,,,,26490,,,,,1012,,
Australia,AUS,2023-05-21,,,,,,26490,,,,,1012,,
Australia,AUS,2023-05-22,,,,,,26490,,,,,1012,,
Australia,AUS,2023-05-23,,,,,,26490,,,,,1012,,
Australia,AUS,2023-05-24,,,,,,26490,,,,,1012,,
Australia,AUS,2023-05-25,,,,,,26490,,,,,1012,,
Australia,AUS,2023-05-26,,,,,,26490,,,,,1012,,
Australia,AUS,2023-05-27,,,,,,26490,,,,,1012,,
Australia,AUS,2023-05-28,,,,,,26490,,,,,1012,,
Australia,AUS,2023-05-29,,,,,,26490,,,,,1012,,
Australia,AUS,2023-05-30,,,,,,26490,,,,,1012,,
Australia,AUS,2023-05-31,,,,,,26490,,,,,1012,,
Australia,AUS,2023-06-01,,,,,,26490,,,,,1012,,
Australia,AUS,2023-06-02,,,,,,26490,,,,,1012,,
Australia,AUS,2023-06-03,,,,,,26490,,,,,1012,,
Australia,AUS,2023-06-04,,,,,,26490,,,,,1012,,
Australia,AUS,2023-06-05,,,,,,26490,,,,,1012,,
Australia,AUS,2023-06-06,,,,,,26490,,,,,1012,,
Australia,AUS,2023-06-07,,,,,,26490,,,,,1012,,
Australia,AUS,2023-06-08,,,,,,26490,,,,,1012,,
Australia,AUS,2023-06-09,,,,,,26490,,,,,1012,,
Australia,AUS,2023-06-10,,,,,,26490,,,,,1012,,
Australia,AUS,2023-06-11,,,,,,26490,,,,,1012,,
Australia,AUS,2023-06-12,,,,,,26490,,,,,1012,,
Australia,AUS,2023-06-13,,,,,,26490,,,,,1012,,
Australia,AUS,2023-06-14,,,,,,26490,,,,,1012,,
Australia,AUS,2023-06-15,,,,,,26490,,,,,1012,,
Australia,AUS,2023-06-16,,,,,,26490,,,,,1012,,
Australia,AUS,2023-06-17,,,,,,26490,,,,,1012,,
Australia,AUS,2023-06-18,,,,,,26490,,,,,1012,,
Australia,AUS,2023-06-19,,,,,,26490,,,,,1012,,
Australia,AUS,2023-06-20,,,,,,26490,,,,,1012,,
Australia,AUS,2023-06-21,,,,,,26490,,,,,1012,,
Australia,AUS,2023-06-22,,,,,,26490,,,,,1012,,
Australia,AUS,2023-06-23,,,,,,26490,,,,,1012,,
Australia,AUS,2023-06-24,,,,,,26490,,,,,1012,,
Australia,AUS,2023-06-25,,,,,,26490,,,,,1012,,
Australia,AUS,2023-06-26,,,,,,26490,,,,,1012,,
Australia,AUS,2023-06-27,,,,,,26490,,,,,1012,,
Australia,AUS,2023-06-28,,,,,,26490,,,,,1012,,
Australia,AUS,2023-06-29,,,,,,26490,,,,,1012,,
Australia,AUS,2023-06-30,,,,,,26490,,,,,1012,,
Australia,AUS,2023-07-01,,,,,,26490,,,,,1012,,
Australia,AUS,2023-07-02,,,,,,26490,,,,,1012,,
Australia,AUS,2023-07-03,,,,,,26490,,,,,1012,,
Australia,AUS,2023-07-04,,,,,,26490,,,,,1012,,
Australia,AUS,2023-07-05,,,,,,26490,,,,,1012,,
Australia,AUS,2023-07-06,68247343,,,,,26490,260.71,,,,1012,,
Australia,AUS,2023-07-07,,,,,,23896,,,,,913,,
Australia,AUS,2023-07-08,,,,,,21301,,,,,814,,
Australia,AUS,2023-07-09,,,,,,18707,,,,,715,,
Australia,AUS,2023-07-10,,,,,,16113,,,,,616,,
Australia,AUS,2023-07-11,,,,,,13518,,,,,516,,
Australia,AUS,2023-07-12,,,,,,10924,,,,,417,,
Australia,AUS,2023-07-13,,,,,,8330,,,,,318,,
Australia,AUS,2023-07-14,,,,,,8330,,,,,318,,
Australia,AUS,2023-07-15,,,,,,8330,,,,,318,,
Australia,AUS,2023-07-16,,,,,,8330,,,,,318,,
Australia,AUS,2023-07-17,,,,,,8330,,,,,318,,
Australia,AUS,2023-07-18,,,,,,8330,,,,,318,,
Australia,AUS,2023-07-19,,,,,,8330,,,,,318,,
Australia,AUS,2023-07-20,,,,,,8330,,,,,318,,
Australia,AUS,2023-07-21,,,,,,8330,,,,,318,,
Australia,AUS,2023-07-22,,,,,,8330,,,,,318,,
Australia,AUS,2023-07-23,,,,,,8330,,,,,318,,
Australia,AUS,2023-07-24,,,,,,8330,,,,,318,,
Australia,AUS,2023-07-25,,,,,,8330,,,,,318,,
Australia,AUS,2023-07-26,,,,,,8330,,,,,318,,
Australia,AUS,2023-07-27,,,,,,8330,,,,,318,,
Australia,AUS,2023-07-28,,,,,,8330,,,,,318,,
Australia,AUS,2023-07-29,,,,,,8330,,,,,318,,
Australia,AUS,2023-07-30,,,,,,8330,,,,,318,,
Australia,AUS,2023-07-31,,,,,,8330,,,,,318,,
Australia,AUS,2023-08-01,,,,,,8330,,,,,318,,
Australia,AUS,2023-08-02,,,,,,8330,,,,,318,,
Australia,AUS,2023-08-03,68480571,,,,,8330,261.6,,,,318,,
Australia,AUS,2023-08-04,,,,,,7844,,,,,300,,
Australia,AUS,2023-08-05,,,,,,7359,,,,,281,,
Australia,AUS,2023-08-06,,,,,,6874,,,,,263,,
Australia,AUS,2023-08-07,,,,,,6389,,,,,244,,
Australia,AUS,2023-08-08,,,,,,5904,,,,,226,,
Australia,AUS,2023-08-09,,,,,,5419,,,,,207,,
Australia,AUS,2023-08-10,,,,,,4934,,,,,188,,
Australia,AUS,2023-08-11,,,,,,4934,,,,,188,,
Australia,AUS,2023-08-12,,,,,,4934,,,,,188,,
Australia,AUS,2023-08-13,,,,,,4934,,,,,188,,
Australia,AUS,2023-08-14,,,,,,4934,,,,,188,,
Australia,AUS,2023-08-15,,,,,,4934,,,,,188,,
Australia,AUS,2023-08-16,,,,,,4934,,,,,188,,
Australia,AUS,2023-08-17,,,,,,4934,,,,,188,,
Australia,AUS,2023-08-18,,,,,,4934,,,,,188,,
Australia,AUS,2023-08-19,,,,,,4934,,,,,188,,
Australia,AUS,2023-08-20,,,,,,4934,,,,,188,,
Australia,AUS,2023-08-21,,,,,,4934,,,,,188,,
Australia,AUS,2023-08-22,,,,,,4934,,,,,188,,
Australia,AUS,2023-08-23,,,,,,4934,,,,,188,,
Australia,AUS,2023-08-24,,,,,,4934,,,,,188,,
Australia,AUS,2023-08-25,,,,,,4934,,,,,188,,
Australia,AUS,2023-08-26,,,,,,4934,,,,,188,,
Australia,AUS,2023-08-27,,,,,,4934,,,,,188,,
Australia,AUS,2023-08-28,,,,,,4934,,,,,188,,
Australia,AUS,2023-08-29,,,,,,4934,,,,,188,,
Australia,AUS,2023-08-30,,,,,,4934,,,,,188,,
Australia,AUS,2023-08-31,,,,,,4934,,,,,188,,
Australia,AUS,2023-09-01,,,,,,4934,,,,,188,,
Australia,AUS,2023-09-02,,,,,,4934,,,,,188,,
Australia,AUS,2023-09-03,,,,,,4934,,,,,188,,
Australia,AUS,2023-09-04,,,,,,4934,,,,,188,,
Australia,AUS,2023-09-05,,,,,,4934,,,,,188,,
Australia,AUS,2023-09-06,,,,,,4934,,,,,188,,
Australia,AUS,2023-09-07,68653247,,,,,4934,262.26,,,,188,,
Australia,AUS,2023-09-08,,,,,,4828,,,,,184,,
Australia,AUS,2023-09-09,,,,,,4723,,,,,180,,
Australia,AUS,2023-09-10,,,,,,4618,,,,,176,,
Australia,AUS,2023-09-11,,,,,,4513,,,,,172,,
Australia,AUS,2023-09-12,,,,,,4408,,,,,168,,
Australia,AUS,2023-09-13,,,,,,4302,,,,,164,,
Australia,AUS,2023-09-14,,,,,,4197,,,,,160,,
Australia,AUS,2023-09-15,,,,,,4197,,,,,160,,
Australia,AUS,2023-09-16,,,,,,4197,,,,,160,,
Australia,AUS,2023-09-17,,,,,,4197,,,,,160,,
Australia,AUS,2023-09-18,,,,,,4197,,,,,160,,
Australia,AUS,2023-09-19,,,,,,4197,,,,,160,,
Australia,AUS,2023-09-20,,,,,,4197,,,,,160,,
Australia,AUS,2023-09-21,,,,,,4197,,,,,160,,
Australia,AUS,2023-09-22,,,,,,4197,,,,,160,,
Australia,AUS,2023-09-23,,,,,,4197,,,,,160,,
Australia,AUS,2023-09-24,,,,,,4197,,,,,160,,
Australia,AUS,2023-09-25,,,,,,4197,,,,,160,,
Australia,AUS,2023-09-26,,,,,,4197,,,,,160,,
Australia,AUS,2023-09-27,,,,,,4197,,,,,160,,
Australia,AUS,2023-09-28,,,,,,4197,,,,,160,,
Australia,AUS,2023-09-29,,,,,,4197,,,,,160,,
Australia,AUS,2023-09-30,,,,,,4197,,,,,160,,
Australia,AUS,2023-10-01,,,,,,4197,,,,,160,,
Australia,AUS,2023-10-02,,,,,,4197,,,,,160,,
Australia,AUS,2023-10-03,,,,,,4197,,,,,160,,
Australia,AUS,2023-10-04,,,,,,4197,,,,,160,,
Australia,AUS,2023-10-05,68770769,,,,,4197,262.71,,,,160,,
Australia,AUS,2023-10-06,,,,,,4812,,,,,184,,
Australia,AUS,2023-10-07,,,,,,5427,,,,,207,,
Australia,AUS,2023-10-08,,,,,,6042,,,,,231,,
Australia,AUS,2023-10-09,,,,,,6657,,,,,254,,
Australia,AUS,2023-10-10,,,,,,7271,,,,,278,,
Australia,AUS,2023-10-11,,,,,,7886,,,,,301,,
Australia,AUS,2023-10-12,,,,,,8501,,,,,325,,
Australia,AUS,2023-10-13,,,,,,8501,,,,,325,,
Australia,AUS,2023-10-14,,,,,,8501,,,,,325,,
Australia,AUS,2023-10-15,,,,,,8501,,,,,325,,
Australia,AUS,2023-10-16,,,,,,8501,,,,,325,,
Australia,AUS,2023-10-17,,,,,,8501,,,,,325,,
Australia,AUS,2023-10-18,,,,,,8501,,,,,325,,
Australia,AUS,2023-10-19,,,,,,8501,,,,,325,,
Australia,AUS,2023-10-20,,,,,,8501,,,,,325,,
Australia,AUS,2023-10-21,,,,,,8501,,,,,325,,
Australia,AUS,2023-10-22,,,,,,8501,,,,,325,,
Australia,AUS,2023-10-23,,,,,,8501,,,,,325,,
Australia,AUS,2023-10-24,,,,,,8501,,,,,325,,
Australia,AUS,2023-10-25,,,,,,8501,,,,,325,,
Australia,AUS,2023-10-26,,,,,,8501,,,,,325,,
Australia,AUS,2023-10-27,,,,,,8501,,,,,325,,
Australia,AUS,2023-10-28,,,,,,8501,,,,,325,,
Australia,AUS,2023-10-29,,,,,,8501,,,,,325,,
Australia,AUS,2023-10-30,,,,,,8501,,,,,325,,
Australia,AUS,2023-10-31,,,,,,8501,,,,,325,,
Australia,AUS,2023-11-01,,,,,,8501,,,,,325,,
Australia,AUS,2023-11-02,,,,,,8501,,,,,325,,
Australia,AUS,2023-11-03,,,,,,8501,,,,,325,,
Australia,AUS,2023-11-04,,,,,,8501,,,,,325,,
Australia,AUS,2023-11-05,,,,,,8501,,,,,325,,
Australia,AUS,2023-11-06,,,,,,8501,,,,,325,,
Australia,AUS,2023-11-07,,,,,,8501,,,,,325,,
Australia,AUS,2023-11-08,,,,,,8501,,,,,325,,
Australia,AUS,2023-11-09,,,,,,8501,,,,,325,,
Australia,AUS,2023-11-10,,,,,,8501,,,,,325,,
Australia,AUS,2023-11-11,,,,,,8501,,,,,325,,
Australia,AUS,2023-11-12,,,,,,8501,,,,,325,,
Australia,AUS,2023-11-13,,,,,,8501,,,,,325,,
Australia,AUS,2023-11-14,,,,,,8501,,,,,325,,
Australia,AUS,2023-11-15,,,,,,8501,,,,,325,,
Australia,AUS,2023-11-16,,,,,,8501,,,,,325,,
Australia,AUS,2023-11-17,,,,,,8501,,,,,325,,
Australia,AUS,2023-11-18,,,,,,8501,,,,,325,,
Australia,AUS,2023-11-19,,,,,,8501,,,,,325,,
Australia,AUS,2023-11-20,,,,,,8501,,,,,325,,
Australia,AUS,2023-11-21,,,,,,8501,,,,,325,,
Australia,AUS,2023-11-22,,,,,,8501,,,,,325,,
Australia,AUS,2023-11-23,,,,,,8501,,,,,325,,
Australia,AUS,2023-11-24,,,,,,8501,,,,,325,,
Australia,AUS,2023-11-25,,,,,,8501,,,,,325,,
Australia,AUS,2023-11-26,,,,,,8501,,,,,325,,
Australia,AUS,2023-11-27,,,,,,8501,,,,,325,,
Australia,AUS,2023-11-28,,,,,,8501,,,,,325,,
Australia,AUS,2023-11-29,,,,,,8501,,,,,325,,
Australia,AUS,2023-11-30,,,,,,8501,,,,,325,,
Australia,AUS,2023-12-01,,,,,,8501,,,,,325,,
Australia,AUS,2023-12-02,,,,,,8501,,,,,325,,
Australia,AUS,2023-12-03,,,,,,8501,,,,,325,,
Australia,AUS,2023-12-04,,,,,,8501,,,,,325,,
Australia,AUS,2023-12-05,,,,,,8501,,,,,325,,
Australia,AUS,2023-12-06,,,,,,8501,,,,,325,,
Australia,AUS,2023-12-07,69306345,,,,,8501,264.76,,,,325,,
Australia,AUS,2023-12-08,,,,,,9551,,,,,365,,
Australia,AUS,2023-12-09,,,,,,10601,,,,,405,,
Australia,AUS,2023-12-10,,,,,,11651,,,,,445,,
Australia,AUS,2023-12-11,,,,,,12701,,,,,485,,
Australia,AUS,2023-12-12,,,,,,13751,,,,,525,,
Australia,AUS,2023-12-13,,,,,,14800,,,,,565,,
Australia,AUS,2023-12-14,,,,,,15850,,,,,605,,
Australia,AUS,2023-12-15,,,,,,15850,,,,,605,,
Australia,AUS,2023-12-16,,,,,,15850,,,,,605,,
Australia,AUS,2023-12-17,,,,,,15850,,,,,605,,
Australia,AUS,2023-12-18,,,,,,15850,,,,,605,,
Australia,AUS,2023-12-19,,,,,,15850,,,,,605,,
Australia,AUS,2023-12-20,,,,,,15850,,,,,605,,
Australia,AUS,2023-12-21,,,,,,15850,,,,,605,,
Australia,AUS,2023-12-22,,,,,,15850,,,,,605,,
Australia,AUS,2023-12-23,,,,,,15850,,,,,605,,
Australia,AUS,2023-12-24,,,,,,15850,,,,,605,,
Australia,AUS,2023-12-25,,,,,,15850,,,,,605,,
Australia,AUS,2023-12-26,,,,,,15850,,,,,605,,
Australia,AUS,2023-12-27,,,,,,15850,,,,,605,,
Australia,AUS,2023-12-28,,,,,,15850,,,,,605,,
Australia,AUS,2023-12-29,,,,,,15850,,,,,605,,
Australia,AUS,2023-12-30,,,,,,15850,,,,,605,,
Australia,AUS,2023-12-31,69686752,,,,,15850,266.21,,,,605,,
