date,NSW_cum,NSW_new,VIC_cum,VIC_new,QLD_cum,QLD_new,WA_cum,WA_new,SA_cum,SA_new,TAS_cum,TAS_new,ACT_cum,ACT_new,NT_cum,NT_new
2021-02-22,20,20,0,0,0,0,0,0,0,0,0,0,0,0,0,0
2021-02-23,1320,1300,580,580,203,203,378,378,170,170,0,0,50,50,88,88
2021-02-24,3200,1880,1255,675,527,324,800,422,405,235,389,389,250,200,88,0
2021-02-25,5500,2300,2063,808,942,415,1241,441,743,338,813,424,524,274,88,0
2021-02-26,7500,2000,2902,839,1377,435,1654,413,1053,310,1165,352,778,254,581,493
2021-02-27,7500,0,3613,711,2030,653,2299,645,1371,318,1165,0,980,202,581,0
2021-02-28,7500,0,3762,149,2030,0,2584,285,1481,110,1165,0,980,0,581,0
2021-03-01,10339,2839,3862,100,2030,0,2862,278,1630,149,1165,0,980,0,748,167
2021-03-02,12424,2085,5020,1158,3010,980,2862,0,1920,290,1165,0,1173,193,985,237
2021-03-03,14600,2176,6676,1656,4212,1202,3519,657,2326,406,1500,335,1319,146,1238,253
2021-03-04,16805,2205,8645,1969,5409,1197,4347,828,2682,356,1970,470,1563,244,1588,350
2021-03-05,19892,3087,10907,2262,6534,1125,5546,1199,3062,380,2327,357,1759,196,1840,252
2021-03-06,19892,0,12851,1944,8008,1474,6616,1070,3455,393,2327,0,1951,192,1840,0
2021-03-07,19892,0,13578,727,8300,292,6872,256,3585,130,2327,0,1951,0,1840,0
2021-03-08,21763,1871,14422,844,8300,0,7840,968,3705,120,2327,0,1951,0,2066,226
2021-03-09,23923,2160,15494,1072,10092,1792,9289,1449,3824,119,2327,0,2157,206,2349,283
2021-03-10,27000,3077,18325,2831,11996,1904,11373,2084,4274,450,2713,386,2382,225,2684,335
2021-03-11,31313,4313,22317,3992,13989,1993,13498,2125,4871,597,3255,542,2687,305,3070,386
2021-03-12,31313,0,25948,3631,16120,2131,15952,2454,5822,951,3667,412,3025,338,3262,192
2021-03-13,36820,5507,30298,4350,18411,2291,17692,1740,6590,768,3667,0,3363,338,3519,257
2021-03-14,36820,0,31202,904,18705,294,18391,699,7124,534,3667,0,3363,0,3519,0
2021-03-15,37553,733,31808,606,18705,0,18948,557,7272,148,3853,186,3363,0,3519,0
2021-03-16,41444,3891,35282,3474,21861,3156,20550,1602,8300,1028,4616,763,3869,506,3715,196
2021-03-17,46820,5376,38948,3666,25173,3312,22944,2394,9831,1531,5765,1149,4373,504,4096,381
2021-03-18,51607,4787,42989,4041,28533,3360,25503,2559,11362,1531,6715,950,4875,502,4473,377
2021-03-19,51607,0,47731,4742,32527,3994,28134,2631,12961,1599,7631,916,5379,504,4784,311
2021-03-20,51607,0,52283,4552,36704,4177,30571,2437,14051,1090,7631,0,5901,522,5083,299
2021-03-21,51607,0,53681,1398,37002,298,31512,941,14365,314,7631,0,5901,0,5083,0
2021-03-22,79736,13277,68730,1342,49231,0,36052,603,21318,551,11335,414,9732,633,5826,0
2021-03-23,87795,8059,73216,4486,53099,3868,38441,2389,22641,1323,12133,798,10182,450,6114,288
2021-03-24,87795,0,77601,4385,57297,4198,40627,2186,24153,1512,13144,1011,10711,529,6422,308
2021-03-25,87795,0,83299,5698,61691,4394,43196,2569,25657,1504,14297,1153,11233,522,6929,507
2021-03-26,104048,16253,89333,6034,66122,4431,45602,2406,27234,1577,16522,721,11761,528,7321,392
2021-03-27,111125,7077,94405,5072,70668,4546,47985,2383,28674,1440,16522,0,12294,533,7654,333
2021-03-28,111125,0,97917,3512,71159,491,48479,494,28899,225,16522,0,12627,333,7654,0
2021-03-29,111125,0,99989,2072,71355,196,49028,549,29189,290,17885,1363,12944,317,7770,116
2021-03-30,114852,3727,106472,6483,77358,6003,51638,2610,30547,1358,18544,659,13479,535,8107,337
2021-03-31,150000,0,112772,6300,84171,6813,54668,3030,31937,1390,19871,1327,14017,538,8532,425
2021-04-01,167389,17389,121229,8457,91763,7592,57419,2751,33425,1488,19871,0,14559,542,9020,488
2021-04-02,174345,6956,128784,7555,99449,7686,60274,2855,34739,1314,19871,0,14559,0,9390,370
2021-04-03,175195,850,129694,910,100477,1028,60586,312,35016,277,19871,0,15628,1069,9390,0
2021-04-04,176494,1299,129941,247,100511,34,60809,223,35161,145,22305,2434,15976,348,9390,0
2021-04-05,176526,32,130384,443,100511,0,60955,146,35335,174,22305,0,16308,332,9390,0
2021-04-06,177339,813,131407,1023,101579,1068,61401,446,35757,422,22305,0,16972,664,9460,70
2021-04-07,184323,6984,137466,6059,106991,5412,63702,2301,37137,1380,22305,0,17643,671,9771,311
2021-04-08,290835,6228,241442,5778,204991,5536,106357,2532,74445,1900,37183,2308,27694,689,13267,572
2021-04-09,316187,25352,261050,19608,222884,17893,113531,7174,80497,6052,40196,3013,29049,1355,14117,850
2021-04-10,335270,19083,274306,13256,235734,12850,118673,5142,86580,6083,42988,2792,30349,1300,14966,849
2021-04-11,342315,7045,281714,7408,240995,5261,121718,3045,88589,2009,44886,1898,31351,1002,15000,34
2021-04-12,344318,2003,285242,3528,243254,2259,122772,1054,89762,1173,45555,669,32373,1022,15026,26
2021-04-13,361906,17588,298336,13094,254740,11486,128591,5819,94304,4542,47368,1813,33757,1384,15679,653
2021-04-14,382687,20781,312718,14382,266103,11363,134000,5409,99037,4733,49681,2313,34968,1211,16478,799
2021-04-15,403138,20451,327299,14581,279116,13013,139686,5686,105120,6083,51814,2133,36295,1327,17197,719
2021-04-16,422480,19342,341481,14182,291966,12850,145210,5524,110105,4985,54085,2271,37438,1143,17812,615
2021-04-17,440396,17916,354490,13009,302123,10157,150316,5106,114532,4427,55655,1570,38486,1048,18560,748
2021-04-18,447239,6843,359773,5283,305707,3584,152938,2622,116268,1736,56765,1110,39615,1129,18607,47
2021-04-19,468824,2169,378550,3269,340554,995,163999,781,119102,768,56800,372,39983,704,18744,26
2021-04-20,488757,19933,395255,16705,353927,13373,171221,7222,124380,5278,58706,1906,41716,1733,19324,580
2021-04-21,509499,20742,410329,15074,367092,13165,177991,6770,129219,4839,60820,2130,43179,1463,19978,654
2021-04-22,530891,21392,427266,16937,380702,13610,184432,6441,134182,4963,63004,2184,44394,1215,20827,849
2021-04-23,550342,19451,446451,19185,396676,15974,190610,6178,139034,4852,65305,2301,45442,1048,21741,914
2021-04-24,568181,17839,459846,13395,409564,12888,197179,6569,143378,4344,66721,1416,46787,1345,22391,650
2021-04-25,573892,5711,466222,6376,412925,3361,199223,2044,144254,876,67462,741,47701,914,22398,7
2021-04-26,574417,525,467331,1109,413242,317,199741,518,144539,285,67613,151,48204,503,22398,0
2021-04-27,588050,13633,479185,11854,414776,1534,201378,1637,145483,944,69186,1573,48855,651,22424,26
2021-04-28,604810,16760,496380,17195,427172,12396,207416,6038,149640,4157,71040,1854,50158,1303,22928,504
2021-04-29,630218,25408,516869,20489,444065,16893,216384,8968,155478,5838,73597,2557,52062,1904,23612,684
2021-04-30,649898,19680,533674,16805,458425,14360,223689,7305,160798,5320,75483,1886,53253,1191,24324,712
2021-05-01,667243,17345,546177,12503,469400,10975,230229,6540,165372,4574,76953,1470,54389,1136,25081,757
2021-05-02,672362,5119,551141,4964,472629,3229,233040,2811,166950,1578,77752,799,55099,710,25101,20
2021-05-03,673278,916,553422,2281,473522,893,234312,1272,167476,526,77971,219,55483,384,25151,50
2021-05-04,691136,17858,572577,19155,475570,2048,242514,8202,172408,4932,80652,2681,57235,1752,24877,0
2021-05-05,713270,22134,596444,23867,490527,14957,250715,8201,177984,5576,82905,2253,58833,1598,25636,759
2021-05-06,735153,21883,618981,22537,505559,15032,258935,8220,183785,5801,84272,1367,60247,1414,26597,961
2021-05-07,757224,22071,643545,24564,521357,15798,267409,8474,189465,5680,86116,1844,61710,1463,27705,1108
2021-05-08,778812,21588,662073,18528,536187,14830,275020,7611,195350,5885,88403,2287,63346,1636,28534,829
2021-05-09,786154,7342,670029,7956,539468,3281,278690,3670,197191,1841,89699,1296,64467,1121,28640,106
2021-05-10,787274,1120,673242,3213,541260,1792,280109,1419,197811,620,89806,107,65043,576,28676,36
2021-05-11,808251,20977,695286,22044,553579,12319,288024,7915,202578,4767,91764,1958,66950,1907,29675,999
2021-05-12,833095,24844,715055,19769,567934,14355,295784,7760,207827,5249,93872,2108,68229,1279,30690,1015
2021-05-13,859246,26151,738448,23393,582377,14443,303284,7500,214310,6483,95763,1891,69661,1432,31681,991
2021-05-14,889531,30285,760343,21895,596208,13831,311652,8368,220148,5838,98132,2369,71176,1515,33454,1773
2021-05-15,913632,24101,780297,19954,609461,13253,319436,7784,226302,6154,100366,2234,72695,1519,34608,1154
2021-05-16,926242,12610,787964,7667,612540,3079,323565,4129,228435,2133,101590,1224,73980,1285,34868,260
2021-05-17,927464,1222,792334,4370,613831,1291,325733,2168,229134,699,102041,451,74630,650,34970,102
2021-05-18,955808,28344,816551,24217,626402,12571,333814,8081,233985,4851,104542,2501,76288,1658,35934,964
2021-05-19,986706,30898,841713,25162,640931,14529,342472,8658,242975,8990,108658,4116,78050,1762,37349,1415
2021-05-20,1018478,31772,866674,24961,656156,15225,351457,8985,250026,7051,110162,1504,79948,1898,38827,1478
2021-05-21,1052533,34055,893227,26553,673729,17573,361710,10253,257411,7385,112357,2195,81821,1873,40086,1259
2021-05-22,1084427,31894,914968,21741,688793,15064,370558,8848,263602,6191,115761,3404,83411,1590,40975,889
2021-05-23,1097515,13088,924143,9175,692941,4148,375458,4900,265947,2345,118205,2444,84715,1304,41040,65
2021-05-24,1099290,1775,929107,4964,694306,1365,377198,1740,267172,1225,119347,1142,85307,592,41326,286
2021-05-25,1128802,29512,940531,20684,710577,16271,386687,9489,272612,5440,121526,2293,87738,2431,42149,823
2021-05-26,1162768,33966,971029,30498,729107,18530,395921,9234,279195,6583,124144,2618,89373,1635,43743,1594
2021-05-27,1198685,35917,1001455,30426,749347,20240,406913,10992,286668,7473,126999,2855,91238,1865,45363,1620
2021-05-28,1236255,37570,1042844,41389,771016,21669,417672,10759,294386,7718,129451,2452,93258,2020,46657,1313
2021-05-29,1272007,35752,1086302,43458,790062,19046,428327,10655,301876,7490,131958,2507,95446,2188,47171,514
2021-05-30,1287975,15968,1113750,27496,794643,5250,433916,5589,304657,2835,134242,2284,96535,1089,47181,10
2021-05-31,1289964,1989,1134659,20909,795973,1330,436609,2693,305878,1221,134462,220,97435,900,48620,1439
2021-06-01,1325438,35474,1175048,40389,815102,19129,446840,10231,313097,7219,138902,4440,98247,812,50065,1445
2021-06-02,1363217,37779,1226224,51176,839336,24234,457069,10229,321176,8079,141919,3017,100579,2332,51924,1859
2021-06-03,1403595,40378,1276934,50710,862848,23512,467681,10612,330679,9503,144682,2763,102566,1987,53718,1794
2021-06-04,1445317,41722,1325149,48215,889018,26170,479137,11456,340080,9401,146472,1790,105342,2776,55847,2129
2021-06-05,1481291,35974,1377251,52102,914218,25200,489985,10848,349599,9519,150233,3761,107737,2395,57293,1446
2021-06-06,1498063,16772,1419616,42365,928783,14565,495799,5814,353788,4189,152832,2599,110000,2263,57471,178
2021-06-07,1500798,2735,1462197,42581,937001,8218,497524,1725,355734,1946,154220,1388,111193,1193,57746,275
2021-06-08,1537074,36276,1511464,49267,959957,22956,499346,1822,365055,9321,157650,3430,114048,2855,59383,1637
2021-06-09,1576558,39484,1558724,47260,985644,25687,508994,9648,375722,10667,161559,3909,116391,2343,61270,1887
2021-06-10,1614475,37917,1610071,51347,1011863,26219,519299,10305,385817,10095,164063,2504,118740,2349,63342,2072
2021-06-11,1655779,41304,1660708,50637,1040325,28462,531912,12613,398360,12543,167300,3237,121274,2534,65350,2008
2021-06-12,1692108,36329,1704590,43882,1064777,24452,543217,11305,407613,9253,170674,3374,123772,2498,67173,1823
2021-06-13,1705106,12998,1727812,23222,1075302,10525,549862,6645,411561,3948,172355,1681,125549,1777,67199,26
2021-06-14,1706311,1205,1745247,17435,1081007,5705,553451,3589,414209,2648,172975,620,126820,1271,67279,80
2021-06-15,1720334,14023,1755849,10602,1105902,24895,562670,9219,416661,2452,173269,294,128118,1298,68442,1163
2021-06-16,1760768,40434,1806942,51093,1136578,30676,573296,10626,427703,11042,177139,3870,131278,3160,69616,1612
2021-06-17,1800225,39971,1847405,40463,1163631,29271,584444,11148,437650,10197,180036,2897,134045,2767,71894,2278
2021-06-18,1842016,41791,1887523,40118,1193777,30146,594777,10333,448818,11168,183148,3112,136444,2399,74163,2269
2021-06-19,1879512,37496,1924185,36662,1222158,28381,605006,10229,458416,9598,186779,3631,138625,2181,76795,2632
2021-06-20,1896789,17277,1942567,18382,1234729,12571,610836,5830,463838,5422,189815,3036,140324,1699,77131,336
2021-06-21,1899138,2349,1955144,12577,1242749,8020,615336,4500,467172,3334,192048,2233,142014,1690,77140,9
2021-06-22,1936373,37235,1991642,36498,1267076,24327,625330,9994,480236,13064,195422,3374,144087,2073,79218,2078
2021-06-23,1975662,39289,2032703,41061,1296612,29536,637360,12030,490932,10696,199227,3805,146278,2191,81502,2284
2021-06-24,2015389,39727,2071004,38301,1326479,29867,649805,12445,501920,10988,202933,3706,148226,1948,83442,1940
2021-06-25,2058395,43006,2106734,35730,1356288,29809,660353,10548,513151,11231,206483,3550,150541,2315,85687,2245
2021-06-26,2094275,35880,2140468,33734,1381602,25314,669818,9465,522789,9638,208907,2424,152787,2246,86959,1272
2021-06-27,2114523,20248,2158147,17679,1395997,14395,676108,6290,528106,5317,211874,2967,154346,1559,87219,260
2021-06-28,2127175,12652,2172874,14727,1404194,8197,681791,5683,531746,3640,213575,1701,155749,1403,87562,343
2021-06-29,2165270,38095,2212364,39490,1428153,23959,691433,9642,540128,8382,216149,2574,157952,2203,89251,1689
2021-06-30,2211280,46010,2247466,35102,1460704,32551,705080,13647,550281,10153,219376,3227,160469,2517,90929,1678
2021-07-01,2259743,48463,2286094,38628,1499468,38764,719784,14704,561890,11609,222969,3593,163259,2790,93768,2839
2021-07-02,2312628,52885,2323557,37463,1538031,38563,733211,13427,574362,12472,226413,3444,165985,2726,95966,2198
2021-07-03,2362111,49483,2360411,36854,1569862,31831,747312,14101,585487,11125,229802,3389,168783,2798,97881,1915
2021-07-04,2388405,26294,2379795,19384,1584163,14301,755728,8416,591399,5912,232839,3037,170991,2208,98047,166
2021-07-05,2405852,17447,2394238,14443,1590602,6439,762393,6665,595722,4323,234460,1621,173113,2122,99093,1046
2021-07-06,2453560,47708,2435641,41403,1617964,27362,774361,11968,605775,10053,237982,3522,175783,2670,101125,2032
2021-07-07,2505554,51994,2479835,44194,1651744,33780,789098,14737,617254,11479,241909,3927,178675,2892,103597,2472
2021-07-08,2556204,50650,2503939,24104,1687906,36162,803189,14091,623520,6266,244851,2942,181034,2359,106156,2559
2021-07-09,2612157,55953,2538226,34287,1722297,34391,817334,14145,640258,16738,248709,3858,184104,3070,108487,2331
2021-07-10,2663160,51003,2570140,31914,1752258,29961,830225,12891,650393,10135,251353,2644,186684,2580,109859,1372
2021-07-11,2692223,29063,2590328,20188,1766217,13959,839282,9057,656446,6053,253951,2598,189110,2426,110412,553
2021-07-12,2708148,15925,2605120,14792,1772830,6613,845675,6393,660535,4089,256089,2138,191006,1896,110414,2
2021-07-13,2763146,54998,2645161,40041,1800895,28065,857559,11884,670656,10121,259588,3499,194030,3024,112991,2577
2021-07-14,2826601,63455,2677576,32415,1835564,34669,872330,14771,682153,11497,262737,3149,197016,2986,115168,2177
2021-07-15,2885109,58508,2713151,35575,1868999,33435,886969,14639,694463,12310,265908,3171,199653,2637,117555,2387
2021-07-16,2951810,66701,2750741,37590,1904850,35851,901260,14291,705922,11459,269522,3614,202473,2820,120231,2676
2021-07-17,3014454,62644,2789969,39228,1933767,28917,914883,13623,717255,11333,273000,3478,205229,2756,122189,1958
2021-07-18,3051027,36573,2814826,24857,1948665,14898,923826,8943,723668,6413,275697,2697,207393,2164,122344,155
2021-07-19,3071491,20464,2831570,16744,1954201,5536,930764,6938,728716,5048,277290,1593,208763,1370,122738,394
2021-07-20,3136532,65041,2877099,45529,1979964,25763,944336,13572,738647,9931,281650,4360,212475,3712,124741,2003
2021-07-21,3203383,66851,2914350,37251,2013169,33205,960030,15694,751296,12649,285057,3407,215416,2941,127332,2591
2021-07-22,3268288,64905,2960809,46459,2045305,32136,977421,17391,765579,14283,288545,3488,218972,3556,129644,2312
2021-07-23,3343940,75652,3008312,47503,2078672,33367,994076,16655,779059,14038,292616,4071,222603,3631,131715,2071
2021-07-24,3414132,70192,3052491,44179,2109763,31091,1009365,15289,792104,13045,296597,3981,226124,3521,132259,544
2021-07-25,3454832,40700,3080933,28442,2124211,14448,1019270,9905,799665,7561,299229,2632,229226,3102,133145,886
2021-07-26,3478281,23449,3102461,21528,2131097,6886,1028145,8875,805033,5368,301471,2242,231454,2228,133505,360
2021-07-27,3549677,71396,3150802,48341,2158284,27187,1044612,16467,816929,11896,305117,3646,235789,4335,135574,2069
2021-07-28,3626604,76927,3193925,43123,2192459,34175,1063108,18496,830905,13976,309408,4291,239611,3822,137746,2172
2021-07-29,3705923,79319,3237528,43603,2227195,34736,1083196,20088,844675,13770,313063,3655,243279,3668,140377,2631
2021-07-30,3789560,83637,3283466,45938,2262980,35785,1103588,20392,858606,13931,317688,4625,247173,3894,142917,2540
2021-07-31,3871780,82220,3328746,45280,2296677,33697,1121991,18403,871282,12676,319801,2113,250901,3728,145506,2589
2021-08-01,3917611,45831,3357034,28288,2310240,13563,1133761,11770,877541,6259,320995,1194,254426,3525,146119,613
2021-08-02,3943499,25888,3376541,19507,2318381,8141,1143288,9527,881935,4394,326483,5488,257403,2977,146363,244
2021-08-03,4028122,84623,3421777,45236,2353085,34704,1159230,15942,894547,12612,329781,3298,261094,3691,146815,452
2021-08-04,4112667,84545,3463544,41767,2397360,44275,1178096,18866,907933,13386,334710,4929,264881,3787,149207,2392
2021-08-05,4196287,83620,3509483,45939,2444845,47485,1197753,19657,923067,15134,337499,2789,268931,4050,152392,3185
2021-08-06,4289913,93626,3558221,48738,2494802,49957,1219325,21572,936641,13574,342993,5494,272817,3886,155584,3192
2021-08-07,4379412,89499,3608336,50115,2540849,46047,1238682,19357,949738,13097,344523,1530,277030,4213,157785,2201
2021-08-08,4437729,58317,3640779,32443,2563018,22169,1251862,13180,958065,8327,345908,1385,280057,3027,159162,1377
2021-08-09,4463212,25483,3666004,25225,2574040,11022,1261320,9458,963579,5514,351907,5999,283635,3578,159449,287
2021-08-10,4561456,98244,3723540,57536,2611978,37938,1279264,17944,976374,12795,356270,4363,287448,3813,161715,2266
2021-08-11,4668048,106592,3779009,55469,2659429,48116,1299320,20056,991636,15262,360965,4695,291384,3936,164218,2503
2021-08-12,4773112,105064,3840615,61606,2706120,46691,1321442,22122,1007035,15399,365219,4254,295652,4268,167128,2910
2021-08-13,4879443,106331,3904881,64266,2754935,48815,1343902,22460,1023217,16182,371155,5936,299852,4200,169836,2708
2021-08-14,4985038,105595,3970074,65193,2801356,46421,1365306,21404,1037534,14317,375422,4267,304831,4979,172462,2626
2021-08-15,5050672,65634,4012922,42848,2826160,24804,1379349,14043,1045604,8070,378739,3317,308904,4073,172849,387
2021-08-16,5170324,47864,3981941,29137,2837758,16717,1394495,11298,1040250,5015,379599,2115,356518,3024,178041,464
2021-08-17,5276446,106122,4061751,79810,2876133,38375,1419617,25122,1054392,14142,383701,4102,366464,9946,179887,1846
2021-08-18,5385996,109550,4125491,63740,2921725,45592,1443442,23825,1070054,15662,388483,4782,374592,8128,182477,2590
2021-08-19,5518435,132439,4194225,68734,2971842,50117,1472445,29003,1087147,17093,393152,4669,378117,3525,185907,3430
2021-08-20,5639016,120581,4264873,70648,3019057,47215,1500949,28504,1103513,16366,398951,5799,388930,10813,189285,3378
2021-08-21,5766280,127264,4335571,70698,3070343,51286,1526517,25568,1120467,16954,403462,4511,400285,11355,192173,2888
2021-08-22,5845663,79383,4385028,49457,3101250,30907,1545499,18982,1130060,9593,407406,3944,402639,2354,193554,1381
2021-08-23,5905429,59766,4420162,35134,3120611,19361,1561013,15514,1135674,5614,409540,2134,404130,1491,194095,541
2021-08-24,6030074,124645,4488144,67982,3156625,36014,1585766,24753,1150816,15142,414063,4523,419300,15170,195808,1713
2021-08-25,6160858,130784,4562243,74099,3203908,47283,1613472,27706,1167534,16718,419038,4975,422541,3241,198193,2385
2021-08-26,6303835,142977,4641562,79319,3256849,52941,1640419,26947,1185898,18364,424531,5493,429092,6551,201021,2828
2021-08-27,6442295,138460,4692544,80582,3311638,54789,1668046,27627,1203284,17386,430077,5546,438531,9439,203882,2861
2021-08-28,6580989,138694,4766482,73938,3358948,47310,1696090,28044,1220040,16756,435371,5294,442582,4051,206125,2243
2021-08-29,6649399,68410,4852288,85806,3389617,30669,1713949,17859,1229848,9808,440085,4714,444582,2000,207545,1420
2021-08-30,6721343,71944,4892786,40498,3410142,20525,1727938,13989,1236435,6587,443001,2916,446067,1485,208029,484
2021-08-31,6869640,153556,4934476,72720,3444758,36645,1750227,22289,1250903,14468,448160,5162,454575,8524,209927,1903
2021-09-01,6990810,121170,5039494,77360,3491117,46359,1774772,24545,1267807,16904,454505,6345,466621,12046,212372,2445
2021-09-02,7130724,139914,5121177,81683,3540050,48933,1801774,27002,1284780,16973,460401,5896,474010,7389,215168,2796
2021-09-03,7245450,114726,5199809,78632,3589800,49750,1828813,27039,1302917,18137,465890,5489,479342,5332,217462,2294
2021-09-04,7374708,129258,5279160,79351,3636463,46663,1853279,24466,1320741,17824,471297,5407,486390,7048,219720,2258
2021-09-05,7469406,94698,5330721,51561,3667531,31068,1870753,17474,1330093,9352,475347,4050,490820,4430,220682,962
2021-09-06,7517457,48051,5366578,35857,3688014,20483,1883528,12775,1336759,6666,477540,2193,494655,3835,221458,776
2021-09-07,7614612,97155,5440138,73560,3724991,36977,1907622,24094,1351041,14282,480742,3202,502505,7850,223284,1826
2021-09-08,7722067,107455,5523187,83049,3772194,47203,1932916,25294,1367833,16792,485017,4275,510461,7956,225911,2627
2021-09-09,7836130,114063,5608792,85605,3822564,50370,1959390,26474,1387462,19629,491056,6039,516970,6509,228590,2679
2021-09-10,7957312,121182,5695690,86898,3872434,49870,1986073,26683,1406038,18576,497610,6554,523391,6421,231463,2873
2021-09-11,8076292,118980,5776635,80945,3922389,49955,2009846,23773,1422422,16384,501812,4202,530124,6733,234043,2580
2021-09-12,8140417,64125,5836317,59682,3957189,34800,2026027,16181,1432263,9841,506472,4660,535603,5479,235084,1041
2021-09-13,8177988,37571,5881075,44758,3980510,23321,2039416,13389,1439865,7602,506654,182,541271,5668,235794,710
2021-09-14,8293740,115752,5952088,71013,4017544,37034,2060040,20624,1456408,16543,513811,7157,547214,5943,237904,2110
2021-09-15,8397217,103477,6029086,76998,4062693,45149,2082761,22721,1472923,16515,520442,6631,557808,10594,239810,1906
2021-09-16,8555561,118123,6130661,81640,4125703,49795,2109125,26364,1492154,17748,526925,5309,566678,7264,245115,2531
2021-09-17,8662819,107258,6217664,87003,4177748,52045,2132901,23776,1508852,16698,532859,5934,573770,7092,247450,2335
2021-09-18,8803283,140464,6308276,90612,4228916,51168,2155680,22779,1526380,17528,538128,5269,581723,7953,250052,2602
2021-09-19,8884534,81251,6378585,70309,4265436,36520,2171736,16056,1537040,10660,543000,4872,587983,6260,251160,1108
2021-09-20,8930667,46133,6433172,54587,4306003,40567,2185191,13455,1545604,8564,546049,3049,593294,5311,252074,914
2021-09-21,9057367,126700,6521572,88400,4359871,53868,2207465,22274,1561320,15716,551366,5317,600487,7193,253774,1700
2021-09-22,9186871,129504,6614096,92524,4408016,48145,2232710,25245,1578880,17560,556546,5180,612275,11788,255838,2064
2021-09-23,9312486,125615,6710394,96298,4461548,53532,2258301,25591,1597484,18604,563831,7285,620191,7916,258282,2444
2021-09-24,9439214,126728,6812272,101878,4519251,57703,2284878,26577,1615405,17921,569583,5752,628964,8773,260746,2464
2021-09-25,9579725,140511,6873002,60730,4570657,51406,2310144,25266,1632535,17130,574758,5175,637335,8371,263432,2686
2021-09-26,9665303,85578,6932693,59691,4605622,34965,2324519,14375,1643908,11373,579355,4597,645227,7892,264334,902
2021-09-27,9705842,40539,6982207,49514,4632371,26749,2335467,10948,1652188,8280,581818,2463,651381,6154,265069,735
2021-09-28,9833697,127855,7073499,91292,4675079,42708,2344901,9434,1669530,17342,586402,4584,660057,8676,266601,1532
2021-09-29,9962821,129124,7163565,90066,4726759,51680,2370640,25739,1687128,17598,591258,4856,671451,11394,268074,1473
2021-09-30,10077159,114338,7248276,84711,4778597,51838,2397174,26534,1705268,18140,596061,4803,677600,6149,270366,2292
2021-10-01,10198922,121763,7342535,94259,4837505,58908,2425534,28360,1723737,18469,602909,6848,688080,10480,272408,2042
2021-10-02,10323361,124439,7433985,91450,4892020,54515,2450959,25425,1741165,17428,606793,3884,696874,8794,274190,1782
2021-10-03,10387545,64184,7506183,72198,4927434,35414,2469969,19010,1751598,10433,608473,1680,704456,7582,275078,888
2021-10-04,10417307,29762,7556200,50017,4954523,27089,2485296,15327,1760269,8671,609278,805,710686,6230,275714,636
2021-10-05,10439459,22152,7652537,96337,4973774,19251,2509790,24494,1767376,7107,619326,10048,715531,4845,277222,1508
2021-10-06,10579684,140225,7748137,95600,5024572,50798,2536309,26519,1787693,20317,624391,5065,726607,11076,278478,1256
2021-10-07,10699666,119982,7844385,96248,5081978,57406,2563237,26928,1808113,20420,629728,5337,734989,8382,280334,1856
2021-10-08,10815590,115924,7939686,95301,5139008,57030,2590967,27730,1827995,19882,634396,4668,743329,8340,282080,1746
2021-10-09,10937104,121514,8037439,97753,5190161,51153,2619175,28208,1847065,19070,639476,5080,749863,6534,284067,1987
2021-10-10,11012744,75640,8118413,80974,5226727,36566,2638818,19643,1859448,12383,643808,4332,756059,6196,284740,673
2021-10-11,11055061,42317,8175899,57486,5261080,34353,2652724,13906,1868871,9423,647591,3783,760548,4489,285073,333
2021-10-12,11173538,118477,8266941,91042,5310715,49635,2677377,24653,1886422,17551,651854,4263,767058,6510,286577,1504
2021-10-13,11297922,124384,8364244,97303,5364073,53358,2705016,27639,1906103,19681,657574,5720,775567,8509,288110,1533
2021-10-14,11410857,112935,8461861,97617,5411411,47338,2733698,28682,1925229,19126,663722,6148,782358,6791,290246,2136
2021-10-15,11512979,102122,8561187,99326,5463034,51623,2761126,27428,1943749,18520,670360,6638,789830,7472,292476,2230
2021-10-16,11609224,96245,8660380,99193,5509097,46063,2789430,28304,1961285,17536,675411,5051,796801,6971,294807,2331
2021-10-17,11658338,49114,8737605,77225,5538654,29557,2807448,18018,1972963,11678,680210,4799,803189,6388,295712,905
2021-10-18,11699455,41117,8793444,55839,5565755,27101,2825000,17552,1981978,9015,683857,3647,808136,4947,296300,588
2021-10-19,11781113,81658,8893738,100294,5608691,42936,2846028,21028,2000010,18032,689990,6133,816238,8102,298490,2190
2021-10-20,11854499,73386,8995328,101590,5654715,46024,2868886,22858,2017764,17754,696790,6800,823438,7200,300750,2260
2021-10-21,11924554,70055,9093905,98577,5706265,51550,2892694,23808,2035423,17659,703014,6224,830532,7094,303098,2348
2021-10-22,11993468,68914,9195931,102026,5756634,50369,2920047,27353,2052656,17233,707609,4595,838497,7965,305479,2381
2021-10-23,12060181,66713,9295489,99558,5808992,52358,2945504,25457,2068661,16005,711908,4299,845908,7411,307539,2060
2021-10-24,12099297,39116,9372914,77425,5842465,33473,2964850,19346,2082875,14214,715403,3495,852293,6385,308382,843
2021-10-25,12114895,15598,9421011,48097,5878029,35564,2976507,11657,2092321,9446,717621,2218,855730,3437,308836,454
2021-10-26,12161306,46411,9508547,87536,5925947,47918,3000632,24125,2107140,14819,721938,4317,864273,8543,310789,1953
2021-10-27,12208576,47270,9586418,77871,5974248,48301,3026103,25471,2123915,16775,726141,4203,870592,6319,312573,1784
2021-10-28,12256807,48231,9657191,70773,6022564,48316,3049472,23369,2142698,18783,730391,4250,875786,5194,314746,2173
2021-10-29,12305282,48475,9728832,71641,6075199,52635,3074925,25453,2160487,17789,734817,4426,880858,5072,316787,2041
2021-10-30,12352238,46956,9798649,69817,6115306,40107,3100052,25127,2178509,18022,738651,3834,884852,3994,318877,2090
2021-10-31,12377745,25507,9850522,51873,6144165,28859,3118062,18010,2190507,11998,741572,2921,887878,3026,319516,639
2021-11-01,12388972,11227,9877332,26810,6168639,24474,3128267,10205,2198585,8078,744681,3109,889465,1587,319790,274
2021-11-02,12427677,38705,9936404,59072,6211782,43143,3150421,22154,2214083,15498,747231,2550,892833,3368,321615,1825
2021-11-03,12470684,43007,9953423,17019,6253543,41761,3169632,19211,2228817,14734,751281,4050,898820,5987,323255,1640
2021-11-04,12510509,39825,10012528,59105,6293712,40169,3185161,15529,2245362,16545,756082,4801,902455,3635,325414,2159
2021-11-05,12546950,36441,10069570,57042,6332376,38664,3208440,23279,2261973,16611,760059,3977,906082,3627,327606,2192
2021-11-06,12584827,37877,10124084,54514,6372549,40173,3236280,27840,2278721,16748,764557,4498,909396,3314,332113,4507
2021-11-07,12600216,15389,10156138,32054,6394027,21478,3253068,16788,2289946,11225,768476,3919,911319,1923,334221,2108
2021-11-08,12606343,6127,10171771,15633,6414407,20380,3264412,11344,2297946,8000,770848,2372,912806,1487,335304,1083
2021-11-09,12636451,30108,10213752,41981,6449037,34630,3286351,21939,2312676,14730,774970,4122,915716,2910,339422,4118
2021-11-10,12664241,27790,10252230,38478,6484734,35697,3305721,19370,2326706,14030,780892,5922,920222,4506,343053,3631
2021-11-11,12689476,25235,10289435,37205,6531023,46289,3325889,20168,2341391,14685,784965,4073,923168,2946,346585,3532
2021-11-12,12714183,24707,10326790,37355,6584815,53792,3347269,21380,2355746,14355,789082,4117,926104,2936,349946,3361
2021-11-13,12737959,23776,10365165,38375,6637966,53151,3367922,20653,2370387,14641,793184,4102,928456,2352,353125,3179
2021-11-14,12747299,9340,10386318,21153,6669009,31043,3382179,14257,2380433,10046,795695,2511,929734,1278,354034,909
2021-11-15,12750482,3183,10395969,9651,6699748,30739,3389687,7508,2387260,6827,797962,2267,930472,738,354481,447
2021-11-16,12769631,19149,10425787,29818,6748062,48314,3410042,20355,2401195,13935,801601,3639,932993,2521,356817,2336
2021-11-17,12787441,17810,10452833,27046,6795408,47346,3430024,19982,2415922,14727,806189,4588,935487,2494,359258,2441
2021-11-18,12805178,17737,10478453,25620,6838625,43217,3448676,18652,2430439,14517,809839,3650,937844,2357,361985,2727
2021-11-19,12821258,16080,10503745,25292,6882937,44312,3468820,20144,2445385,14946,812076,2237,940146,2302,364581,2596
2021-11-20,12836690,15432,10523850,20105,6922112,39175,3488466,19646,2460812,15427,818383,6307,942230,2084,366870,2289
2021-11-21,12842546,5856,10540037,16187,6945816,23704,3500016,11550,2471885,11073,820357,1974,943273,1043,367570,700
2021-11-22,12844155,1609,10542678,2641,6951772,5956,3505964,5948,2478288,6403,820482,125,943620,347,367901,331
2021-11-23,12858357,14202,10574960,32282,7004664,52892,3525375,19411,2493900,15612,824236,3754,946141,2521,369756,1855
2021-11-24,12873503,15146,10592650,17690,7039184,34520,3543379,18004,2509097,15197,827980,3744,948535,2394,371721,1965
2021-11-25,12886538,13035,10612165,19515,7073994,34810,3560329,16950,2523145,14048,831506,3526,950566,2031,373700,1979
2021-11-26,12900336,13798,10632643,20478,7106075,32081,3577905,17576,2537335,14190,835386,3880,952623,2057,375548,1848
2021-11-27,12914562,14226,10652938,20295,7138279,32204,3595677,17772,2549853,12518,838717,3331,954503,1880,377704,2156
2021-11-28,12919501,4939,10661115,8177,7154657,16378,3606036,10359,2558537,8684,840428,1711,955170,667,378398,694
2021-11-29,12921201,1700,10664601,3486,7168341,13684,3612362,6326,2563363,4826,842144,1716,955850,680,378744,346
2021-11-30,12934914,13713,10681153,16552,7196060,27719,3631147,18785,2575294,11931,844738,2594,957776,1926,380771,2027
2021-12-01,12948843,13929,10695099,13946,7223572,27512,3649502,18355,2586810,11516,847582,2844,960008,2232,382625,1854
2021-12-02,12962486,13643,10709919,14820,7253938,30366,3666053,16551,2597668,10858,850260,2678,961780,1772,384745,2120
2021-12-03,12977199,14713,10725284,15365,7289558,35620,3682329,16276,2607866,10198,853433,3173,963795,2015,386469,1724
2021-12-04,12993407,16208,10740802,15518,7322649,33091,3698816,16487,2618015,10149,856676,3243,965755,1960,388228,1759
2021-12-05,12998858,5451,10747953,7151,7341520,18871,3708138,9322,2623996,5981,857465,789,966627,872,388803,575
2021-12-06,13000675,1817,10751059,3106,7356778,15258,3713031,4893,2627267,3271,859014,1549,967198,571,388949,146
2021-12-07,13015133,14458,10764263,13204,7386573,29795,3727629,14598,2635984,8717,861186,2172,969746,2548,390327,1378
2021-12-08,13029027,13894,10776363,12100,7419628,33055,3740912,13283,2645125,9141,864536,3350,971897,2151,391770,1443
2021-12-09,13043445,14418,10789666,13303,7456955,37327,3754101,13189,2655158,10033,867536,3000,974123,2226,393498,1728
2021-12-10,13058642,15197,10803253,13587,7493594,36639,3767535,13434,2664551,9393,872237,4701,976306,2183,395056,1558
2021-12-11,13075717,17075,10817486,14233,7518949,25355,3780329,12794,2673694,9143,876215,3978,978558,2252,396609,1553
2021-12-12,13083075,7358,10824278,6792,7537756,18807,3788412,8083,2679002,5308,877869,1654,979528,970,396974,365
2021-12-13,13086155,3080,10829393,5115,7542412,4656,3792857,4445,2682633,3631,878896,1027,980218,690,397233,259
2021-12-14,13115209,29054,10855641,26248,7604821,62409,3809326,16469,2694730,12097,881253,2357,983695,3477,398886,1653
2021-12-15,13150881,35672,10886515,30874,7657016,52195,3827972,18646,2708507,13777,884369,3116,989677,5982,400539,1653
2021-12-16,13194149,43268,10922708,36193,7712811,55795,3848107,20135,2724109,15602,890683,6314,993517,3840,402806,2267
2021-12-17,13242009,47860,10962348,39640,7775816,63005,3868928,20821,2739944,15835,895933,5250,997733,4216,405049,2243
2021-12-18,13296286,54277,11004195,41847,7842436,66620,3890079,21151,2754525,14581,900122,4189,1002093,4360,407177,2128
2021-12-19,13323798,27512,11022565,18370,7877589,35153,3900785,10706,2762641,8116,902251,2129,1004996,2903,407691,514
2021-12-20,13337536,13738,11032378,9813,7899467,21878,3906932,6147,2768459,5818,905918,3667,1007085,2089,408114,423
2021-12-21,13389445,51909,11076979,44601,7949200,49733,3929242,22310,2783206,14747,910583,4665,1011887,4802,410089,1975
2021-12-22,13444529,55084,11124558,47579,8002861,53661,3951054,21812,2798770,15564,916490,5907,1017544,5657,412154,2065
2021-12-23,13504770,60241,11174152,49594,8057588,54727,3974168,23114,2813941,15171,921823,5333,1022902,5358,414523,2369
2021-12-24,13559946,55176,11217189,43037,8104932,47344,3996127,21959,2826322,12381,927530,5707,1028233,5331,416517,1994
2021-12-25,13559946,0,11217189,0,8104932,0,3996127,0,2826322,0,927530,0,1028233,0,416517,0
2021-12-26,13559946,0,11217189,0,8104932,0,3996127,0,2826322,0,927530,0,1028233,0,416517,0
2021-12-27,13604683,44737,11241408,24219,8142308,37376,4015250,19123,2835375,9053,931034,3504,1033195,4962,417815,1298
2021-12-28,13612604,7921,11247055,5647,8146157,3849,4023826,8576,2839325,3950,931389,355,1033717,522,418154,339
2021-12-29,13621571,8967,11252128,5073,8153596,7439,4033077,9251,2844524,5199,931765,376,1034527,810,418265,111
2021-12-30,13661721,40150,11281728,29600,8183024,29428,4062629,29552,2859105,14581,934023,2258,1036926,2399,419271,1006
2021-12-31,13699859,38138,11312029,30301,8223175,40151,4091426,28797,2875069,15964,937239,3216,1039335,2409,420574,1303
2022-01-01,13699859,0,11312029,0,8223175,0,4091426,0,2875069,0,937239,0,1039335,0,420574,0
2022-01-02,13699859,0,11312029,0,8223175,0,4091426,0,2875069,0,937239,0,1039335,0,420574,0
2022-01-03,13758731,58872,11340028,27999,8269435,46260,4120530,29104,2893768,18699,940782,3543,1041938,2603,421788,1214
2022-01-04,13770397,11666,11348477,8449,8276257,6822,4131022,10492,2899672,5904,941193,411,1042454,516,422061,273
2022-01-05,13824618,54221,11401280,52803,8317060,40803,4165444,34422,2920414,20742,944531,3338,1046876,4422,423807,1746
2022-01-06,13894098,69480,11462132,60852,8378134,61074,4201791,36347,2942298,21884,948742,4211,1052863,5987,426325,2518
2022-01-07,13965323,71225,11525658,63526,8440769,62635,4239628,37837,2963635,21337,956138,7396,1059637,6774,428867,2542
2022-01-08,14040845,75522,11586902,61244,8500347,59578,4277321,37693,2983575,19940,962263,6125,1065709,6072,431999,3132
2022-01-09,14088207,47362,11624659,37757,8534443,34096,4300652,23331,2995240,11665,967517,5254,1069280,3571,433100,1101
2022-01-10,14116780,28573,11648299,23640,8552797,18354,4312916,12264,3004576,9336,971500,3983,1072256,2976,433877,777
2022-01-11,14200849,84069,11718096,69797,8606005,53208,4351946,39030,3025026,20450,977565,6065,1086135,13879,437096,3219
2022-01-12,14300038,99189,11799698,81602,8678957,72952,4392094,40148,3047169,22143,984875,7310,1087190,1055,440112,3016
2022-01-13,14404691,104653,11883563,83865,8751588,72631,4433350,41256,3071339,24170,992944,8069,1095252,8062,443755,3643
2022-01-14,14508655,103964,11969053,85490,8821677,70089,4476226,42876,3095599,24260,1002019,9075,1103083,7831,447242,3487
2022-01-15,14610705,102050,12053576,84523,8890075,68398,4519243,43017,3119318,23719,1008739,6720,1110524,7441,450581,3339
2022-01-16,14668888,58183,12102240,48664,8924242,34167,4545169,25926,3133091,13773,1013343,4604,1115357,4833,451683,1102
2022-01-17,14696355,27467,12131999,29759,8947442,23200,4558876,13707,3143743,10652,1019062,5719,1119255,3898,452560,877
2022-01-18,14804102,107747,12211302,79303,9002664,55222,4602828,43952,3165952,22209,1027487,8425,1129206,9951,454755,2195
2022-01-19,14905674,101572,12288220,76918,9063410,60746,4643434,40606,3189443,23491,1033857,6370,1138296,9090,457921,3166
2022-01-20,15008190,102516,12367716,79496,9125237,61827,4687116,43682,3214372,24929,1042328,8471,1146577,8281,461527,3606
2022-01-21,15111535,103345,12462436,94720,9187878,62641,4733431,46315,3241019,26647,1049190,6862,1156105,9528,464659,3132
2022-01-22,15212316,100781,12555133,92697,9246026,58148,4774952,41521,3265428,24409,1056120,6930,1164585,8480,467647,2988
2022-01-23,15267860,55544,12614595,59462,9274331,28305,4798758,23806,3280912,15484,1058658,2538,1170118,5533,468851,1204
2022-01-24,15293210,25350,12654589,39994,9293679,19348,4813929,15171,3291663,10751,1063963,5305,1174449,4331,469778,927
2022-01-25,15392650,99440,12742368,87779,9345897,52218,4855317,41388,3314334,22671,1070863,6900,1183946,9497,472352,2574
2022-01-26,15484313,91663,12832241,89873,9402447,56550,4897583,42266,3338889,24555,1077397,6534,1193635,9689,475101,2749
2022-01-27,15495584,11271,12861478,29237,9417349,14902,4909772,12189,3346302,7413,1079979,2582,1198003,4368,475848,747
2022-01-28,15584702,89118,12942954,81476,9472620,55271,4952116,42344,3368049,21747,1085014,5035,1206178,8175,478347,2499
2022-01-29,15684421,99719,13021483,78529,9526693,54073,4993438,41322,3388799,20750,1089335,4321,1213571,7393,481061,2714
2022-01-30,15735827,51406,13071768,50285,9552273,25580,5017782,24344,3400702,11903,1094005,4670,1218197,4626,482292,1231
2022-01-31,15755021,19194,13101350,29582,9567307,15034,5031564,13782,3407810,7108,1096853,2848,1221291,3094,482939,647
2022-02-01,15828350,73329,13168998,67648,9609175,41868,5071901,40337,3425457,17647,1103026,6173,1233923,12632,485341,2402
2022-02-02,15907281,78931,13235180,66182,9654355,45180,5113624,41723,3444026,18569,1109102,6076,1241713,7790,487626,2285
2022-02-03,15976241,68960,13301486,66306,9702999,48644,5152726,39102,3462374,18348,1114718,5616,1249344,7631,489984,2358
2022-02-04,16047536,71295,13365429,63943,9747698,44699,5193869,41143,3479829,17455,1120831,6113,1256873,7529,492214,2230
2022-02-05,16113704,66168,13431810,66381,9793225,45527,5232139,38270,3496473,16644,1126521,5690,1264222,7349,494662,2448
2022-02-06,16139464,25760,13473301,41491,9812528,19303,5255505,23366,3506704,10231,1129342,2821,1268945,4723,495548,886
2022-02-07,16149327,9863,13498349,25048,9824980,12452,5268326,12821,3512667,5963,1130848,1506,1271445,2500,496113,565
2022-02-08,16208281,58954,13560095,61746,9857710,32730,5301636,33310,3526566,13899,1135121,4273,1281980,10535,497931,1818
2022-02-09,16273302,65021,13619932,59837,9893830,36120,5334384,32748,3540504,13938,1140124,5003,1288695,6715,499674,1743
2022-02-10,16332970,59668,13678869,58937,9931728,37898,5366745,32361,3554503,13999,1145209,5085,1294353,5658,501589,1915
2022-02-11,16387789,54819,13736136,57267,9965017,33289,5398901,32156,3567653,13150,1150347,5138,1299559,5206,503094,1505
2022-02-12,16442035,54246,13793556,57420,9999864,34847,5430979,32078,3581254,13601,1154850,4503,1304772,5213,505155,2061
2022-02-13,16466130,24095,13829079,35523,10014812,14948,5451250,20271,3589175,7921,1157078,2228,1308021,3249,505990,835
2022-02-14,16475815,9685,13845857,16778,10022264,7452,5461423,10173,3592817,3642,1157261,183,1309479,1458,506506,516
2022-02-15,16522419,46604,13893050,47193,10047460,25196,5488927,27504,3603286,10469,1160861,3600,1315313,5834,508048,1542
2022-02-16,16565759,43340,13936359,43309,10075153,27693,5514070,25143,3614342,11056,1165057,4196,1320789,5476,509575,1527
2022-02-17,16604324,38565,13978570,42211,10101266,26113,5539225,25155,3625447,11105,1169361,4304,1329896,9107,510950,1375
2022-02-18,16643523,39199,14018105,39535,10126818,25552,5566178,26953,3636478,11031,1172310,2949,1334828,4932,512519,1569
2022-02-19,16685205,41682,14060051,41946,10152271,25453,5592675,26497,3646601,10123,1177379,5069,1339166,4338,514221,1702
2022-02-20,16703369,18164,14086267,26216,10164437,12166,5611948,19273,3653144,6543,1179390,2011,1342119,2953,514924,703
2022-02-21,16710693,7324,14100573,14306,10169506,5069,5621683,9735,3656142,2998,1179529,139,1343751,1632,515340,416
2022-02-22,16745287,34594,14137666,37093,10190484,20978,5647860,26177,3665469,9327,1184854,5325,1351086,7335,516478,1138
2022-02-23,16779010,33723,14171827,34161,10213833,23349,5672159,24299,3674724,9255,1187783,2929,1355753,4667,517595,1117
2022-02-24,16808928,29918,14203296,31469,10234482,20649,5696885,24726,3684224,9500,1190979,3196,1360119,4366,518806,1211
2022-02-25,16838450,29522,14235238,31942,10254894,20412,5721919,25034,3693351,9127,1194269,3290,1364253,4134,520042,1236
2022-02-26,16870085,31635,14266133,30895,10273198,18304,5747663,25744,3702037,8686,1197159,2890,1368014,3761,521234,1192
2022-02-27,16884423,14338,14284567,18434,10280893,7695,5764500,16837,3707513,5476,1198604,1445,1370393,2379,521832,598
2022-02-28,16890143,5720,14293590,9023,10283337,2444,5773566,9066,3710016,2503,1199640,1036,1371266,873,522025,193
2022-03-01,16917392,27249,14318949,25359,10294100,10763,5796726,23160,3717773,7757,1202059,2419,1377002,5736,523014,989
2022-03-02,16939829,22437,14340743,21794,10307371,13271,5817118,20392,3724249,6476,1203816,1757,1381247,4245,524047,1033
2022-03-03,16960666,20837,14360920,20177,10320475,13104,5836908,19790,3731083,6834,1206558,2742,1384223,2976,525137,1090
2022-03-04,16981855,21189,14381562,20642,10333457,12982,5856442,19534,3737344,6261,1209441,2883,1386856,2633,526457,1320
2022-03-05,17005277,23422,14403267,21705,10347759,14302,5876507,20065,3743903,6559,1211769,2328,1389483,2627,527618,1161
2022-03-06,17017041,11764,14417796,14529,10354498,6739,5888223,11716,3747785,3882,1212832,1063,1391147,1664,528150,532
2022-03-07,17021406,4365,14424387,6591,10358189,3691,5893449,5226,3749625,1840,1212965,133,1392034,887,528356,206
2022-03-08,17045294,23888,14446870,22483,10372369,14180,5897130,3681,3756037,6412,1217181,4216,1394935,2901,529424,1068
2022-03-09,17067193,21899,14468674,21804,10388719,16350,5914617,17487,3762264,6227,1219465,2284,1398277,3342,530558,1134
2022-03-10,17090704,23511,14491310,22636,10404326,15607,5930975,16358,3768809,6545,1221574,2109,1401592,3315,531867,1309
2022-03-11,17114909,24205,14514103,22793,10421686,17360,5945723,14748,3775424,6615,1224162,2588,1404769,3177,533295,1428
2022-03-12,17143966,29057,14541141,27038,10439876,18190,5962859,17136,3782941,7517,1226524,2362,1409850,5081,534850,1555
2022-03-13,17163054,19088,14560832,19691,10453072,13196,5974586,11727,3788224,5283,1228045,1521,1411276,1426,535432,582
2022-03-14,17169584,6530,14569656,8824,10460185,7113,5979433,4847,3791145,2921,1230262,2217,1413058,1782,535792,360
2022-03-15,17197852,28268,14577349,7693,10475462,15277,5995350,15917,3793357,2212,1232234,1972,1415075,2017,536860,1068
2022-03-16,17222728,24876,14602472,25123,10492368,16906,6010237,14887,3801183,7826,1235496,3262,1418454,3379,538098,1238
2022-03-17,17249310,26582,14625205,22733,10508548,16180,6024151,13914,3808386,7203,1237866,2370,1422379,3925,539356,1258
2022-03-18,17275711,26401,14646824,21619,10525198,16650,6038505,14354,3815495,7109,1240154,2288,1425372,2993,540763,1407
2022-03-19,17305381,29670,14671403,24579,10543243,18045,6052731,14226,3822813,7318,1242880,2726,1428498,3126,541969,1206
2022-03-20,17323548,18167,14691758,20355,10555483,12240,6063269,10538,3828992,6179,1244298,1418,1430113,1615,542634,665
2022-03-21,17331174,7626,14702408,10650,10561241,5758,6067846,4577,3832455,3463,1246392,2094,1432090,1977,543035,401
2022-03-22,17356277,25103,14724819,22411,10575577,14336,6080341,12495,3838774,6319,1249814,3422,1435082,2992,543991,956
2022-03-23,17380393,24116,14745376,20557,10591278,15701,6092037,11696,3844641,5867,1252101,2287,1438292,3210,544921,930
2022-03-24,17399288,18895,14763092,17716,10604699,13421,6102986,10949,3850003,5362,1254558,2457,1441240,2948,546050,1129
2022-03-25,17421878,22590,14782681,19589,10619356,14657,6114560,11574,3856412,6409,1256404,1846,1443877,2637,547220,1170
2022-03-26,17447023,25145,14804353,21672,10635154,15798,6125923,11363,3862928,6516,1258586,2182,1446665,2788,548282,1062
2022-03-27,17462701,15678,14821939,17586,10645385,10231,6134517,8594,3868100,5172,1259450,864,1448769,2104,548875,593
2022-03-28,17469205,6504,14830329,8390,10650459,5074,6138216,3699,3871053,2953,1261625,2175,1450059,1290,549207,332
2022-03-29,17490380,21175,14848778,18449,10663027,12568,6147857,9641,3876458,5405,1264406,2781,1452615,2556,550063,856
2022-03-30,17508486,18106,14864933,16155,10675454,12427,6157095,9238,3881039,4581,1266212,1806,1455289,2674,550931,868
2022-03-31,17525010,16524,14879325,14392,10688756,13302,6165748,8653,3885528,4489,1268332,2120,1457523,2234,551833,902
2022-04-01,17543146,18136,14893021,13696,10701175,12419,6174757,9009,3890232,4704,1269529,1197,1459401,1878,552837,1004
2022-04-02,17561714,18568,14906291,13270,10713115,11940,6183809,9052,3894858,4626,1271085,1556,1461448,2047,553994,1157
2022-04-03,17572420,10706,14917506,11215,10719791,6676,6190581,6772,3898329,3471,1271303,218,1462650,1202,554484,490
2022-04-04,17577002,4582,14922731,5225,10723085,3294,6193405,2824,3900179,1850,1272838,1535,1463508,858,554780,296
2022-04-05,17593842,16840,14935716,12985,10734566,11481,6201340,7935,3903745,3566,1274581,1743,1465869,2361,555507,727
2022-04-06,17609625,15783,14947931,12215,10744969,10403,6208516,7176,3907371,3626,1275611,1030,1469708,3839,556247,740
2022-04-07,17625790,16165,14960244,12313,10755928,10959,6215537,7021,3910994,3623,1276722,1111,1471533,1825,557123,876
2022-04-08,17642170,16380,14971518,11274,10765741,9813,6223003,7466,3914869,3875,1278176,1454,1473486,1953,557976,853
2022-04-09,17659214,17044,14983464,11946,10777032,11291,6230398,7395,3918728,3859,1279631,1455,1475465,1979,559026,1050
2022-04-10,17664930,5716,14991169,7705,10781515,4483,6234485,4087,3921213,2485,1279775,144,1476466,1001,559521,495
2022-04-11,17667708,2778,14995449,4280,10783788,2273,6236998,2513,3922809,1596,1279797,22,1477270,804,559746,225
2022-04-12,17692590,24882,15009767,14318,10793795,10007,6244282,7284,3926314,3505,1282065,2268,1479205,1935,560607,861
2022-04-13,17711896,19306,15022243,12476,10804132,10337,6251402,7120,3929440,3126,1283375,1310,1481228,2023,561589,982
2022-04-14,17728257,16361,15035265,13022,10814059,9927,6258859,7457,3933202,3762,1284585,1210,1483034,1806,562598,1009
2022-04-15,17745356,17099,15048187,12922,10825299,11240,6266858,7999,3937485,4283,1285922,1337,1485051,2017,563815,1217
2022-04-16,17746510,1154,15049820,1633,10826000,701,6267193,335,3937661,176,1285990,68,1485572,521,563853,38
2022-04-17,17748686,2176,15051923,2103,10827836,1836,6270666,3473,3938754,1093,1286261,271,1485866,294,564154,301
2022-04-18,17749292,606,15052518,595,10828256,420,6271529,863,3939191,437,1286293,32,1485992,126,564167,13
2022-04-19,17750968,1676,15054342,1824,10828995,739,6272715,1186,3939495,304,1286867,574,1486178,186,564181,14
2022-04-20,17768316,17348,15069542,15200,10840692,11697,6281455,8740,3944044,4549,1288090,1223,1488919,2741,565722,1541
2022-04-21,17784982,16666,15085029,15487,10852434,11742,6290915,9460,3948713,4669,1289684,1594,1491301,2382,567668,1946
2022-04-22,17803734,18752,15100342,15313,10864419,11985,6299162,8247,3953319,4606,1291284,1600,1493514,2213,569888,2220
2022-04-23,17823166,19432,15115523,15181,10875959,11540,6306860,7698,3958191,4872,1292952,1668,1495423,1909,571730,1842
2022-04-24,17831584,8418,15122887,7364,10879732,3773,6311412,4552,3960211,2020,1293502,550,1496305,882,572360,630
2022-04-25,17834675,3091,15125557,2670,10881712,1980,6313460,2048,3961223,1012,1293779,277,1496863,558,572780,420
2022-04-26,17835901,1226,15127139,1582,10882350,638,6313867,407,3961371,148,1293911,132,1497164,301,572811,31
2022-04-27,17854694,18793,15142054,14915,10895137,12787,6322261,8394,3966049,4678,1295521,1610,1499176,2012,574070,1259
2022-04-28,17872168,17474,15156568,14514,10906725,11588,6329444,7183,3970977,4928,1297467,1946,1501231,2055,574908,838
2022-04-29,17890320,18152,15170481,13913,10917220,10495,6336468,7024,3975100,4123,1299062,1595,1503404,2173,575783,875
2022-04-30,17908097,17777,15184513,14032,10927793,10573,6343346,6878,3980004,4904,1300958,1896,1505258,1854,576501,718
2022-05-01,17915892,7795,15190786,6273,10930822,3029,6347318,3972,3981930,1926,1301580,622,1505969,711,576711,210
2022-05-02,17917702,1810,15193238,2452,10932435,1613,6348727,1409,3982837,907,1301768,188,1506383,414,576733,22
2022-05-03,17934743,17041,15205533,12295,10932919,484,6355455,6728,3986820,3983,1303249,1481,1507862,1479,576774,41
2022-05-04,17952240,17497,15218906,13373,10944345,11426,6361951,6496,3990905,4085,1304699,1450,1509587,1725,577459,685
2022-05-05,17971356,19116,15233588,14682,10956793,12448,6367705,5754,3996381,5476,1306061,1362,1511455,1868,578049,590
2022-05-06,17990337,18981,15248202,14614,10969506,12713,6376286,8581,4001822,5441,1307727,1666,1513361,1906,578716,667
2022-05-07,18008607,18270,15262848,14646,10981546,12040,6383572,7286,4006913,5091,1309160,1433,1515908,2547,579238,522
2022-05-08,18014475,5868,15268509,5661,10984713,3167,6386768,3196,4008810,1897,1309613,453,1516454,546,579367,129
2022-05-09,18016121,1646,15270165,1656,10985881,1168,6387962,1194,4009493,683,1309674,61,1516624,170,579377,10
2022-05-10,18034497,18376,15283780,13615,10996928,11047,6395133,7171,4014511,5018,1311189,1515,1518116,1492,579908,531
2022-05-11,18054443,19946,15299086,15306,11009884,12956,6403014,7881,4019881,5370,1313112,1923,1520150,2034,580507,599
2022-05-12,18075031,20588,15314631,15545,11022738,12854,6410652,7638,4025943,6062,1314947,1835,1521812,1662,581058,551
2022-05-13,18095741,20710,15331198,16567,11035795,13057,6418706,8054,4031461,5518,1316774,1827,1523641,1829,581684,626
2022-05-14,18114385,18644,15346169,14971,11046495,10700,6426137,7431,4036846,5385,1318335,1561,1526449,2808,582136,452
2022-05-15,18114385,0,15346169,0,11046495,0,6426137,0,4036846,0,1318335,0,1526449,0,582136,0
2022-05-16,18123067,8682,15354127,7958,11050971,4476,6430767,4630,4039690,2844,1319250,915,1527023,574,582326,190
2022-05-17,18141472,18405,15368742,14615,11061447,10476,6437834,7067,4045229,5539,1320960,1710,1529407,2384,582774,448
2022-05-18,18161275,19803,15385579,16837,11074536,13089,6445406,7572,4050399,5170,1322761,1801,1531211,1804,583263,489
2022-05-19,18182433,21158,15402618,17039,11087433,12897,6453317,7911,4056719,6320,1324664,1903,1533019,1808,583786,523
2022-05-20,18203878,21445,15419752,17134,11101148,13715,6461163,7846,4062097,5378,1326428,1764,1534985,1966,584399,613
2022-05-21,18222951,19073,15435464,15712,11113176,12028,6467913,6750,4067330,5233,1328020,1592,1536705,1720,584805,406
2022-05-22,18229057,6106,15440782,5318,11115533,2357,6470666,2753,4068951,1621,1328903,883,1537365,660,584948,143
2022-05-23,18231352,2295,15443261,2479,11116820,1287,6471939,1273,4069567,616,1329094,191,1537624,259,584966,18
2022-05-24,18248719,17367,15456758,13497,11126729,9909,6477979,6040,4074338,4771,1330625,1531,1539481,1857,585403,437
2022-05-25,18266873,18154,15472391,15633,11139433,12704,6484728,6749,4079492,5154,1332131,1506,1541554,2073,585900,497
2022-05-26,18285700,18827,15487771,15380,11151499,12066,6491547,6819,4084815,5323,1333731,1600,1543289,1735,586435,535
2022-05-27,18304506,18806,15504509,16738,11163720,12221,6498739,7192,4090019,5204,1335329,1598,1544737,1448,586988,553
2022-05-28,18323630,19124,15519529,15020,11174748,11028,6504932,6193,4095179,5160,1336985,1656,1546510,1773,587438,450
2022-05-29,18323630,0,15519529,0,11174748,0,6504932,0,4095179,0,1336985,0,1546510,0,587438,0
2022-05-30,18332442,8812,15526818,7289,11180024,5276,6508781,3849,4098075,2896,1337544,559,1547859,1349,587605,167
2022-05-31,18349186,16744,15540321,13503,11189488,9464,6515032,6251,4102674,4599,1339340,1796,1548619,760,587977,372
2022-06-01,18367371,18185,15555227,14906,11201071,11583,6521504,6472,4107645,4971,1340665,1325,1550208,1589,588502,525
2022-06-02,18386051,18680,15569715,14488,11212810,11739,6528096,6592,4112475,4830,1342151,1486,1551998,1790,588882,380
2022-06-03,18405448,19397,15584841,15126,11223430,10620,6534807,6711,4116770,4295,1343443,1292,1553964,1966,589246,364
2022-06-04,18422883,17435,15598569,13728,11233786,10356,6540636,5829,4121085,4315,1344929,1486,1555275,1311,589714,468
2022-06-05,18422883,0,15598569,0,11233786,0,6540636,0,4121085,0,1344929,0,1555275,0,589714,0
2022-06-06,18430432,7549,15604964,6395,11237870,4084,6543483,2847,4123115,2030,1345627,698,1556063,788,589849,135
2022-06-07,18446699,16267,15616932,11968,11246577,8707,6543961,478,4127358,4243,1346862,1235,1557295,1232,590187,338
2022-06-08,18463442,16743,15631015,14083,11257592,11015,6549889,5928,4132300,4942,1348449,1587,1558688,1393,590668,481
2022-06-09,18479969,16527,15643969,12954,11267253,9661,6555643,5754,4137138,4838,1349898,1449,1560074,1386,591097,429
2022-06-10,18497975,18006,15657644,13675,11277532,10279,6561629,5986,4141425,4287,1351015,1117,1561476,1402,591474,377
2022-06-11,18512690,14715,15669779,12135,11285487,7955,6566359,4730,4145281,3856,1352066,1051,1562918,1442,591899,425
2022-06-12,18517350,4660,15673493,3714,11287704,2217,6568286,1927,4146537,1256,1352427,361,1563310,392,592069,170
2022-06-13,18517350,0,15673493,0,11287704,0,6568286,0,4146537,0,1352427,0,1563310,0,592069,0
2022-06-14,18520452,3102,15675979,2486,11296409,8705,6573566,5280,4147311,774,1352752,325,1563797,487,592092,23
2022-06-15,18537273,16821,15689115,13136,11306064,9655,6578284,4718,4151224,3913,1353940,1188,1565233,1436,592515,423
2022-06-16,18553316,16043,15701794,12679,11314631,8567,6583335,5051,4155354,4130,1355468,1528,1566545,1312,592855,340
2022-06-17,18569557,16241,15714734,12940,11323645,9014,6588200,4865,4159920,4566,1356552,1084,1567792,1247,593160,305
2022-06-18,18584301,14744,15725586,10852,11331494,7849,6592161,3961,4163934,4014,1357624,1072,1569423,1631,593415,255
2022-06-19,18589066,4765,15729415,3829,11333379,1885,6593809,1648,4165287,1353,1358354,730,1569970,547,593500,85
2022-06-20,18590862,1796,15730653,1238,11334186,807,6594405,596,4165836,549,1358521,167,1570087,117,593509,9
2022-06-21,18604038,13176,15740440,9787,11341390,7204,6598416,4011,4169442,3606,1359737,1216,1571261,1174,593731,222
2022-06-22,18619720,15682,15751119,10679,11349832,8442,6602720,4304,4173291,3849,1361095,1358,1572598,1337,593992,261
2022-06-23,18633362,13642,15760949,9830,11357847,8015,6607173,4453,4177642,4351,1362414,1319,1573717,1119,594305,313
2022-06-24,18648739,15377,15771820,10871,11366241,8394,6611429,4256,4181408,3766,1363512,1098,1574981,1264,594530,225
2022-06-25,18661452,12713,15780872,9052,11373465,7224,6615289,3860,4185135,3727,1364593,1081,1576131,1150,594812,282
2022-06-26,18665146,3694,15783695,2823,11375255,1790,6616957,1668,4186509,1374,1364998,405,1576485,354,594881,69
2022-06-27,18667055,1909,15784993,1298,11375879,624,6617591,634,4186989,480,1365231,233,1576585,100,594894,13
2022-06-28,18678774,11719,15792669,7676,11382002,6123,6620964,3373,4189976,2987,1366297,1066,1577717,1132,595080,186
2022-06-29,18691343,12569,15801332,8663,11390381,8379,6624644,3680,4193288,3312,1367317,1020,1578916,1199,595350,270
2022-06-30,18703694,12351,15809437,8105,11397304,6923,6628175,3531,4196904,3616,1368484,1167,1580007,1091,595620,270
2022-07-01,18715187,11493,15817874,8437,11405343,8039,6631654,3479,4200102,3198,1369482,998,1581172,1165,595842,222
2022-07-02,18724891,9704,15824778,6904,11412093,6750,6634606,2952,4203007,2905,1370252,770,1582291,1119,595991,149
2022-07-03,18727773,2882,15827127,2349,11413486,1393,6635657,1051,4203996,989,1370557,305,1582676,385,596000,9
2022-07-04,18728715,942,15827851,724,11414215,729,6636118,461,4204384,388,1370790,233,1582805,129,596002,2
2022-07-05,18738539,9824,15834664,6813,11420953,6738,6639559,3441,4206981,2597,1371769,979,1584045,1240,596139,137
2022-07-06,18751761,13222,15842807,8143,11429548,8595,6642695,3136,4209910,2929,1372860,1091,1585405,1360,596425,286
2022-07-07,18765339,13578,15851304,8497,11438779,9231,6646137,3442,4213234,3324,1374098,1238,1586639,1234,596639,214
2022-07-08,18781678,16339,15861490,10186,11450985,12206,6650140,4003,4216872,3638,1375122,1024,1587952,1313,596857,218
2022-07-09,18801292,19614,15874485,12995,11465201,14216,6654911,4771,4221318,4446,1376512,1390,1590267,2315,597189,332
2022-07-10,18807107,5815,15879885,5400,11469119,3918,6657217,2306,4223124,1806,1377214,702,1591004,737,597255,66
2022-07-11,18809034,1927,15881824,1939,11471119,2000,6658082,865,4223864,740,1377605,391,1591217,213,597270,15
2022-07-12,18841397,32363,15904834,23010,11491986,20867,6669433,11351,4231771,7907,1380149,2544,1593785,2568,597740,470
2022-07-13,18880044,38647,15931689,26855,11518430,26444,6681614,12181,4241151,9380,1382941,2792,1596774,2989,598437,697
2022-07-14,18916908,36864,15958714,27025,11543627,25197,6693896,12282,4250973,9822,1385510,2569,1599654,2880,598977,540
2022-07-15,18953457,36549,15987312,28598,11568456,24829,6706107,12211,4260542,9569,1388089,2579,1602714,3060,599683,706
2022-07-16,18991932,38475,16016557,29245,11592571,24115,6717798,11691,4269610,9068,1390461,2372,1605659,2945,600177,494
2022-07-17,19008193,16261,16029602,13045,11599735,7164,6724108,6310,4273591,3981,1392046,1585,1607243,1584,600243,66
2022-07-18,19016565,8372,16033423,3821,11603685,3950,6726461,2353,4274986,1395,1393050,1004,1607497,254,600266,23
2022-07-19,19052634,36069,16057573,24150,11624358,20673,6736189,9728,4282335,7349,1395392,2342,1610228,2731,600768,502
2022-07-20,19087405,34771,16084905,27332,11648774,24416,6746517,10328,4290505,8170,1397956,2564,1613551,3323,601617,849
2022-07-21,19121855,34450,16110490,25585,11672294,23520,6756441,9924,4299041,8536,1400120,2164,1616436,2885,602265,648
2022-07-22,19157446,35591,16136554,26064,11694889,22595,6766338,9897,4307063,8022,1402535,2415,1619642,3206,603277,1012
2022-07-23,19192900,35454,16162824,26270,11717092,22203,6775842,9504,4314880,7817,1404887,2352,1622586,2944,603476,199
2022-07-24,19207632,14732,16173781,10957,11724417,7325,6780798,4956,4318049,3169,1406152,1265,1623914,1328,603596,120
2022-07-25,19212593,4961,16177440,3659,11727425,3008,6782632,1834,4319138,1089,1406817,665,1624210,296,603609,13
2022-07-26,19241970,29377,16198126,20686,11744796,17371,6790646,8014,4325712,6574,1408894,2077,1626672,2462,604020,411
2022-07-27,19271738,29768,16220090,21964,11764565,19769,6798576,7930,4332297,6585,1411026,2132,1629851,3179,604784,764
2022-07-28,19299277,27539,16240729,20639,11782215,17650,6806393,7817,4338753,6456,1413396,2370,1632541,2690,605343,559
2022-07-29,19327114,27837,16260899,20170,11798527,16312,6814645,8252,4344558,5805,1415183,1787,1635428,2887,605909,566
2022-07-30,19350361,23247,16279870,18971,11813821,15294,6822171,7526,4350011,5453,1416902,1719,1637724,2296,606324,415
2022-07-31,19361128,10767,16287697,7827,11818603,4782,6826161,3990,4352081,2070,1418082,1180,1638647,923,606354,30
2022-08-01,19364004,2876,16290083,2386,11820556,1953,6827505,1344,4352872,791,1418613,531,1638832,185,606363,9
2022-08-02,19382953,18949,16303759,13676,11831536,10980,6832906,5401,4357182,4310,1420120,1507,1641498,2666,606349,-14
2022-08-03,19401492,18539,16319328,15569,11843893,12357,6838207,5301,4361251,4069,1421899,1779,1643714,2216,606873,524
2022-08-04,19419381,17889,16333451,14123,11855482,11589,6843108,4901,4365240,3989,1423141,1242,1645590,1876,607263,390
2022-08-05,19437716,18335,16347264,13813,11866813,11331,6848013,4905,4369115,3875,1424481,1340,1647470,1880,607863,600
2022-08-06,19437716,0,16347264,0,11866813,0,6848013,0,4369115,0,1424481,0,1647470,0,607863,0
2022-08-07,19437716,0,16347264,0,11866813,0,6848013,0,4369115,0,1424481,0,1647470,0,607863,0
2022-08-08,19437716,0,16347264,0,11866813,0,6848013,0,4369115,0,1424481,0,1647470,0,607863,0
2022-08-09,19476426,38710,16376701,29437,11887431,20618,6859986,11973,4377043,7928,1427338,2857,1652135,4665,608563,700
2022-08-10,19489162,12736,16387355,10654,11896010,8579,6863888,3902,4379954,2911,1428591,1253,1653730,1595,609152,589
2022-08-11,19502402,13240,16396822,9467,11901893,5883,6867417,3529,4382980,3026,1429999,1408,1655052,1322,609604,452
2022-08-12,19514335,11933,16406620,9798,11909147,7254,6870831,3414,4385542,2562,1431011,1012,1656611,1559,609999,395
2022-08-13,19514335,0,16406620,0,11909147,0,6870831,0,4385542,0,1431011,0,1656611,0,609999,0
2022-08-14,19514335,0,16406620,0,11909147,0,6870831,0,4385542,0,1431011,0,1656611,0,609999,0
2022-08-15,19531979,17644,16420432,13812,11918152,9005,6876709,5878,4389453,3911,1432586,1575,1658855,2244,610468,469
2022-08-16,19541605,9626,16427840,7408,11922984,4832,6879745,3036,4391601,2148,1433410,824,1660011,1156,610671,203
2022-08-17,19551272,9667,16435917,8077,11929292,6308,6882548,2803,4393362,1761,1434243,833,1661394,1383,611131,460
2022-08-18,19560530,9258,16443472,7555,11934913,5621,6885107,2559,4395495,2133,1435009,766,1666409,5015,611439,308
2022-08-19,19569811,9281,16450538,7066,11940369,5456,6887840,2733,4397327,1832,1435792,783,1667549,1140,611679,240
2022-08-20,19569811,0,16450538,0,11940369,0,6887840,0,4397327,0,1435792,0,1667549,0,611679,0
2022-08-21,19569811,0,16450538,0,11940369,0,6887840,0,4397327,0,1435792,0,1667549,0,611679,0
2022-08-22,19582912,13101,16461042,10504,11947422,7053,6892195,4355,4400263,2936,1436922,1130,1669226,1677,612108,429
2022-08-23,19590175,7263,16466233,5191,11950926,3504,6894279,2084,4401745,1482,1437473,551,1670195,969,612284,176
2022-08-24,19597369,7194,16472189,5956,11955310,4384,6896362,2083,4403340,1595,1438065,592,1671157,962,612649,365
2022-08-25,19604140,6771,16477531,5342,11959185,3875,6898540,2178,4405032,1692,1438666,601,1672018,861,612902,253
2022-08-26,19611450,7310,16482920,5389,11962793,3608,6900576,2036,4406606,1574,1439187,521,1673010,992,613129,227
2022-08-27,19611450,0,16482920,0,11962793,0,6900576,0,4406606,0,1439187,0,1673010,0,613129,0
2022-08-28,19611450,0,16482920,0,11962793,0,6900576,0,4406606,0,1439187,0,1673010,0,613129,0
2022-08-29,19621969,10519,16491016,8096,11967523,4730,6903977,3401,4409002,2396,1440008,821,1674445,1435,613505,376
2022-08-30,19627890,5921,16495092,4076,11970469,2946,6905703,1726,4410316,1314,1440554,546,1675319,874,613711,206
2022-08-31,19633959,6069,16499549,4457,11973511,3042,6907704,2001,4411614,1298,1441164,610,1677785,2466,613973,262
2022-09-01,19639352,5393,16504069,4520,11976962,3451,6909470,1766,4413071,1457,1441591,427,1678806,1021,614153,180
2022-09-02,19645013,5661,16508317,4248,11979832,2870,6911229,1759,4414325,1254,1441988,397,1679709,903,614333,180
2022-09-03,19645013,0,16508317,0,11979832,0,6911229,0,4414325,0,1441988,0,1679709,0,614333,0
2022-09-04,19645013,0,16508317,0,11979832,0,6911229,0,4414325,0,1441988,0,1679709,0,614333,0
2022-09-05,19653666,8653,16514592,6275,11984146,4314,6914218,2989,4416408,2083,1442476,488,1680892,1183,614523,190
2022-09-06,19658422,4756,16518057,3465,11986371,2225,6915539,1321,4417539,1131,1442807,331,1681528,636,614645,122
2022-09-07,19663291,4869,16521825,3768,11989052,2681,6917175,1636,4418617,1078,1443223,416,1682360,832,614994,349
2022-09-08,19668091,4800,16525595,3770,11991498,2446,6918614,1439,4419929,1312,1443565,342,1683052,692,615148,154
2022-09-09,19673141,5050,16529356,3761,11993947,2449,6920153,1539,4421261,1332,1443861,296,1683947,895,615312,164
2022-09-16,19693764,20623,16544447,15091,12003329,9382,6926356,6203,4426357,5096,1445210,1349,1687284,3337,615921,609
2022-09-23,19713255,19491,16557813,13366,12012160,8831,6931959,5603,4430902,4545,1446588,1378,1692074,4790,616448,527
2022-09-30,19733928,20673,16570721,12908,12022981,10821,6937389,5430,4436086,5184,1447896,1308,1695551,3477,616941,493
2022-10-07,19772821,38893,16602135,31414,12040539,17558,6950907,13518,4442577,6491,1449766,1870,1874430,178879,618601,1660
2022-10-14,19789744,16923,16615411,13276,12049395,8856,6956399,5492,4447149,4572,1450807,1041,1879073,4643,619219,618
2022-10-21,19806526,16782,16627915,12504,12059809,10414,6961839,5440,4452489,5340,1452012,1205,1885425,6352,619620,401
2022-10-28,19821253,14727,16639907,11992,12066626,6817,6966964,5125,4456916,4427,1452921,909,1889839,4414,620065,445
2022-11-04,19836605,15352,16652488,12581,12074769,8143,6972117,5153,4461234,4318,1454098,1177,1894318,4479,620538,473
2022-11-11,19859293,22688,16671738,19250,12086493,11724,6978617,6500,4466881,5647,1455852,1754,1900651,6333,621032,494
2022-11-18,19893730,34437,16699021,27283,12111224,24731,6989127,10510,4474810,7929,1458277,2425,1907154,6503,621733,701
2022-11-25,19922118,28388,16722480,23459,12128120,16896,6997365,8238,4481310,6500,1460117,1840,1914737,7583,622322,589
2022-12-02,19944209,22091,16741113,18633,12139811,11691,7004038,6673,4485970,4660,1461843,1726,1919882,5145,622889,567
2022-12-09,19963810,19601,16756938,15825,12149636,9825,7010045,6007,4489780,3810,1463419,1576,1925407,5525,623522,633
2022-12-16,19982586,18776,16772918,15980,12159452,9816,7016645,6600,4493274,3494,1464815,1396,1930494,5087,624068,546
2022-12-23,20000103,17517,16786487,13569,12167736,8284,7021797,5152,4496023,2749,1465958,1143,1935444,4950,624500,432
2022-12-30,20000103,0,16786487,0,12167736,0,7021797,0,4496023,0,1465958,0,1935444,0,624500,0
2023-01-06,20015383,15280,16799543,13056,12175475,7739,7026840,5043,4498728,2705,1466816,858,1941889,6445,624810,310
2023-01-13,20026750,11367,16808506,8963,12181563,6088,7030402,3562,4500806,2078,1467422,606,1947076,5187,625086,276
2023-01-20,20037409,10659,16816843,8337,12187274,5711,7033452,3050,4502809,2003,1468083,661,1951877,4801,625306,220
2023-01-27,20045480,8071,16823139,6296,12191660,4386,7035644,2192,4504277,1468,1468557,474,1955411,3534,625528,222
2023-02-03,20054707,9227,16830239,7100,12196198,4538,7037938,2294,4506360,2083,1469087,530,1959853,4442,625726,198
2023-02-10,20063172,8465,16836849,6610,12200306,4108,7040020,2082,4507894,1534,1469691,604,1965051,5198,625949,223
2023-02-17,20075742,12570,16847961,11112,12206631,6325,7043784,3764,4510515,2621,1470438,747,1969576,4525,626158,209
2023-02-24,20108902,33160,16875371,27410,12225655,19024,7053259,9475,4522205,11690,1473924,3486,1976903,7327,626571,413
2023-03-03,20153351,44449,16909328,33957,12250862,25207,7064356,11097,4536500,14295,1478914,4990,1985851,8948,627019,448
2023-03-10,20197377,44026,16945022,35694,12276187,25325,7073119,8763,4549538,13038,1483486,4572,1993478,7627,627528,509
2023-03-17,20249701,52324,16980781,35759,12305215,29028,7085501,12382,4562669,13131,1487733,4247,2000806,7328,628086,558
2023-03-24,20308679,58978,17031913,51132,12339196,33981,7098999,13498,4580754,18085,1493937,6204,2010213,9407,628669,583
2023-03-31,20362449,53770,17078076,46163,12370044,30848,7111397,12398,4596345,15591,1498973,5036,2018068,7855,629298,629
2023-04-07,20408705,46256,17127198,49122,12396782,26738,7123578,12181,4610882,14537,1503264,4291,2024653,6585,629827,529
2023-04-14,20462758,54053,17164837,37639,12428778,31996,7140589,17011,4624227,13345,1508286,5022,2031971,7318,630307,480
2023-04-21,20544452,81694,17231500,66663,12479053,50275,7164886,24297,4643628,19401,1517332,9046,2041994,10023,631155,848
2023-04-28,20610802,66350,17287027,55527,12519564,40511,7185372,20486,4657805,14177,1524557,7225,2050041,8047,631982,827
2023-05-05,20695015,84213,17355613,68586,12561186,41622,7213703,28331,4675940,18135,1534474,9917,2062901,12860,632838,856
2023-05-12,20769532,74517,17419111,63498,12606890,45704,7242591,28888,4692682,16742,1543150,8676,2071864,8963,633993,1155
2023-05-19,20833530,63998,17476725,57614,12646452,39562,7268462,25871,4706429,13747,1550521,7371,2080435,8571,635009,1016
2023-05-26,20894089,60559,17532009,55284,12682526,36074,7292615,24153,4720612,14183,1557422,6901,2091216,10781,635901,892
2023-06-02,20952763,58674,17585354,53345,12715251,32725,7316245,23630,4733681,13069,1563766,6344,2098525,7309,636779,878
2023-06-09,21004533,51770,17632394,47040,12745686,30435,7331913,15668,4745759,12078,1569605,5839,2107930,9405,637644,865
2023-06-16,21042492,37959,17668111,35717,12772098,26412,7349319,17406,4754527,8768,1573747,4142,2114282,6352,638243,599
2023-06-23,21081928,39436,17705339,37228,12794191,22093,7363294,13975,4763415,8888,1578475,4728,2121459,7177,639008,765
2023-06-30,21113749,31821,17735197,29858,12813416,19225,7374625,11331,4771293,7878,1582108,3633,2126893,5434,639620,612
2023-07-07,21140135,26386,17759736,24539,12828704,15288,7383690,9065,4778102,6809,1585078,2970,2131776,4883,640102,482
2023-07-14,21161635,21500,17779858,20122,12841581,12877,7390456,6766,4783482,5380,1587514,2436,2136242,4466,640605,503
2023-07-21,21180180,18545,17796438,16580,12853125,11544,7395926,5470,4788287,4805,1589465,1951,2140571,4329,640981,376
2023-07-28,21195308,15128,17809394,12956,12863642,10517,7400180,4254,4792119,3832,1590902,1437,2144404,3833,641348,367
2023-08-04,21208000,12692,17820155,10761,12872167,8525,7403465,3285,4795294,3175,1591994,1092,2147857,3453,641639,291
2023-08-11,21219002,11002,17828859,8704,12879916,7749,7406495,3030,4797945,2651,1592964,970,2151447,3590,641858,219
2023-08-18,21228863,9861,17836929,8070,12886201,6285,7409349,2854,4800452,2507,1593797,833,2157681,6234,642147,289
2023-08-25,21239294,10431,17844699,7770,12892007,5806,7412034,2685,4803098,2646,1594811,1014,2160954,3273,642342,195
2023-09-01,21250134,10840,17852316,7617,12897708,5701,7414916,2882,4805511,2413,1595681,870,2164236,3282,642569,227
